<?xml version="1.0" encoding="utf-8"?>
<gpx xmlns="http://www.topografix.com/GPX/1/1" xmlns:xsd="http://www.w3.org/2001/XMLSchema" xmlns:xsi="http://www.w3.org/2001/XMLSchema-instance" xmlns:mytracks="http://mytracks.stichling.info/myTracksGPX/1/0" creator="myTracks" version="1.1" xsi:schemaLocation="http://www.topografix.com/GPX/1/1 http://www.topografix.com/GPX/1/1/gpx.xsd"><trk><name>2026-08-02 13:16:54</name><extensions><mytracks:color red="0.000000" green="0.000000" blue="1.000000" alpha="1.000000"/><mytracks:area showArea="no" areaDistance="0.000000"/><mytracks:directionArrows showDirectionArrows="yes"/><mytracks:sync syncPhotosOniPhone="no"/><mytracks:timezone offset="600"/></extensions><trkseg><trkpt lat="-33.9580959323402" lon="150.953422037905"><ele>19.82577426691975</ele><time>2026-08-02T03:16:54.14300Z</time><extensions><mytracks:speed>0</mytracks:speed><mytracks:gradient>0</mytracks:gradient><mytracks:length>0</mytracks:length></extensions></trkpt><trkpt lat="-33.95811202015989" lon="150.953618057211"><ele>19.5289350273777</ele><time>2026-08-02T03:17:24.78400Z</time><extensions><mytracks:speed>2.134491953775559</mytracks:speed><mytracks:gradient>0</mytracks:gradient><mytracks:length>0.01816740163598351</mytracks:length></extensions></trkpt><trkpt lat="-33.95809249331158" lon="150.953636443935"><ele>19.44755142472884</ele><time>2026-08-02T03:17:25.78400Z</time><extensions><mytracks:speed>9.910943831124749</mytracks:speed><mytracks:gradient>0</mytracks:gradient><mytracks:length>0.002753123641014121</mytracks:length></extensions></trkpt><trkpt lat="-33.95806294079583" lon="150.953647550954"><ele>19.55568729485384</ele><time>2026-08-02T03:17:27.51700Z</time><extensions><mytracks:speed>7.150892641998912</mytracks:speed><mytracks:gradient>0</mytracks:gradient><mytracks:length>0.003442631944001668</mytracks:length></extensions></trkpt><trkpt lat="-33.95805011310599" lon="150.9536537883904"><ele>19.65713049021673</ele><time>2026-08-02T03:17:28.53400Z</time><extensions><mytracks:speed>5.450775299926539</mytracks:speed><mytracks:gradient>0</mytracks:gradient><mytracks:length>0.001539591809659981</mytracks:length></extensions></trkpt><trkpt lat="-33.95803873774566" lon="150.9536610394319"><ele>19.70464381618623</ele><time>2026-08-02T03:17:30.16900Z</time><extensions><mytracks:speed>3.141121563753887</mytracks:speed><mytracks:gradient>0</mytracks:gradient><mytracks:length>0.001427190471092075</mytracks:length></extensions></trkpt><trkpt lat="-33.95797984797367" lon="150.9536956476328"><ele>19.8384280577302</ele><time>2026-08-02T03:17:38.00000Z</time><extensions><mytracks:speed>3.348558969849908</mytracks:speed><mytracks:gradient>0</mytracks:gradient><mytracks:length>0.007284080482736369</mytracks:length></extensions></trkpt><trkpt lat="-33.95796607636242" lon="150.9537117726877"><ele>19.85785428900272</ele><time>2026-08-02T03:17:39.50000Z</time><extensions><mytracks:speed>5.120057190574527</mytracks:speed><mytracks:gradient>0</mytracks:gradient><mytracks:length>0.002133405482777814</mytracks:length></extensions></trkpt><trkpt lat="-33.95795618003284" lon="150.9537242547583"><ele>19.88669972098432</ele><time>2026-08-02T03:17:40.50000Z</time><extensions><mytracks:speed>5.73911511881686</mytracks:speed><mytracks:gradient>0</mytracks:gradient><mytracks:length>0.00159423475234047</mytracks:length></extensions></trkpt><trkpt lat="-33.95794717230405" lon="150.953737713325"><ele>19.88675147853792</ele><time>2026-08-02T03:17:41.50000Z</time><extensions><mytracks:speed>5.749329139456352</mytracks:speed><mytracks:gradient>0</mytracks:gradient><mytracks:length>0.001597058908234124</mytracks:length></extensions></trkpt><trkpt lat="-33.9579382024558" lon="150.9537507720553"><ele>19.92237043823116</ele><time>2026-08-02T03:17:42.50000Z</time><extensions><mytracks:speed>5.626124319442479</mytracks:speed><mytracks:gradient>0</mytracks:gradient><mytracks:length>0.00156283224524299</mytracks:length></extensions></trkpt><trkpt lat="-33.95793099008579" lon="150.9537621824897"><ele>20.07709557376802</ele><time>2026-08-02T03:17:43.50000Z</time><extensions><mytracks:speed>4.74795104861852</mytracks:speed><mytracks:gradient>0</mytracks:gradient><mytracks:length>0.001318883309614433</mytracks:length></extensions></trkpt><trkpt lat="-33.95792022718073" lon="150.953774810215"><ele>20.14543408192694</ele><time>2026-08-02T03:17:45.00000Z</time><extensions><mytracks:speed>3.998661382104578</mytracks:speed><mytracks:gradient>0</mytracks:gradient><mytracks:length>0.001666107717516284</mytracks:length></extensions></trkpt><trkpt lat="-33.9579111008677" lon="150.9537800795344"><ele>20.16967566423118</ele><time>2026-08-02T03:17:46.00000Z</time><extensions><mytracks:speed>4.0582610701892</mytracks:speed><mytracks:gradient>0</mytracks:gradient><mytracks:length>0.001127294204183201</mytracks:length></extensions></trkpt><trkpt lat="-33.95790151741576" lon="150.9537816010558"><ele>20.23672436457127</ele><time>2026-08-02T03:17:47.00000Z</time><extensions><mytracks:speed>3.881731927343796</mytracks:speed><mytracks:gradient>0</mytracks:gradient><mytracks:length>0.001078257711860346</mytracks:length></extensions></trkpt><trkpt lat="-33.95789085750285" lon="150.9537812535835"><ele>20.18142354805023</ele><time>2026-08-02T03:17:48.00000Z</time><extensions><mytracks:speed>4.282334761911188</mytracks:speed><mytracks:gradient>0</mytracks:gradient><mytracks:length>0.001189535874021183</mytracks:length></extensions></trkpt><trkpt lat="-33.95787820248128" lon="150.9537784511594"><ele>20.16508160997183</ele><time>2026-08-02T03:17:49.00000Z</time><extensions><mytracks:speed>5.16057762574055</mytracks:speed><mytracks:gradient>0</mytracks:gradient><mytracks:length>0.001433491563412847</mytracks:length></extensions></trkpt><trkpt lat="-33.95786510962875" lon="150.953773653474"><ele>20.17004865277559</ele><time>2026-08-02T03:17:50.00000Z</time><extensions><mytracks:speed>5.478953424555274</mytracks:speed><mytracks:gradient>0</mytracks:gradient><mytracks:length>0.001521928603966931</mytracks:length></extensions></trkpt><trkpt lat="-33.95785389410634" lon="150.9537656094112"><ele>20.1162918690592</ele><time>2026-08-02T03:17:51.00000Z</time><extensions><mytracks:speed>5.239203755251886</mytracks:speed><mytracks:gradient>0</mytracks:gradient><mytracks:length>0.001455330559692562</mytracks:length></extensions></trkpt><trkpt lat="-33.95784183174261" lon="150.9537577776912"><ele>20.02194299381226</ele><time>2026-08-02T03:17:52.00000Z</time><extensions><mytracks:speed>5.478957343418424</mytracks:speed><mytracks:gradient>0</mytracks:gradient><mytracks:length>0.001521928603966931</mytracks:length></extensions></trkpt><trkpt lat="-33.95782841391991" lon="150.9537492544368"><ele>20.70069925361773</ele><time>2026-08-02T03:17:53.06100Z</time><extensions><mytracks:speed>5.72957353000088</mytracks:speed><mytracks:gradient>0</mytracks:gradient><mytracks:length>0.001687606770775252</mytracks:length></extensions></trkpt><trkpt lat="-33.95781639651439" lon="150.9537400240721"><ele>21.29917948943043</ele><time>2026-08-02T03:17:54.09900Z</time><extensions><mytracks:speed>5.499611724883211</mytracks:speed><mytracks:gradient>0</mytracks:gradient><mytracks:length>0.001585732106369294</mytracks:length></extensions></trkpt><trkpt lat="-33.95780667443206" lon="150.9537312588302"><ele>21.78224946717781</ele><time>2026-08-02T03:17:55.10500Z</time><extensions><mytracks:speed>4.840173047803351</mytracks:speed><mytracks:gradient>0</mytracks:gradient><mytracks:length>0.001352619788550522</mytracks:length></extensions></trkpt><trkpt lat="-33.95779889839595" lon="150.9537252175303"><ele>22.19344100658589</ele><time>2026-08-02T03:17:56.07200Z</time><extensions><mytracks:speed>3.822436675058858</mytracks:speed><mytracks:gradient>0</mytracks:gradient><mytracks:length>0.001026882254003633</mytracks:length></extensions></trkpt><trkpt lat="-33.95778387360171" lon="150.9537115328489"><ele>22.41991142224963</ele><time>2026-08-02T03:17:57.99500Z</time><extensions><mytracks:speed>3.918475477531639</mytracks:speed><mytracks:gradient>0</mytracks:gradient><mytracks:length>0.00209288734736212</mytracks:length></extensions></trkpt><trkpt lat="-33.95777621148048" lon="150.9537038118406"><ele>22.32347398691926</ele><time>2026-08-02T03:17:58.98600Z</time><extensions><mytracks:speed>4.034458413995677</mytracks:speed><mytracks:gradient>0</mytracks:gradient><mytracks:length>0.001111189173626823</mytracks:length></extensions></trkpt><trkpt lat="-33.95776785808349" lon="150.9536950186383"><ele>22.38342855600289</ele><time>2026-08-02T03:17:59.98700Z</time><extensions><mytracks:speed>4.427488411250335</mytracks:speed><mytracks:gradient>0</mytracks:gradient><mytracks:length>0.001230502098487512</mytracks:length></extensions></trkpt><trkpt lat="-33.95775717240658" lon="150.9536856265868"><ele>22.58581805614823</ele><time>2026-08-02T03:18:00.98500Z</time><extensions><mytracks:speed>5.302592989343681</mytracks:speed><mytracks:gradient>0</mytracks:gradient><mytracks:length>0.001470731311958284</mytracks:length></extensions></trkpt><trkpt lat="-33.95774651922099" lon="150.9536751410615"><ele>22.83689717338208</ele><time>2026-08-02T03:18:01.99000Z</time><extensions><mytracks:speed>5.473115927757646</mytracks:speed><mytracks:gradient>0</mytracks:gradient><mytracks:length>0.001527839028553898</mytracks:length></extensions></trkpt><trkpt lat="-33.95773837950607" lon="150.9536632392832"><ele>22.98619145797782</ele><time>2026-08-02T03:18:02.99800Z</time><extensions><mytracks:speed>5.077569944339695</mytracks:speed><mytracks:gradient>0</mytracks:gradient><mytracks:length>0.00142086143560033</mytracks:length></extensions></trkpt><trkpt lat="-33.95773141790967" lon="150.9536522450052"><ele>23.33329969321915</ele><time>2026-08-02T03:18:04.00000Z</time><extensions><mytracks:speed>4.585416404788417</mytracks:speed><mytracks:gradient>0</mytracks:gradient><mytracks:length>0.001277223807631534</mytracks:length></extensions></trkpt><trkpt lat="-33.95772411482142" lon="150.9536408317892"><ele>23.59898585928915</ele><time>2026-08-02T03:18:05.00300Z</time><extensions><mytracks:speed>4.774028394890813</mytracks:speed><mytracks:gradient>0</mytracks:gradient><mytracks:length>0.00132909417152405</mytracks:length></extensions></trkpt><trkpt lat="-33.95771654769827" lon="150.953627928379"><ele>23.73998482943546</ele><time>2026-08-02T03:18:06.00200Z</time><extensions><mytracks:speed>5.253267461566729</mytracks:speed><mytracks:gradient>0</mytracks:gradient><mytracks:length>0.001458423720588416</mytracks:length></extensions></trkpt><trkpt lat="-33.95770895417299" lon="150.9536165968965"><ele>23.89843347556788</ele><time>2026-08-02T03:18:07.00000Z</time><extensions><mytracks:speed>4.844564015295196</mytracks:speed><mytracks:gradient>0</mytracks:gradient><mytracks:length>0.001342587859314532</mytracks:length></extensions></trkpt><trkpt lat="-33.95770132120596" lon="150.9536050127346"><ele>24.07744046328901</ele><time>2026-08-02T03:18:07.99900Z</time><extensions><mytracks:speed>4.910745651371761</mytracks:speed><mytracks:gradient>0</mytracks:gradient><mytracks:length>0.001362577860079247</mytracks:length></extensions></trkpt><trkpt lat="-33.95769325186407" lon="150.953592548794"><ele>23.99971319713986</ele><time>2026-08-02T03:18:08.99700Z</time><extensions><mytracks:speed>5.245362310865397</mytracks:speed><mytracks:gradient>0</mytracks:gradient><mytracks:length>0.001455330559692562</mytracks:length></extensions></trkpt><trkpt lat="-33.95768671120889" lon="150.9535804077716"><ele>23.91487063118657</ele><time>2026-08-02T03:18:09.99600Z</time><extensions><mytracks:speed>4.815695454020773</mytracks:speed><mytracks:gradient>0</mytracks:gradient><mytracks:length>0.001335858053229829</mytracks:length></extensions></trkpt><trkpt lat="-33.95768068781921" lon="150.9535694351295"><ele>23.93955609968329</ele><time>2026-08-02T03:18:10.99500Z</time><extensions><mytracks:speed>4.366373463906127</mytracks:speed><mytracks:gradient>0</mytracks:gradient><mytracks:length>0.001212052746534862</mytracks:length></extensions></trkpt><trkpt lat="-33.95767517168921" lon="150.9535575563056"><ele>23.96303574226964</ele><time>2026-08-02T03:18:11.99400Z</time><extensions><mytracks:speed>4.513195028003418</mytracks:speed><mytracks:gradient>0</mytracks:gradient><mytracks:length>0.001252282587590172</mytracks:length></extensions></trkpt><trkpt lat="-33.95766907893843" lon="150.9535455595143"><ele>23.98195474275398</ele><time>2026-08-02T03:18:12.99500Z</time><extensions><mytracks:speed>4.668131418422973</mytracks:speed><mytracks:gradient>0</mytracks:gradient><mytracks:length>0.001298220674454138</mytracks:length></extensions></trkpt><trkpt lat="-33.95766223489154" lon="150.9535354909184"><ele>24.05813464072055</ele><time>2026-08-02T03:18:13.99800Z</time><extensions><mytracks:speed>4.311052625036258</mytracks:speed><mytracks:gradient>0</mytracks:gradient><mytracks:length>0.001200847087677287</mytracks:length></extensions></trkpt><trkpt lat="-33.95765229353029" lon="150.953525596922"><ele>24.00924589114109</ele><time>2026-08-02T03:18:15.00100Z</time><extensions><mytracks:speed>5.148047180852146</mytracks:speed><mytracks:gradient>0</mytracks:gradient><mytracks:length>0.001433491563412847</mytracks:length></extensions></trkpt><trkpt lat="-33.95764127888135" lon="150.9535156429812"><ele>24.0139948917612</ele><time>2026-08-02T03:18:16.00200Z</time><extensions><mytracks:speed>5.514386819979769</mytracks:speed><mytracks:gradient>0</mytracks:gradient><mytracks:length>0.001533726676684052</mytracks:length></extensions></trkpt><trkpt lat="-33.95763135050178" lon="150.9535063483232"><ele>24.06342005200106</ele><time>2026-08-02T03:18:17.00300Z</time><extensions><mytracks:speed>5.031343517610541</mytracks:speed><mytracks:gradient>0</mytracks:gradient><mytracks:length>0.001398484266474591</mytracks:length></extensions></trkpt><trkpt lat="-33.95762178018465" lon="150.9534970081416"><ele>24.09617581758427</ele><time>2026-08-02T03:18:18.00400Z</time><extensions><mytracks:speed>4.924010204007591</mytracks:speed><mytracks:gradient>0</mytracks:gradient><mytracks:length>0.001369176338671513</mytracks:length></extensions></trkpt><trkpt lat="-33.95761257254929" lon="150.9534870015389"><ele>24.13322972924688</ele><time>2026-08-02T03:18:19.00300Z</time><extensions><mytracks:speed>4.95355704106691</mytracks:speed><mytracks:gradient>0</mytracks:gradient><mytracks:length>0.00137574316933711</mytracks:length></extensions></trkpt><trkpt lat="-33.95760442634251" lon="150.9534783408243"><ele>24.38934335935113</ele><time>2026-08-02T03:18:20.00200Z</time><extensions><mytracks:speed>4.342197772268508</mytracks:speed><mytracks:gradient>0</mytracks:gradient><mytracks:length>0.001204593889567316</mytracks:length></extensions></trkpt><trkpt lat="-33.9575972825474" lon="150.95347022587"><ele>24.65091931199643</ele><time>2026-08-02T03:18:21.00100Z</time><extensions><mytracks:speed>3.945506379342905</mytracks:speed><mytracks:gradient>0</mytracks:gradient><mytracks:length>0.001094847266236659</mytracks:length></extensions></trkpt><trkpt lat="-33.95758951098771" lon="150.9534634070921"><ele>24.86963978913532</ele><time>2026-08-02T03:18:22.00200Z</time><extensions><mytracks:speed>3.848825598028863</mytracks:speed><mytracks:gradient>0</mytracks:gradient><mytracks:length>0.001069866473718343</mytracks:length></extensions></trkpt><trkpt lat="-33.95758016839146" lon="150.9534570796655"><ele>25.15342657378892</ele><time>2026-08-02T03:18:23.00400Z</time><extensions><mytracks:speed>4.274205788835586</mytracks:speed><mytracks:gradient>0</mytracks:gradient><mytracks:length>0.001189535874021183</mytracks:length></extensions></trkpt><trkpt lat="-33.95757156132042" lon="150.9534508606453"><ele>25.58058198557464</ele><time>2026-08-02T03:18:24.00500Z</time><extensions><mytracks:speed>4.008854103872452</mytracks:speed><mytracks:gradient>0</mytracks:gradient><mytracks:length>0.001115237235024618</mytracks:length></extensions></trkpt><trkpt lat="-33.95756295309931" lon="150.9534433871418"><ele>25.80207310062005</ele><time>2026-08-02T03:18:25.00500Z</time><extensions><mytracks:speed>4.242479663626467</mytracks:speed><mytracks:gradient>0</mytracks:gradient><mytracks:length>0.001178116065243004</mytracks:length></extensions></trkpt><trkpt lat="-33.95755458928184" lon="150.9534347170313"><ele>25.88477821405748</ele><time>2026-08-02T03:18:26.00200Z</time><extensions><mytracks:speed>4.427791893811321</mytracks:speed><mytracks:gradient>0</mytracks:gradient><mytracks:length>0.001226834423865861</mytracks:length></extensions></trkpt><trkpt lat="-33.95754557014276" lon="150.9534243388735"><ele>25.9517783568856</ele><time>2026-08-02T03:18:27.00000Z</time><extensions><mytracks:speed>5.000235748813357</mytracks:speed><mytracks:gradient>0</mytracks:gradient><mytracks:length>0.00138553505923791</mytracks:length></extensions></trkpt><trkpt lat="-33.95753654118237" lon="150.9534127574252"><ele>25.93645782264208</ele><time>2026-08-02T03:18:27.99800Z</time><extensions><mytracks:speed>5.280013890017404</mytracks:speed><mytracks:gradient>0</mytracks:gradient><mytracks:length>0.001464590444586727</mytracks:length></extensions></trkpt><trkpt lat="-33.95752826773393" lon="150.9534002016353"><ele>25.79698102600185</ele><time>2026-08-02T03:18:29.00000Z</time><extensions><mytracks:speed>5.309127836483478</mytracks:speed><mytracks:gradient>0</mytracks:gradient><mytracks:length>0.001476846645245986</mytracks:length></extensions></trkpt><trkpt lat="-33.95752093619031" lon="150.9533885798529"><ele>25.7935419781691</ele><time>2026-08-02T03:18:30.00200Z</time><extensions><mytracks:speed>4.824036389736455</mytracks:speed><mytracks:gradient>0</mytracks:gradient><mytracks:length>0.001342587859314532</mytracks:length></extensions></trkpt><trkpt lat="-33.95751292799608" lon="150.9533804777265"><ele>25.82391503772885</ele><time>2026-08-02T03:18:31.00300Z</time><extensions><mytracks:speed>4.180461786658007</mytracks:speed><mytracks:gradient>0</mytracks:gradient><mytracks:length>0.001162715192978952</mytracks:length></extensions></trkpt><trkpt lat="-33.95750605489162" lon="150.9533753632645"><ele>25.77976371516239</ele><time>2026-08-02T03:18:32.00300Z</time><extensions><mytracks:speed>3.260018075017018</mytracks:speed><mytracks:gradient>0</mytracks:gradient><mytracks:length>0.0009056250232796916</mytracks:length></extensions></trkpt><trkpt lat="-33.95749938797667" lon="150.9533751560971"><ele>25.71623375043234</ele><time>2026-08-02T03:18:33.00300Z</time><extensions><mytracks:speed>2.670127446076938</mytracks:speed><mytracks:gradient>0</mytracks:gradient><mytracks:length>0.0007414683801710803</mytracks:length></extensions></trkpt><trkpt lat="-33.95748989567669" lon="150.9533804243854"><ele>25.82702423583149</ele><time>2026-08-02T03:18:34.00300Z</time><extensions><mytracks:speed>4.1699207618105</mytracks:speed><mytracks:gradient>0</mytracks:gradient><mytracks:length>0.001158832994518273</mytracks:length></extensions></trkpt><trkpt lat="-33.95748040759784" lon="150.9533878494019"><ele>25.85649746561208</ele><time>2026-08-02T03:18:35.00400Z</time><extensions><mytracks:speed>4.531763635672733</mytracks:speed><mytracks:gradient>0</mytracks:gradient><mytracks:length>0.001259459050855296</mytracks:length></extensions></trkpt><trkpt lat="-33.95747127926834" lon="150.9533968918671"><ele>25.95385281258024</ele><time>2026-08-02T03:18:36.00400Z</time><extensions><mytracks:speed>4.732424130763765</mytracks:speed><mytracks:gradient>0</mytracks:gradient><mytracks:length>0.001315462076070468</mytracks:length></extensions></trkpt><trkpt lat="-33.95746133057893" lon="150.9534062434495"><ele>26.13708186354729</ele><time>2026-08-02T03:18:37.00400Z</time><extensions><mytracks:speed>5.035485193313442</mytracks:speed><mytracks:gradient>0</mytracks:gradient><mytracks:length>0.001398484266474591</mytracks:length></extensions></trkpt><trkpt lat="-33.95745166286616" lon="150.9534146773491"><ele>26.23229165855084</ele><time>2026-08-02T03:18:38.00400Z</time><extensions><mytracks:speed>4.785011677215311</mytracks:speed><mytracks:gradient>0</mytracks:gradient><mytracks:length>0.00132909417152405</mytracks:length></extensions></trkpt><trkpt lat="-33.95744310874273" lon="150.9534211322476"><ele>26.17809729947138</ele><time>2026-08-02T03:18:39.00400Z</time><extensions><mytracks:speed>4.030234351341514</mytracks:speed><mytracks:gradient>0</mytracks:gradient><mytracks:length>0.001119270655911808</mytracks:length></extensions></trkpt><trkpt lat="-33.95743275369782" lon="150.9534296825213"><ele>26.11820262638291</ele><time>2026-08-02T03:18:40.00400Z</time><extensions><mytracks:speed>5.025322299682905</mytracks:speed><mytracks:gradient>0</mytracks:gradient><mytracks:length>0.001395258231574743</mytracks:length></extensions></trkpt><trkpt lat="-33.9574238444556" lon="150.9534376248022"><ele>26.08090104428321</ele><time>2026-08-02T03:18:41.00300Z</time><extensions><mytracks:speed>4.443779798053753</mytracks:speed><mytracks:gradient>0</mytracks:gradient><mytracks:length>0.001234158873558046</mytracks:length></extensions></trkpt><trkpt lat="-33.95741356196947" lon="150.9534448154075"><ele>26.03078868078498</ele><time>2026-08-02T03:18:42.00300Z</time><extensions><mytracks:speed>4.751743421416888</mytracks:speed><mytracks:gradient>0</mytracks:gradient><mytracks:length>0.001318883309614433</mytracks:length></extensions></trkpt><trkpt lat="-33.95740296246242" lon="150.9534511710061"><ele>26.14799254833986</ele><time>2026-08-02T03:18:43.00200Z</time><extensions><mytracks:speed>4.738341448173832</mytracks:speed><mytracks:gradient>0</mytracks:gradient><mytracks:length>0.001315462076070468</mytracks:length></extensions></trkpt><trkpt lat="-33.95739252188064" lon="150.9534558483834"><ele>26.44042619122786</ele><time>2026-08-02T03:18:44.00200Z</time><extensions><mytracks:speed>4.455944461725538</mytracks:speed><mytracks:gradient>0</mytracks:gradient><mytracks:length>0.001237804845677201</mytracks:length></extensions></trkpt><trkpt lat="-33.95738279137738" lon="150.9534563991164"><ele>26.65637139511195</ele><time>2026-08-02T03:18:45.00200Z</time><extensions><mytracks:speed>3.896309888378876</mytracks:speed><mytracks:gradient>0</mytracks:gradient><mytracks:length>0.001082428937153014</mytracks:length></extensions></trkpt><trkpt lat="-33.95737086274845" lon="150.9534556568281"><ele>26.85780542709178</ele><time>2026-08-02T03:18:46.00300Z</time><extensions><mytracks:speed>4.793870355447097</mytracks:speed><mytracks:gradient>0</mytracks:gradient><mytracks:length>0.001332480404200788</mytracks:length></extensions></trkpt><trkpt lat="-33.95736008841585" lon="150.9534551412903"><ele>27.09099120900012</ele><time>2026-08-02T03:18:47.00300Z</time><extensions><mytracks:speed>4.308641530834681</mytracks:speed><mytracks:gradient>0</mytracks:gradient><mytracks:length>0.001197088558621761</mytracks:length></extensions></trkpt><trkpt lat="-33.95734923853112" lon="150.9534545563436"><ele>27.34292972440705</ele><time>2026-08-02T03:18:48.00300Z</time><extensions><mytracks:speed>4.338236866915181</mytracks:speed><mytracks:gradient>0</mytracks:gradient><mytracks:length>0.001204593889567316</mytracks:length></extensions></trkpt><trkpt lat="-33.9573373243708" lon="150.9534551164227"><ele>27.40975824463091</ele><time>2026-08-02T03:18:49.00200Z</time><extensions><mytracks:speed>4.775637777345307</mytracks:speed><mytracks:gradient>0</mytracks:gradient><mytracks:length>0.001325699289424003</mytracks:length></extensions></trkpt><trkpt lat="-33.9573264536653" lon="150.9534573695618"><ele>27.54527899403018</ele><time>2026-08-02T03:18:50.00200Z</time><extensions><mytracks:speed>4.417943221973545</mytracks:speed><mytracks:gradient>0</mytracks:gradient><mytracks:length>0.001226834423865861</mytracks:length></extensions></trkpt><trkpt lat="-33.95731594458874" lon="150.953459220379"><ele>27.61730428192937</ele><time>2026-08-02T03:18:51.00100Z</time><extensions><mytracks:speed>4.255924624203871</mytracks:speed><mytracks:gradient>0</mytracks:gradient><mytracks:length>0.001181934927981888</mytracks:length></extensions></trkpt><trkpt lat="-33.95730465989735" lon="150.9534613870408"><ele>27.56880718871119</ele><time>2026-08-02T03:18:52.00200Z</time><extensions><mytracks:speed>4.571501810864679</mytracks:speed><mytracks:gradient>0</mytracks:gradient><mytracks:length>0.001270147721007681</mytracks:length></extensions></trkpt><trkpt lat="-33.95729360427835" lon="150.9534633639677"><ele>27.52419428024712</ele><time>2026-08-02T03:18:53.00200Z</time><extensions><mytracks:speed>4.467940195829201</mytracks:speed><mytracks:gradient>0</mytracks:gradient><mytracks:length>0.001241440110026196</mytracks:length></extensions></trkpt><trkpt lat="-33.95728150204505" lon="150.9534665079907"><ele>27.5600471841505</ele><time>2026-08-02T03:18:54.00200Z</time><extensions><mytracks:speed>4.940858651652809</mytracks:speed><mytracks:gradient>0</mytracks:gradient><mytracks:length>0.001372463681551473</mytracks:length></extensions></trkpt><trkpt lat="-33.95727015221466" lon="150.953469335915"><ele>27.55274889792229</ele><time>2026-08-02T03:18:55.00200Z</time><extensions><mytracks:speed>4.634863456461308</mytracks:speed><mytracks:gradient>0</mytracks:gradient><mytracks:length>0.001287765035703515</mytracks:length></extensions></trkpt><trkpt lat="-33.9572597920214" lon="150.9534739854589"><ele>27.32484283460223</ele><time>2026-08-02T03:18:56.00200Z</time><extensions><mytracks:speed>4.429870924366928</mytracks:speed><mytracks:gradient>0</mytracks:gradient><mytracks:length>0.001230502098487512</mytracks:length></extensions></trkpt><trkpt lat="-33.95724950950842" lon="150.9534800869472"><ele>27.11955747340416</ele><time>2026-08-02T03:18:57.00200Z</time><extensions><mytracks:speed>4.598379559113664</mytracks:speed><mytracks:gradient>0</mytracks:gradient><mytracks:length>0.001277223807631534</mytracks:length></extensions></trkpt><trkpt lat="-33.95724061841367" lon="150.9534878787616"><ele>26.91231226935167</ele><time>2026-08-02T03:18:58.00200Z</time><extensions><mytracks:speed>4.417833646219194</mytracks:speed><mytracks:gradient>0</mytracks:gradient><mytracks:length>0.001226834423865861</mytracks:length></extensions></trkpt><trkpt lat="-33.95723536370564" lon="150.9534952717352"><ele>26.62571184118805</ele><time>2026-08-02T03:18:59.00200Z</time><extensions><mytracks:speed>3.26092958926501</mytracks:speed><mytracks:gradient>0</mytracks:gradient><mytracks:length>0.0009056250232796916</mytracks:length></extensions></trkpt><trkpt lat="-33.95722880150834" lon="150.9535049765801"><ele>26.39095570505196</ele><time>2026-08-02T03:19:00.00100Z</time><extensions><mytracks:speed>4.144046405713217</mytracks:speed><mytracks:gradient>0</mytracks:gradient><mytracks:length>0.001151029316561659</mytracks:length></extensions></trkpt><trkpt lat="-33.95722257835838" lon="150.9535155160341"><ele>26.48064384174835</ele><time>2026-08-02T03:19:01.00000Z</time><extensions><mytracks:speed>4.300158704173312</mytracks:speed><mytracks:gradient>0</mytracks:gradient><mytracks:length>0.001193318191591511</mytracks:length></extensions></trkpt><trkpt lat="-33.95721832000905" lon="150.9535258407092"><ele>26.64563747168374</ele><time>2026-08-02T03:19:02.00000Z</time><extensions><mytracks:speed>3.822395286128051</mytracks:speed><mytracks:gradient>0</mytracks:gradient><mytracks:length>0.001061408898580907</mytracks:length></extensions></trkpt><trkpt lat="-33.95721369426503" lon="150.9535356396523"><ele>26.83351381492132</ele><time>2026-08-02T03:19:03.00000Z</time><extensions><mytracks:speed>3.745974422728327</mytracks:speed><mytracks:gradient>0</mytracks:gradient><mytracks:length>0.001039964083989089</mytracks:length></extensions></trkpt><trkpt lat="-33.95720848154632" lon="150.9535467804991"><ele>27.02393130364846</ele><time>2026-08-02T03:19:03.99900Z</time><extensions><mytracks:speed>4.243528640055813</mytracks:speed><mytracks:gradient>0</mytracks:gradient><mytracks:length>0.001178116065243004</mytracks:length></extensions></trkpt><trkpt lat="-33.95720438512728" lon="150.9535580460061"><ele>27.23507473915785</ele><time>2026-08-02T03:19:04.99900Z</time><extensions><mytracks:speed>4.088487217945048</mytracks:speed><mytracks:gradient>0</mytracks:gradient><mytracks:length>0.001135261046801494</mytracks:length></extensions></trkpt><trkpt lat="-33.95719990511306" lon="150.9535681840291"><ele>27.37268582851357</ele><time>2026-08-02T03:19:05.99700Z</time><extensions><mytracks:speed>3.81038614812692</mytracks:speed><mytracks:gradient>0</mytracks:gradient><mytracks:length>0.001057154737579528</mytracks:length></extensions></trkpt><trkpt lat="-33.95719474091447" lon="150.953580087765"><ele>27.45142081534667</ele><time>2026-08-02T03:19:06.99700Z</time><extensions><mytracks:speed>4.460217050659661</mytracks:speed><mytracks:gradient>0</mytracks:gradient><mytracks:length>0.001237804845677201</mytracks:length></extensions></trkpt><trkpt lat="-33.95718896909058" lon="150.9535926321591"><ele>27.45128415555965</ele><time>2026-08-02T03:19:07.99500Z</time><extensions><mytracks:speed>4.753452108211778</mytracks:speed><mytracks:gradient>0</mytracks:gradient><mytracks:length>0.001318883309614433</mytracks:length></extensions></trkpt><trkpt lat="-33.95718143041715" lon="150.9536055972885"><ele>27.40179586986291</ele><time>2026-08-02T03:19:08.99500Z</time><extensions><mytracks:speed>5.249751517958872</mytracks:speed><mytracks:gradient>0</mytracks:gradient><mytracks:length>0.001458423720588416</mytracks:length></extensions></trkpt><trkpt lat="-33.95717309386148" lon="150.9536174892176"><ele>27.37023961528869</ele><time>2026-08-02T03:19:09.99700Z</time><extensions><mytracks:speed>5.16475140970972</mytracks:speed><mytracks:gradient>0</mytracks:gradient><mytracks:length>0.001436631745847105</mytracks:length></extensions></trkpt><trkpt lat="-33.95716431293823" lon="150.9536293926456"><ele>27.25164542552443</ele><time>2026-08-02T03:19:10.99900Z</time><extensions><mytracks:speed>5.270718987930431</mytracks:speed><mytracks:gradient>0</mytracks:gradient><mytracks:length>0.001467664090033765</mytracks:length></extensions></trkpt><trkpt lat="-33.9571544919899" lon="150.9536395232815"><ele>27.07294275060228</ele><time>2026-08-02T03:19:12.00200Z</time><extensions><mytracks:speed>5.159898750042509</mytracks:speed><mytracks:gradient>0</mytracks:gradient><mytracks:length>0.001436631745847105</mytracks:length></extensions></trkpt><trkpt lat="-33.95714421855232" lon="150.9536498065506"><ele>26.87797046520442</ele><time>2026-08-02T03:19:13.00200Z</time><extensions><mytracks:speed>5.356293096363175</mytracks:speed><mytracks:gradient>0</mytracks:gradient><mytracks:length>0.001489001966678989</mytracks:length></extensions></trkpt><trkpt lat="-33.9571349231163" lon="150.9536590508561"><ele>26.67567749015999</ele><time>2026-08-02T03:19:14.00200Z</time><extensions><mytracks:speed>4.824741254070474</mytracks:speed><mytracks:gradient>0</mytracks:gradient><mytracks:length>0.001339227183557324</mytracks:length></extensions></trkpt><trkpt lat="-33.95712597999423" lon="150.9536681623107"><ele>26.5055607049126</ele><time>2026-08-02T03:19:15.00100Z</time><extensions><mytracks:speed>4.690575247285398</mytracks:speed><mytracks:gradient>0</mytracks:gradient><mytracks:length>0.001301687224482153</mytracks:length></extensions></trkpt><trkpt lat="-33.95711633113692" lon="150.9536772799742"><ele>26.38497720542722</ele><time>2026-08-02T03:19:16.00000Z</time><extensions><mytracks:speed>4.908055943615159</mytracks:speed><mytracks:gradient>0</mytracks:gradient><mytracks:length>0.001362577860079247</mytracks:length></extensions></trkpt><trkpt lat="-33.95710691396864" lon="150.9536867249495"><ele>26.27292556895048</ele><time>2026-08-02T03:19:17.00000Z</time><extensions><mytracks:speed>4.892094284625362</mytracks:speed><mytracks:gradient>0</mytracks:gradient><mytracks:length>0.001359266608866063</mytracks:length></extensions></trkpt><trkpt lat="-33.95709830361123" lon="150.9536969563938"><ele>26.1096403676887</ele><time>2026-08-02T03:19:18.00100Z</time><extensions><mytracks:speed>4.831112272714119</mytracks:speed><mytracks:gradient>0</mytracks:gradient><mytracks:length>0.001342587859314532</mytracks:length></extensions></trkpt><trkpt lat="-33.95709041273141" lon="150.9537053944131"><ele>26.02269483307534</ele><time>2026-08-02T03:19:19.00100Z</time><extensions><mytracks:speed>4.198672026226402</mytracks:speed><mytracks:gradient>0</mytracks:gradient><mytracks:length>0.001166584472202496</mytracks:length></extensions></trkpt><trkpt lat="-33.95708245836095" lon="150.9537149294983"><ele>25.98779965746061</ele><time>2026-08-02T03:19:20.00100Z</time><extensions><mytracks:speed>4.481350074150888</mytracks:speed><mytracks:gradient>0</mytracks:gradient><mytracks:length>0.001245064760396722</mytracks:length></extensions></trkpt><trkpt lat="-33.95707551125077" lon="150.9537246446682"><ele>25.90251848746127</ele><time>2026-08-02T03:19:21.00100Z</time><extensions><mytracks:speed>4.25800826000742</mytracks:speed><mytracks:gradient>0</mytracks:gradient><mytracks:length>0.001181934927981888</mytracks:length></extensions></trkpt><trkpt lat="-33.95706886648389" lon="150.9537339009251"><ele>25.90667166035053</ele><time>2026-08-02T03:19:22.00000Z</time><extensions><mytracks:speed>4.060216493837175</mytracks:speed><mytracks:gradient>0</mytracks:gradient><mytracks:length>0.001127294204183201</mytracks:length></extensions></trkpt><trkpt lat="-33.9570624422233" lon="150.9537425095615"><ele>26.03606270865276</ele><time>2026-08-02T03:19:22.99900Z</time><extensions><mytracks:speed>3.839268736005688</mytracks:speed><mytracks:gradient>0</mytracks:gradient><mytracks:length>0.001065646076700247</mytracks:length></extensions></trkpt><trkpt lat="-33.95705523919771" lon="150.9537541606381"><ele>26.05097107814239</ele><time>2026-08-02T03:19:24.00000Z</time><extensions><mytracks:speed>4.807775947234905</mytracks:speed><mytracks:gradient>0</mytracks:gradient><mytracks:length>0.001335858053229829</mytracks:length></extensions></trkpt><trkpt lat="-33.95704711938414" lon="150.9537651374831"><ele>26.01315669590407</ele><time>2026-08-02T03:19:25.00100Z</time><extensions><mytracks:speed>4.86356905679254</mytracks:speed><mytracks:gradient>0</mytracks:gradient><mytracks:length>0.001352619788550522</mytracks:length></extensions></trkpt><trkpt lat="-33.95703833829758" lon="150.9537759589368"><ele>26.08414017919005</ele><time>2026-08-02T03:19:26.00200Z</time><extensions><mytracks:speed>5.019124876659251</mytracks:speed><mytracks:gradient>0</mytracks:gradient><mytracks:length>0.001395258231574743</mytracks:length></extensions></trkpt><trkpt lat="-33.95702954388466" lon="150.9537882397883"><ele>26.06310952258785</ele><time>2026-08-02T03:19:27.00100Z</time><extensions><mytracks:speed>5.395081729579058</mytracks:speed><mytracks:gradient>0</mytracks:gradient><mytracks:length>0.001498053733740409</mytracks:length></extensions></trkpt><trkpt lat="-33.95702030817085" lon="150.953800996304"><ele>26.11247107591013</ele><time>2026-08-02T03:19:28.00100Z</time><extensions><mytracks:speed>5.629045295321447</mytracks:speed><mytracks:gradient>0</mytracks:gradient><mytracks:length>0.00156283224524299</mytracks:length></extensions></trkpt><trkpt lat="-33.95701100948859" lon="150.9538127063717"><ele>26.0916194989121</ele><time>2026-08-02T03:19:29.00000Z</time><extensions><mytracks:speed>5.386814670143962</mytracks:speed><mytracks:gradient>0</mytracks:gradient><mytracks:length>0.00149504256741194</mytracks:length></extensions></trkpt><trkpt lat="-33.9570015906468" lon="150.9538244647605"><ele>26.07533897489262</ele><time>2026-08-02T03:19:29.99900Z</time><extensions><mytracks:speed>5.41831950831445</mytracks:speed><mytracks:gradient>0</mytracks:gradient><mytracks:length>0.00150405798118735</mytracks:length></extensions></trkpt><trkpt lat="-33.95699213908884" lon="150.9538359830358"><ele>25.99067689337999</ele><time>2026-08-02T03:19:30.99700Z</time><extensions><mytracks:speed>5.391899480894234</mytracks:speed><mytracks:gradient>0</mytracks:gradient><mytracks:length>0.00149504256741194</mytracks:length></extensions></trkpt><trkpt lat="-33.95697702719595" lon="150.9538509622303"><ele>25.7249220074473</ele><time>2026-08-02T03:19:32.49700Z</time><extensions><mytracks:speed>5.224882258730725</mytracks:speed><mytracks:gradient>0</mytracks:gradient><mytracks:length>0.002177311617739687</mytracks:length></extensions></trkpt><trkpt lat="-33.95696576332283" lon="150.9538594541269"><ele>25.49100610960317</ele><time>2026-08-02T03:19:33.49800Z</time><extensions><mytracks:speed>5.323031039035327</mytracks:speed><mytracks:gradient>0</mytracks:gradient><mytracks:length>0.001479894835579277</mytracks:length></extensions></trkpt><trkpt lat="-33.95695546480265" lon="150.9538680767266"><ele>25.29538322855329</ele><time>2026-08-02T03:19:34.50000Z</time><extensions><mytracks:speed>5.014279015365018</mytracks:speed><mytracks:gradient>0</mytracks:gradient><mytracks:length>0.001395258231574743</mytracks:length></extensions></trkpt><trkpt lat="-33.95694557961741" lon="150.9538767861205"><ele>25.12655982277795</ele><time>2026-08-02T03:19:35.50000Z</time><extensions><mytracks:speed>4.905574445677678</mytracks:speed><mytracks:gradient>0</mytracks:gradient><mytracks:length>0.001362577860079247</mytracks:length></extensions></trkpt><trkpt lat="-33.95693159051659" lon="150.9538883496607"><ele>25.11756865360307</ele><time>2026-08-02T03:19:37.00000Z</time><extensions><mytracks:speed>4.522336520607048</mytracks:speed><mytracks:gradient>0</mytracks:gradient><mytracks:length>0.001884411859217141</mytracks:length></extensions></trkpt><trkpt lat="-33.95692176192295" lon="150.9538969135998"><ele>25.21439193105598</ele><time>2026-08-02T03:19:38.00100Z</time><extensions><mytracks:speed>4.839939691803846</mytracks:speed><mytracks:gradient>0</mytracks:gradient><mytracks:length>0.001345940143832062</mytracks:length></extensions></trkpt><trkpt lat="-33.95691246889398" lon="150.9539057024561"><ele>25.25027170473438</ele><time>2026-08-02T03:19:39.00200Z</time><extensions><mytracks:speed>4.733108638067679</mytracks:speed><mytracks:gradient>0</mytracks:gradient><mytracks:length>0.001315462076070468</mytracks:length></extensions></trkpt><trkpt lat="-33.95690344109018" lon="150.9539150862358"><ele>25.17032931965952</ele><time>2026-08-02T03:19:40.00100Z</time><extensions><mytracks:speed>4.762964328128497</mytracks:speed><mytracks:gradient>0</mytracks:gradient><mytracks:length>0.001322295691280666</mytracks:length></extensions></trkpt><trkpt lat="-33.95689544697386" lon="150.9539247447285"><ele>25.1488367491613</ele><time>2026-08-02T03:19:41.00100Z</time><extensions><mytracks:speed>4.520062804122883</mytracks:speed><mytracks:gradient>0</mytracks:gradient><mytracks:length>0.001255875945299307</mytracks:length></extensions></trkpt><trkpt lat="-33.95688785308182" lon="150.9539352424057"><ele>25.06486798733038</ele><time>2026-08-02T03:19:42.00200Z</time><extensions><mytracks:speed>4.609101431926307</mytracks:speed><mytracks:gradient>0</mytracks:gradient><mytracks:length>0.001280747190346591</mytracks:length></extensions></trkpt><trkpt lat="-33.95688136717357" lon="150.9539464949627"><ele>25.01691510740549</ele><time>2026-08-02T03:19:43.00300Z</time><extensions><mytracks:speed>4.541892269981553</mytracks:speed><mytracks:gradient>0</mytracks:gradient><mytracks:length>0.001263031991511386</mytracks:length></extensions></trkpt><trkpt lat="-33.95687547363998" lon="150.9539589633111"><ele>24.95813243801014</ele><time>2026-08-02T03:19:44.00400Z</time><extensions><mytracks:speed>4.756045136852816</mytracks:speed><mytracks:gradient>0</mytracks:gradient><mytracks:length>0.001322295691280666</mytracks:length></extensions></trkpt><trkpt lat="-33.95686986784597" lon="150.9539711088754"><ele>24.9960230411601</ele><time>2026-08-02T03:19:45.00400Z</time><extensions><mytracks:speed>4.623083546853199</mytracks:speed><mytracks:gradient>0</mytracks:gradient><mytracks:length>0.001284260906662108</mytracks:length></extensions></trkpt><trkpt lat="-33.95686355624527" lon="150.9539843926229"><ele>24.95868238527862</ele><time>2026-08-02T03:19:46.00400Z</time><extensions><mytracks:speed>5.080255574432877</mytracks:speed><mytracks:gradient>0</mytracks:gradient><mytracks:length>0.001411314666109776</mytracks:length></extensions></trkpt><trkpt lat="-33.95685751530679" lon="150.9539975391903"><ele>24.90431849477151</ele><time>2026-08-02T03:19:47.00300Z</time><extensions><mytracks:speed>5.002950344248479</mytracks:speed><mytracks:gradient>0</mytracks:gradient><mytracks:length>0.001388783680483499</mytracks:length></extensions></trkpt><trkpt lat="-33.95685196989267" lon="150.954010282978"><ele>24.73901601495583</ele><time>2026-08-02T03:19:48.00300Z</time><extensions><mytracks:speed>4.786460489189142</mytracks:speed><mytracks:gradient>0</mytracks:gradient><mytracks:length>0.00132909417152405</mytracks:length></extensions></trkpt><trkpt lat="-33.95684543203306" lon="150.9540221945756"><ele>24.56953417144569</ele><time>2026-08-02T03:19:49.00300Z</time><extensions><mytracks:speed>4.724215989740733</mytracks:speed><mytracks:gradient>0</mytracks:gradient><mytracks:length>0.001312031921402727</mytracks:length></extensions></trkpt><trkpt lat="-33.95683920026268" lon="150.9540346318468"><ele>24.44645350538416</ele><time>2026-08-02T03:19:50.00200Z</time><extensions><mytracks:speed>4.823692785579242</mytracks:speed><mytracks:gradient>0</mytracks:gradient><mytracks:length>0.001339227183557324</mytracks:length></extensions></trkpt><trkpt lat="-33.95683267101943" lon="150.9540471564862"><ele>24.36155056324058</ele><time>2026-08-02T03:19:51.00200Z</time><extensions><mytracks:speed>4.919278336175421</mytracks:speed><mytracks:gradient>0</mytracks:gradient><mytracks:length>0.001365881083981338</mytracks:length></extensions></trkpt><trkpt lat="-33.95682656152148" lon="150.9540595881071"><ele>24.25752234020838</ele><time>2026-08-02T03:19:52.00100Z</time><extensions><mytracks:speed>4.798289100631627</mytracks:speed><mytracks:gradient>0</mytracks:gradient><mytracks:length>0.001332480404200788</mytracks:length></extensions></trkpt><trkpt lat="-33.95681989766044" lon="150.9540718035556"><ele>24.32309202969647</ele><time>2026-08-02T03:19:53.00200Z</time><extensions><mytracks:speed>4.843158835380606</mytracks:speed><mytracks:gradient>0</mytracks:gradient><mytracks:length>0.001345940143832062</mytracks:length></extensions></trkpt><trkpt lat="-33.95681318711208" lon="150.9540832798226"><ele>24.40761036065351</ele><time>2026-08-02T03:19:54.00300Z</time><extensions><mytracks:speed>4.644677764143244</mytracks:speed><mytracks:gradient>0</mytracks:gradient><mytracks:length>0.00129125965552261</mytracks:length></extensions></trkpt><trkpt lat="-33.95680586699977" lon="150.9540944129103"><ele>24.46877394507129</ele><time>2026-08-02T03:19:55.00300Z</time><extensions><mytracks:speed>4.720833676338728</mytracks:speed><mytracks:gradient>0</mytracks:gradient><mytracks:length>0.001312031921402727</mytracks:length></extensions></trkpt><trkpt lat="-33.95679980602945" lon="150.9541050913432"><ele>24.56662025013451</ele><time>2026-08-02T03:19:56.00300Z</time><extensions><mytracks:speed>4.310163130640094</mytracks:speed><mytracks:gradient>0</mytracks:gradient><mytracks:length>0.001197088558621761</mytracks:length></extensions></trkpt><trkpt lat="-33.95679268409271" lon="150.9541162974268"><ele>24.65567998449056</ele><time>2026-08-02T03:19:57.00300Z</time><extensions><mytracks:speed>4.675202875526873</mytracks:speed><mytracks:gradient>0</mytracks:gradient><mytracks:length>0.001298220674454138</mytracks:length></extensions></trkpt><trkpt lat="-33.95678524437831" lon="150.9541252384307"><ele>24.60394532390766</ele><time>2026-08-02T03:19:58.00300Z</time><extensions><mytracks:speed>4.200653535056061</mytracks:speed><mytracks:gradient>0</mytracks:gradient><mytracks:length>0.001166584472202496</mytracks:length></extensions></trkpt><trkpt lat="-33.95677794143239" lon="150.9541347365133"><ele>24.5124607836831</ele><time>2026-08-02T03:19:59.00200Z</time><extensions><mytracks:speed>4.296435641243094</mytracks:speed><mytracks:gradient>0</mytracks:gradient><mytracks:length>0.001193318191591511</mytracks:length></extensions></trkpt><trkpt lat="-33.95677051670521" lon="150.9541442008231"><ele>24.42343582514706</ele><time>2026-08-02T03:20:00.00200Z</time><extensions><mytracks:speed>4.323955171169608</mytracks:speed><mytracks:gradient>0</mytracks:gradient><mytracks:length>0.001200847087677287</mytracks:length></extensions></trkpt><trkpt lat="-33.95676213510295" lon="150.9541532220561"><ele>24.27776115622432</ele><time>2026-08-02T03:20:01.00200Z</time><extensions><mytracks:speed>4.496911726320625</mytracks:speed><mytracks:gradient>0</mytracks:gradient><mytracks:length>0.001248678889219179</mytracks:length></extensions></trkpt><trkpt lat="-33.95675451843604" lon="150.9541608490254"><ele>24.11414482762191</ele><time>2026-08-02T03:20:02.00200Z</time><extensions><mytracks:speed>3.95729424489639</mytracks:speed><mytracks:gradient>0</mytracks:gradient><mytracks:length>0.00109895552557225</mytracks:length></extensions></trkpt><trkpt lat="-33.95674840793667" lon="150.9541697682619"><ele>24.03538103920066</ele><time>2026-08-02T03:20:03.00200Z</time><extensions><mytracks:speed>3.836198286499114</mytracks:speed><mytracks:gradient>0</mytracks:gradient><mytracks:length>0.001065646076700247</mytracks:length></extensions></trkpt><trkpt lat="-33.95674278480278" lon="150.9541794846263"><ele>23.98985667745288</ele><time>2026-08-02T03:20:04.00200Z</time><extensions><mytracks:speed>3.926862184189051</mytracks:speed><mytracks:gradient>0</mytracks:gradient><mytracks:length>0.001090723533066923</mytracks:length></extensions></trkpt><trkpt lat="-33.95673746418195" lon="150.9541902868232"><ele>23.97406825712359</ele><time>2026-08-02T03:20:05.00100Z</time><extensions><mytracks:speed>4.175164850045281</mytracks:speed><mytracks:gradient>0</mytracks:gradient><mytracks:length>0.001158832994518273</mytracks:length></extensions></trkpt><trkpt lat="-33.95673293995848" lon="150.9542009670448"><ele>24.00131861704907</ele><time>2026-08-02T03:20:06.00000Z</time><extensions><mytracks:speed>3.987596559739118</mytracks:speed><mytracks:gradient>0</mytracks:gradient><mytracks:length>0.001107126311125143</mytracks:length></extensions></trkpt><trkpt lat="-33.9567278871848" lon="150.9542125051133"><ele>24.06242787576572</ele><time>2026-08-02T03:20:07.00000Z</time><extensions><mytracks:speed>4.322860391320631</mytracks:speed><mytracks:gradient>0</mytracks:gradient><mytracks:length>0.001200847087677287</mytracks:length></extensions></trkpt><trkpt lat="-33.95672141723715" lon="150.9542245329049"><ele>24.05231957211097</ele><time>2026-08-02T03:20:08.00100Z</time><extensions><mytracks:speed>4.757080855292257</mytracks:speed><mytracks:gradient>0</mytracks:gradient><mytracks:length>0.001322295691280666</mytracks:length></extensions></trkpt><trkpt lat="-33.95671484878848" lon="150.954236175329"><ele>24.03342307154358</ele><time>2026-08-02T03:20:09.00200Z</time><extensions><mytracks:speed>4.671015198870633</mytracks:speed><mytracks:gradient>0</mytracks:gradient><mytracks:length>0.001298220674454138</mytracks:length></extensions></trkpt><trkpt lat="-33.95670861369876" lon="150.9542462164248"><ele>23.95965070877453</ele><time>2026-08-02T03:20:10.00100Z</time><extensions><mytracks:speed>4.172361819280054</mytracks:speed><mytracks:gradient>0</mytracks:gradient><mytracks:length>0.001158832994518273</mytracks:length></extensions></trkpt><trkpt lat="-33.95670235867989" lon="150.9542574603571"><ele>23.83170631296641</ele><time>2026-08-02T03:20:11.00200Z</time><extensions><mytracks:speed>4.507616021006477</mytracks:speed><mytracks:gradient>0</mytracks:gradient><mytracks:length>0.001252282587590172</mytracks:length></extensions></trkpt><trkpt lat="-33.95669580641678" lon="150.9542684558633"><ele>23.72630346251268</ele><time>2026-08-02T03:20:12.00100Z</time><extensions><mytracks:speed>4.509691944369557</mytracks:speed><mytracks:gradient>0</mytracks:gradient><mytracks:length>0.001252282587590172</mytracks:length></extensions></trkpt><trkpt lat="-33.95669013870479" lon="150.954279850746"><ele>23.60597353618458</ele><time>2026-08-02T03:20:13.00100Z</time><extensions><mytracks:speed>4.405202900929584</mytracks:speed><mytracks:gradient>0</mytracks:gradient><mytracks:length>0.001223155751645057</mytracks:length></extensions></trkpt><trkpt lat="-33.95668482963979" lon="150.954290833499"><ele>23.50958706914719</ele><time>2026-08-02T03:20:14.00100Z</time><extensions><mytracks:speed>4.228403610170012</mytracks:speed><mytracks:gradient>0</mytracks:gradient><mytracks:length>0.001174284783339954</mytracks:length></extensions></trkpt><trkpt lat="-33.95667906808841" lon="150.9543012862278"><ele>23.44133330556116</ele><time>2026-08-02T03:20:15.00100Z</time><extensions><mytracks:speed>4.172126040633025</mytracks:speed><mytracks:gradient>0</mytracks:gradient><mytracks:length>0.001158832994518273</mytracks:length></extensions></trkpt><trkpt lat="-33.95667253422238" lon="150.9543107683371"><ele>23.40680366864831</ele><time>2026-08-02T03:20:16.00000Z</time><extensions><mytracks:speed>4.103525044833146</mytracks:speed><mytracks:gradient>0</mytracks:gradient><mytracks:length>0.001139223575592043</mytracks:length></extensions></trkpt><trkpt lat="-33.95666674720486" lon="150.9543207824204"><ele>23.2800030612298</ele><time>2026-08-02T03:20:16.99900Z</time><extensions><mytracks:speed>4.063584331153126</mytracks:speed><mytracks:gradient>0</mytracks:gradient><mytracks:length>0.001127294204183201</mytracks:length></extensions></trkpt><trkpt lat="-33.95666064024059" lon="150.9543306498004"><ele>23.19622363611767</ele><time>2026-08-02T03:20:17.99800Z</time><extensions><mytracks:speed>4.08841067085734</mytracks:speed><mytracks:gradient>0</mytracks:gradient><mytracks:length>0.001135261046801494</mytracks:length></extensions></trkpt><trkpt lat="-33.95665377555363" lon="150.9543402956922"><ele>23.14892834670504</ele><time>2026-08-02T03:20:18.99900Z</time><extensions><mytracks:speed>4.226316320642468</mytracks:speed><mytracks:gradient>0</mytracks:gradient><mytracks:length>0.001174284783339954</mytracks:length></extensions></trkpt><trkpt lat="-33.95664725019667" lon="150.9543503103555"><ele>23.06920172387251</ele><time>2026-08-02T03:20:19.99900Z</time><extensions><mytracks:speed>4.227079035853871</mytracks:speed><mytracks:gradient>0</mytracks:gradient><mytracks:length>0.001174284783339954</mytracks:length></extensions></trkpt><trkpt lat="-33.95664183900967" lon="150.9543600131939"><ele>23.07420901022115</ele><time>2026-08-02T03:20:20.99900Z</time><extensions><mytracks:speed>3.879472762917548</mytracks:speed><mytracks:gradient>0</mytracks:gradient><mytracks:length>0.001078257711860346</mytracks:length></extensions></trkpt><trkpt lat="-33.95663623142323" lon="150.9543693897866"><ele>23.18745011670669</ele><time>2026-08-02T03:20:22.00000Z</time><extensions><mytracks:speed>3.819599492038237</mytracks:speed><mytracks:gradient>0</mytracks:gradient><mytracks:length>0.001061408898580907</mytracks:length></extensions></trkpt><trkpt lat="-33.95663003155096" lon="150.9543783557482"><ele>23.27724427771949</ele><time>2026-08-02T03:20:23.00100Z</time><extensions><mytracks:speed>3.846512964816793</mytracks:speed><mytracks:gradient>0</mytracks:gradient><mytracks:length>0.001069866473718343</mytracks:length></extensions></trkpt><trkpt lat="-33.95662328093126" lon="150.954387168011"><ele>23.33943501342156</ele><time>2026-08-02T03:20:24.00200Z</time><extensions><mytracks:speed>3.981611218914935</mytracks:speed><mytracks:gradient>0</mytracks:gradient><mytracks:length>0.001107126311125143</mytracks:length></extensions></trkpt><trkpt lat="-33.95661666784926" lon="150.9543970213099"><ele>23.43324303022054</ele><time>2026-08-02T03:20:25.00200Z</time><extensions><mytracks:speed>4.214491788964748</mytracks:speed><mytracks:gradient>0</mytracks:gradient><mytracks:length>0.001170440960315329</mytracks:length></extensions></trkpt><trkpt lat="-33.95660873774477" lon="150.9544083404971"><ele>23.46472264021053</ele><time>2026-08-02T03:20:26.00100Z</time><extensions><mytracks:speed>4.934289327064119</mytracks:speed><mytracks:gradient>0</mytracks:gradient><mytracks:length>0.001369176338671513</mytracks:length></extensions></trkpt><trkpt lat="-33.95660070006559" lon="150.9544199362581"><ele>23.4950421406019</ele><time>2026-08-02T03:20:26.99900Z</time><extensions><mytracks:speed>5.031187187866691</mytracks:speed><mytracks:gradient>0</mytracks:gradient><mytracks:length>0.001395258231574743</mytracks:length></extensions></trkpt><trkpt lat="-33.95659308463564" lon="150.9544315211303"><ele>23.50748804730101</ele><time>2026-08-02T03:20:27.99900Z</time><extensions><mytracks:speed>4.907159248729716</mytracks:speed><mytracks:gradient>0</mytracks:gradient><mytracks:length>0.001362577860079247</mytracks:length></extensions></trkpt><trkpt lat="-33.95658626982948" lon="150.9544443904535"><ele>23.47949057896609</ele><time>2026-08-02T03:20:28.99900Z</time><extensions><mytracks:speed>5.066356703897845</mytracks:speed><mytracks:gradient>0</mytracks:gradient><mytracks:length>0.001408118026294904</mytracks:length></extensions></trkpt><trkpt lat="-33.95657865600473" lon="150.9544564255721"><ele>23.52358112372605</ele><time>2026-08-02T03:20:30.00100Z</time><extensions><mytracks:speed>5.014338091259932</mytracks:speed><mytracks:gradient>0</mytracks:gradient><mytracks:length>0.001395258231574743</mytracks:length></extensions></trkpt><trkpt lat="-33.95657098746083" lon="150.9544681089105"><ele>23.5428933584436</ele><time>2026-08-02T03:20:31.00200Z</time><extensions><mytracks:speed>4.946393214366677</mytracks:speed><mytracks:gradient>0</mytracks:gradient><mytracks:length>0.00137574316933711</mytracks:length></extensions></trkpt><trkpt lat="-33.95656399543597" lon="150.9544798441351"><ele>23.51140035182373</ele><time>2026-08-02T03:20:32.00100Z</time><extensions><mytracks:speed>4.800047428741251</mytracks:speed><mytracks:gradient>0</mytracks:gradient><mytracks:length>0.001332480404200788</mytracks:length></extensions></trkpt><trkpt lat="-33.95655656985952" lon="150.9544916585593"><ele>23.41242210878536</ele><time>2026-08-02T03:20:33.00000Z</time><extensions><mytracks:speed>4.923367923790901</mytracks:speed><mytracks:gradient>0</mytracks:gradient><mytracks:length>0.001365881083981338</mytracks:length></extensions></trkpt><trkpt lat="-33.95654862234176" lon="150.9545033190644"><ele>23.31520205681755</ele><time>2026-08-02T03:20:33.99900Z</time><extensions><mytracks:speed>5.015303695503495</mytracks:speed><mytracks:gradient>0</mytracks:gradient><mytracks:length>0.00139202472031828</mytracks:length></extensions></trkpt><trkpt lat="-33.95654122522163" lon="150.9545145413464"><ele>23.12829061256569</ele><time>2026-08-02T03:20:34.99900Z</time><extensions><mytracks:speed>4.773814382131137</mytracks:speed><mytracks:gradient>0</mytracks:gradient><mytracks:length>0.001325699289424003</mytracks:length></extensions></trkpt><trkpt lat="-33.95653365923022" lon="150.9545253364525"><ele>22.96523656035707</ele><time>2026-08-02T03:20:36.00000Z</time><extensions><mytracks:speed>4.694526354237891</mytracks:speed><mytracks:gradient>0</mytracks:gradient><mytracks:length>0.001305144567157196</mytracks:length></extensions></trkpt><trkpt lat="-33.95652527429668" lon="150.9545355665853"><ele>22.83096996935824</ele><time>2026-08-02T03:20:37.00100Z</time><extensions><mytracks:speed>4.767453100550702</mytracks:speed><mytracks:gradient>0</mytracks:gradient><mytracks:length>0.001325699289424003</mytracks:length></extensions></trkpt><trkpt lat="-33.95651672341616" lon="150.9545464017355"><ele>22.77440325821267</ele><time>2026-08-02T03:20:38.00100Z</time><extensions><mytracks:speed>4.974817746290274</mytracks:speed><mytracks:gradient>0</mytracks:gradient><mytracks:length>0.001382278803128191</mytracks:length></extensions></trkpt><trkpt lat="-33.95650837691298" lon="150.9545556871528"><ele>22.76560728357898</ele><time>2026-08-02T03:20:39.00200Z</time><extensions><mytracks:speed>4.558726321205979</mytracks:speed><mytracks:gradient>0</mytracks:gradient><mytracks:length>0.001266594853290156</mytracks:length></extensions></trkpt><trkpt lat="-33.95649948942883" lon="150.9545658144304"><ele>22.74149542176339</ele><time>2026-08-02T03:20:40.00100Z</time><extensions><mytracks:speed>4.893805499644512</mytracks:speed><mytracks:gradient>0</mytracks:gradient><mytracks:length>0.001359266608866063</mytracks:length></extensions></trkpt><trkpt lat="-33.95649089604861" lon="150.9545765338303"><ele>22.69339819888611</ele><time>2026-08-02T03:20:41.00200Z</time><extensions><mytracks:speed>4.940759702476863</mytracks:speed><mytracks:gradient>0</mytracks:gradient><mytracks:length>0.001372463681551473</mytracks:length></extensions></trkpt><trkpt lat="-33.95648283601427" lon="150.9545880960767"><ele>22.58575729960936</ele><time>2026-08-02T03:20:42.00100Z</time><extensions><mytracks:speed>5.01513915471688</mytracks:speed><mytracks:gradient>0</mytracks:gradient><mytracks:length>0.00139202472031828</mytracks:length></extensions></trkpt><trkpt lat="-33.95647495276103" lon="150.9545986201127"><ele>22.53387321537732</ele><time>2026-08-02T03:20:43.00000Z</time><extensions><mytracks:speed>4.714714257466896</mytracks:speed><mytracks:gradient>0</mytracks:gradient><mytracks:length>0.001308592775457605</mytracks:length></extensions></trkpt><trkpt lat="-33.95646736101681" lon="150.9546091332131"><ele>22.44457174614203</ele><time>2026-08-02T03:20:44.00000Z</time><extensions><mytracks:speed>4.624104379826314</mytracks:speed><mytracks:gradient>0</mytracks:gradient><mytracks:length>0.001284260906662108</mytracks:length></extensions></trkpt><trkpt lat="-33.95645896736476" lon="150.9546194065501"><ele>22.37182327426235</ele><time>2026-08-02T03:20:45.00000Z</time><extensions><mytracks:speed>4.782579373041986</mytracks:speed><mytracks:gradient>0</mytracks:gradient><mytracks:length>0.00132909417152405</mytracks:length></extensions></trkpt><trkpt lat="-33.95645050963425" lon="150.9546296769929"><ele>22.30658527449436</ele><time>2026-08-02T03:20:46.00100Z</time><extensions><mytracks:speed>4.79195619011973</mytracks:speed><mytracks:gradient>0</mytracks:gradient><mytracks:length>0.001332480404200788</mytracks:length></extensions></trkpt><trkpt lat="-33.95644130223796" lon="150.9546379892913"><ele>22.31644604432003</ele><time>2026-08-02T03:20:47.00100Z</time><extensions><mytracks:speed>4.610968018379863</mytracks:speed><mytracks:gradient>0</mytracks:gradient><mytracks:length>0.001280747190346591</mytracks:length></extensions></trkpt><trkpt lat="-33.95643309739744" lon="150.9546475353886"><ele>22.2644473700495</ele><time>2026-08-02T03:20:48.00100Z</time><extensions><mytracks:speed>4.560767407029166</mytracks:speed><mytracks:gradient>0</mytracks:gradient><mytracks:length>0.001266594853290156</mytracks:length></extensions></trkpt><trkpt lat="-33.95642439847193" lon="150.9546572415433"><ele>22.24773100244761</ele><time>2026-08-02T03:20:49.00100Z</time><extensions><mytracks:speed>4.760551644611986</mytracks:speed><mytracks:gradient>0</mytracks:gradient><mytracks:length>0.001322295691280666</mytracks:length></extensions></trkpt><trkpt lat="-33.95641709893706" lon="150.9546667813138"><ele>22.19566187386523</ele><time>2026-08-02T03:20:50.00100Z</time><extensions><mytracks:speed>4.322634185329154</mytracks:speed><mytracks:gradient>0</mytracks:gradient><mytracks:length>0.001200847087677287</mytracks:length></extensions></trkpt><trkpt lat="-33.95641066464883" lon="150.9546757954763"><ele>22.18052247770478</ele><time>2026-08-02T03:20:51.00100Z</time><extensions><mytracks:speed>3.940488125218275</mytracks:speed><mytracks:gradient>0</mytracks:gradient><mytracks:length>0.001094847266236659</mytracks:length></extensions></trkpt><trkpt lat="-33.95640494285797" lon="150.9546862857326"><ele>22.1025192290035</ele><time>2026-08-02T03:20:52.00100Z</time><extensions><mytracks:speed>4.17211609275281</mytracks:speed><mytracks:gradient>0</mytracks:gradient><mytracks:length>0.001158832994518273</mytracks:length></extensions></trkpt><trkpt lat="-33.95639824611111" lon="150.9546958292561"><ele>22.05499538083332</ele><time>2026-08-02T03:20:53.00100Z</time><extensions><mytracks:speed>4.144008364253578</mytracks:speed><mytracks:gradient>0</mytracks:gradient><mytracks:length>0.001151029316561659</mytracks:length></extensions></trkpt><trkpt lat="-33.95639106682738" lon="150.9547062891565"><ele>21.96776688744491</ele><time>2026-08-02T03:20:54.00100Z</time><extensions><mytracks:speed>4.495558045785575</mytracks:speed><mytracks:gradient>0</mytracks:gradient><mytracks:length>0.001248678889219179</mytracks:length></extensions></trkpt><trkpt lat="-33.95638301837222" lon="150.9547170633963"><ele>21.92949408678431</ele><time>2026-08-02T03:20:55.00100Z</time><extensions><mytracks:speed>4.7972502780062</mytracks:speed><mytracks:gradient>0</mytracks:gradient><mytracks:length>0.001332480404200788</mytracks:length></extensions></trkpt><trkpt lat="-33.95637481862487" lon="150.9547280658048"><ele>21.85385897412661</ele><time>2026-08-02T03:20:56.00100Z</time><extensions><mytracks:speed>4.929350961158647</mytracks:speed><mytracks:gradient>0</mytracks:gradient><mytracks:length>0.001369176338671513</mytracks:length></extensions></trkpt><trkpt lat="-33.95636679630212" lon="150.954738591218"><ele>21.746182178028</ele><time>2026-08-02T03:20:57.00100Z</time><extensions><mytracks:speed>4.748272556360343</mytracks:speed><mytracks:gradient>0</mytracks:gradient><mytracks:length>0.001318883309614433</mytracks:length></extensions></trkpt><trkpt lat="-33.95635965264675" lon="150.9547474203067"><ele>21.62290962874199</ele><time>2026-08-02T03:20:58.00100Z</time><extensions><mytracks:speed>4.087181921821802</mytracks:speed><mytracks:gradient>0</mytracks:gradient><mytracks:length>0.001135261046801494</mytracks:length></extensions></trkpt><trkpt lat="-33.95635421745489" lon="150.9547542307413"><ele>21.53994708919165</ele><time>2026-08-02T03:20:59.00000Z</time><extensions><mytracks:speed>3.135096886181335</mytracks:speed><mytracks:gradient>0</mytracks:gradient><mytracks:length>0.0008700963781047964</mytracks:length></extensions></trkpt><trkpt lat="-33.95635031278991" lon="150.9547593342943"><ele>21.42859349349595</ele><time>2026-08-02T03:20:59.99800Z</time><extensions><mytracks:speed>2.296999481801397</mytracks:speed><mytracks:gradient>0</mytracks:gradient><mytracks:length>0.0006368453391485438</mytracks:length></extensions></trkpt><trkpt lat="-33.95634719998471" lon="150.9547615109534"><ele>21.3285460704253</ele><time>2026-08-02T03:21:00.99600Z</time><extensions><mytracks:speed>1.411627221993613</mytracks:speed><mytracks:gradient>0</mytracks:gradient><mytracks:length>0.0003914282611133176</mytracks:length></extensions></trkpt><trkpt lat="-33.95634389414058" lon="150.9547641501034"><ele>21.32807604636098</ele><time>2026-08-02T03:21:01.99500Z</time><extensions><mytracks:speed>1.568140617892233</mytracks:speed><mytracks:gradient>0</mytracks:gradient><mytracks:length>0.0004350481890523979</mytracks:length></extensions></trkpt><trkpt lat="-33.95633968067843" lon="150.9547689032495"><ele>21.31066490915058</ele><time>2026-08-02T03:21:02.99600Z</time><extensions><mytracks:speed>2.31651457356684</mytracks:speed><mytracks:gradient>0</mytracks:gradient><mytracks:length>0.0006438825178517565</mytracks:length></extensions></trkpt><trkpt lat="-33.95633478657548" lon="150.9547748991208"><ele>21.29664652595432</ele><time>2026-08-02T03:21:03.99800Z</time><extensions><mytracks:speed>2.791985693652701</mytracks:speed><mytracks:gradient>0</mytracks:gradient><mytracks:length>0.0007770789043545636</mytracks:length></extensions></trkpt><trkpt lat="-33.95632949515741" lon="150.9547830357172"><ele>21.32799702563852</ele><time>2026-08-02T03:21:04.99900Z</time><extensions><mytracks:speed>3.445321202452853</mytracks:speed><mytracks:gradient>0</mytracks:gradient><mytracks:length>0.0009587995106325278</mytracks:length></extensions></trkpt><trkpt lat="-33.95632185135828" lon="150.9547942805697"><ele>21.3291280128342</ele><time>2026-08-02T03:21:06.00100Z</time><extensions><mytracks:speed>4.813780225682034</mytracks:speed><mytracks:gradient>0</mytracks:gradient><mytracks:length>0.001339227183557324</mytracks:length></extensions></trkpt><trkpt lat="-33.95631390990157" lon="150.9548049008947"><ele>21.36666054758411</ele><time>2026-08-02T03:21:07.00100Z</time><extensions><mytracks:speed>4.733562642140403</mytracks:speed><mytracks:gradient>0</mytracks:gradient><mytracks:length>0.001315462076070468</mytracks:length></extensions></trkpt><trkpt lat="-33.95630581506959" lon="150.9548148514629"><ele>21.38822185168508</ele><time>2026-08-02T03:21:08.00100Z</time><extensions><mytracks:speed>4.623778017028381</mytracks:speed><mytracks:gradient>0</mytracks:gradient><mytracks:length>0.001284260906662108</mytracks:length></extensions></trkpt><trkpt lat="-33.95629679336579" lon="150.9548254993215"><ele>21.31121531959999</ele><time>2026-08-02T03:21:09.00100Z</time><extensions><mytracks:speed>5.058150276763877</mytracks:speed><mytracks:gradient>0</mytracks:gradient><mytracks:length>0.001404914113096157</mytracks:length></extensions></trkpt><trkpt lat="-33.95628751468002" lon="150.9548362889899"><ele>21.21415366377418</ele><time>2026-08-02T03:21:10.00100Z</time><extensions><mytracks:speed>5.14968583772972</mytracks:speed><mytracks:gradient>0</mytracks:gradient><mytracks:length>0.00143034448702958</mytracks:length></extensions></trkpt><trkpt lat="-33.95628009730101" lon="150.9548468710078"><ele>21.11804008721645</ele><time>2026-08-02T03:21:11.00100Z</time><extensions><mytracks:speed>4.585666366420133</mytracks:speed><mytracks:gradient>0</mytracks:gradient><mytracks:length>0.001273690678297089</mytracks:length></extensions></trkpt><trkpt lat="-33.95627267218754" lon="150.9548579242098"><ele>21.01003463175951</ele><time>2026-08-02T03:21:12.00100Z</time><extensions><mytracks:speed>4.736038919443875</mytracks:speed><mytracks:gradient>0</mytracks:gradient><mytracks:length>0.001315462076070468</mytracks:length></extensions></trkpt><trkpt lat="-33.95626593793143" lon="150.9548689312863"><ele>21.0393842663789</ele><time>2026-08-02T03:21:13.00100Z</time><extensions><mytracks:speed>4.547261555889636</mytracks:speed><mytracks:gradient>0</mytracks:gradient><mytracks:length>0.001263031991511386</mytracks:length></extensions></trkpt><trkpt lat="-33.9562602346334" lon="150.954878718693"><ele>21.03262200207942</ele><time>2026-08-02T03:21:14.00100Z</time><extensions><mytracks:speed>3.971263323289789</mytracks:speed><mytracks:gradient>0</mytracks:gradient><mytracks:length>0.001103048483968712</mytracks:length></extensions></trkpt><trkpt lat="-33.95625383516808" lon="150.9548889667468"><ele>20.97812552769272</ele><time>2026-08-02T03:21:15.00100Z</time><extensions><mytracks:speed>4.268967076391735</mytracks:speed><mytracks:gradient>0</mytracks:gradient><mytracks:length>0.001185741491550095</mytracks:length></extensions></trkpt><trkpt lat="-33.95624636189554" lon="150.9548990455909"><ele>20.94762480211537</ele><time>2026-08-02T03:21:16.00100Z</time><extensions><mytracks:speed>4.482532378748346</mytracks:speed><mytracks:gradient>0</mytracks:gradient><mytracks:length>0.001245064760396722</mytracks:length></extensions></trkpt><trkpt lat="-33.956239258273" lon="150.9549099508264"><ele>20.86132485623301</ele><time>2026-08-02T03:21:17.00100Z</time><extensions><mytracks:speed>4.585857719168034</mytracks:speed><mytracks:gradient>0</mytracks:gradient><mytracks:length>0.001273690678297089</mytracks:length></extensions></trkpt><trkpt lat="-33.95623181290865" lon="150.9549204485843"><ele>20.66232801924715</ele><time>2026-08-02T03:21:18.00000Z</time><extensions><mytracks:speed>4.576872088732999</mytracks:speed><mytracks:gradient>0</mytracks:gradient><mytracks:length>0.001270147721007681</mytracks:length></extensions></trkpt><trkpt lat="-33.95622368394326" lon="150.9549326461088"><ele>20.5611224028912</ele><time>2026-08-02T03:21:18.99900Z</time><extensions><mytracks:speed>5.208039291798754</mytracks:speed><mytracks:gradient>0</mytracks:gradient><mytracks:length>0.001446011378093334</mytracks:length></extensions></trkpt><trkpt lat="-33.95621627616546" lon="150.9549445429035"><ele>20.52199840912902</ele><time>2026-08-02T03:21:19.99900Z</time><extensions><mytracks:speed>4.928878526100883</mytracks:speed><mytracks:gradient>0</mytracks:gradient><mytracks:length>0.001369176338671513</mytracks:length></extensions></trkpt><trkpt lat="-33.95620978108448" lon="150.9549563551092"><ele>20.41379017305758</ele><time>2026-08-02T03:21:21.00000Z</time><extensions><mytracks:speed>4.696178121173621</mytracks:speed><mytracks:gradient>0</mytracks:gradient><mytracks:length>0.001305144567157196</mytracks:length></extensions></trkpt><trkpt lat="-33.9562038497658" lon="150.9549681176886"><ele>20.29479538324038</ele><time>2026-08-02T03:21:22.00100Z</time><extensions><mytracks:speed>4.568634468650675</mytracks:speed><mytracks:gradient>0</mytracks:gradient><mytracks:length>0.001270147721007681</mytracks:length></extensions></trkpt><trkpt lat="-33.95619850211581" lon="150.9549807932246"><ele>20.34737954026551</ele><time>2026-08-02T03:21:23.00100Z</time><extensions><mytracks:speed>4.723509181779761</mytracks:speed><mytracks:gradient>0</mytracks:gradient><mytracks:length>0.001312031921402727</mytracks:length></extensions></trkpt><trkpt lat="-33.95619334545564" lon="150.9549931858493"><ele>20.27920014263905</ele><time>2026-08-02T03:21:24.00000Z</time><extensions><mytracks:speed>4.610960872247002</mytracks:speed><mytracks:gradient>0</mytracks:gradient><mytracks:length>0.001280747190346591</mytracks:length></extensions></trkpt><trkpt lat="-33.95618822019421" lon="150.9550048467924"><ele>20.2866295437609</ele><time>2026-08-02T03:21:24.99900Z</time><extensions><mytracks:speed>4.397590328264045</mytracks:speed><mytracks:gradient>0</mytracks:gradient><mytracks:length>0.00121946598229819</mytracks:length></extensions></trkpt><trkpt lat="-33.95618213563974" lon="150.9550167199105"><ele>20.33147119191312</ele><time>2026-08-02T03:21:25.99700Z</time><extensions><mytracks:speed>4.618445646850508</mytracks:speed><mytracks:gradient>0</mytracks:gradient><mytracks:length>0.001280747190346591</mytracks:length></extensions></trkpt><trkpt lat="-33.95617629728591" lon="150.9550274667161"><ele>20.48922908415141</ele><time>2026-08-02T03:21:26.99600Z</time><extensions><mytracks:speed>4.261123298296427</mytracks:speed><mytracks:gradient>0</mytracks:gradient><mytracks:length>0.001181934927981888</mytracks:length></extensions></trkpt><trkpt lat="-33.95617034814637" lon="150.9550387352113"><ele>20.51763485885233</ele><time>2026-08-02T03:21:27.99600Z</time><extensions><mytracks:speed>4.440974498178772</mytracks:speed><mytracks:gradient>0</mytracks:gradient><mytracks:length>0.001234158873558046</mytracks:length></extensions></trkpt><trkpt lat="-33.95616474651691" lon="150.9550493943853"><ele>20.79045817842653</ele><time>2026-08-02T03:21:28.99800Z</time><extensions><mytracks:speed>4.163557638109281</mytracks:speed><mytracks:gradient>0</mytracks:gradient><mytracks:length>0.001158832994518273</mytracks:length></extensions></trkpt><trkpt lat="-33.95615950858758" lon="150.9550608085923"><ele>20.87290253248749</ele><time>2026-08-02T03:21:29.99900Z</time><extensions><mytracks:speed>4.344064053236163</mytracks:speed><mytracks:gradient>0</mytracks:gradient><mytracks:length>0.001208329073383078</mytracks:length></extensions></trkpt><trkpt lat="-33.9561547746805" lon="150.9550722337037"><ele>20.93979446894364</ele><time>2026-08-02T03:21:30.99900Z</time><extensions><mytracks:speed>4.241633472691547</mytracks:speed><mytracks:gradient>0</mytracks:gradient><mytracks:length>0.001178116065243004</mytracks:length></extensions></trkpt><trkpt lat="-33.95614896165122" lon="150.9550835068747"><ele>20.89195731312159</ele><time>2026-08-02T03:21:31.99900Z</time><extensions><mytracks:speed>4.405424614348298</mytracks:speed><mytracks:gradient>0</mytracks:gradient><mytracks:length>0.001223155751645057</mytracks:length></extensions></trkpt><trkpt lat="-33.9561431038092" lon="150.9550944262447"><ele>20.91021120728043</ele><time>2026-08-02T03:21:32.99800Z</time><extensions><mytracks:speed>4.328245303808253</mytracks:speed><mytracks:gradient>0</mytracks:gradient><mytracks:length>0.001200847087677287</mytracks:length></extensions></trkpt><trkpt lat="-33.95613649676236" lon="150.9551059720305"><ele>20.81367572964259</ele><time>2026-08-02T03:21:33.99600Z</time><extensions><mytracks:speed>4.654257839278138</mytracks:speed><mytracks:gradient>0</mytracks:gradient><mytracks:length>0.00129125965552261</mytracks:length></extensions></trkpt><trkpt lat="-33.95612991841122" lon="150.9551157710029"><ele>20.88108345475786</ele><time>2026-08-02T03:21:34.99600Z</time><extensions><mytracks:speed>4.185848046544082</mytracks:speed><mytracks:gradient>0</mytracks:gradient><mytracks:length>0.001162715192978952</mytracks:length></extensions></trkpt><trkpt lat="-33.95612279341684" lon="150.9551259978172"><ele>20.98669665233735</ele><time>2026-08-02T03:21:35.99500Z</time><extensions><mytracks:speed>4.435797668288619</mytracks:speed><mytracks:gradient>0</mytracks:gradient><mytracks:length>0.001230502098487512</mytracks:length></extensions></trkpt><trkpt lat="-33.95611017482602" lon="150.9551417462818"><ele>21.11755009311518</ele><time>2026-08-02T03:21:37.49700Z</time><extensions><mytracks:speed>4.837242224791015</mytracks:speed><mytracks:gradient>0</mytracks:gradient><mytracks:length>0.002018352120308064</mytracks:length></extensions></trkpt><trkpt lat="-33.95610088737646" lon="150.9551497967678"><ele>21.23404223946913</ele><time>2026-08-02T03:21:38.49800Z</time><extensions><mytracks:speed>4.569987105284653</mytracks:speed><mytracks:gradient>0</mytracks:gradient><mytracks:length>0.001270147721007681</mytracks:length></extensions></trkpt><trkpt lat="-33.95609014309264" lon="150.9551606420736"><ele>21.13346000134992</ele><time>2026-08-02T03:21:39.50000Z</time><extensions><mytracks:speed>5.581645128516111</mytracks:speed><mytracks:gradient>0</mytracks:gradient><mytracks:length>0.00155415780870913</mytracks:length></extensions></trkpt><trkpt lat="-33.9560803012125" lon="150.9551703540033"><ele>20.95702030326998</ele><time>2026-08-02T03:21:40.50200Z</time><extensions><mytracks:speed>5.082833220797809</mytracks:speed><mytracks:gradient>0</mytracks:gradient><mytracks:length>0.001414504081852167</mytracks:length></extensions></trkpt><trkpt lat="-33.9560695569181" lon="150.955184324061"><ele>20.42995444556517</ele><time>2026-08-02T03:21:42.00200Z</time><extensions><mytracks:speed>4.213354403398126</mytracks:speed><mytracks:gradient>0</mytracks:gradient><mytracks:length>0.001755661440472997</mytracks:length></extensions></trkpt><trkpt lat="-33.95606351172952" lon="150.9551938853357"><ele>19.96514774368656</ele><time>2026-08-02T03:21:43.00200Z</time><extensions><mytracks:speed>3.987332149148924</mytracks:speed><mytracks:gradient>0</mytracks:gradient><mytracks:length>0.001107126311125143</mytracks:length></extensions></trkpt><trkpt lat="-33.9560586821752" lon="150.955202057491"><ele>19.67076697930341</ele><time>2026-08-02T03:21:44.00100Z</time><extensions><mytracks:speed>3.349289325533852</mytracks:speed><mytracks:gradient>0</mytracks:gradient><mytracks:length>0.0009301721543831611</mytracks:length></extensions></trkpt><trkpt lat="-33.95605411855821" lon="150.9552107780797"><ele>19.42750790977203</ele><time>2026-08-02T03:21:45.00100Z</time><extensions><mytracks:speed>3.41806311545136</mytracks:speed><mytracks:gradient>0</mytracks:gradient><mytracks:length>0.000949352979660035</mytracks:length></extensions></trkpt><trkpt lat="-33.95604945447754" lon="150.9552195224364"><ele>19.3823709099484</ele><time>2026-08-02T03:21:46.00000Z</time><extensions><mytracks:speed>3.473005547183234</mytracks:speed><mytracks:gradient>0</mytracks:gradient><mytracks:length>0.0009634880447566896</mytracks:length></extensions></trkpt><trkpt lat="-33.95604480437325" lon="150.9552276548515"><ele>19.47331969693973</ele><time>2026-08-02T03:21:46.99900Z</time><extensions><mytracks:speed>3.30021262044215</mytracks:speed><mytracks:gradient>0</mytracks:gradient><mytracks:length>0.0009155228584749426</mytracks:length></extensions></trkpt><trkpt lat="-33.95603894834964" lon="150.9552351510664"><ele>19.66067047523187</ele><time>2026-08-02T03:21:47.99900Z</time><extensions><mytracks:speed>3.432209293058479</mytracks:speed><mytracks:gradient>0</mytracks:gradient><mytracks:length>0.0009540879366123862</mytracks:length></extensions></trkpt><trkpt lat="-33.95603159519752" lon="150.9552430771855"><ele>19.6908100214705</ele><time>2026-08-02T03:21:49.00000Z</time><extensions><mytracks:speed>3.970058295770584</mytracks:speed><mytracks:gradient>0</mytracks:gradient><mytracks:length>0.001103048483968712</mytracks:length></extensions></trkpt><trkpt lat="-33.95602253113093" lon="150.9552512661887"><ele>19.82056860766416</ele><time>2026-08-02T03:21:50.00000Z</time><extensions><mytracks:speed>4.532615305677011</mytracks:speed><mytracks:gradient>0</mytracks:gradient><mytracks:length>0.001259459050855296</mytracks:length></extensions></trkpt><trkpt lat="-33.95601135523369" lon="150.9552589392182"><ele>19.90956248384241</ele><time>2026-08-02T03:21:51.00000Z</time><extensions><mytracks:speed>5.149840556146139</mytracks:speed><mytracks:gradient>0</mytracks:gradient><mytracks:length>0.00143034448702958</mytracks:length></extensions></trkpt><trkpt lat="-33.95599984755901" lon="150.9552682338219"><ele>20.01402465715011</ele><time>2026-08-02T03:21:52.00000Z</time><extensions><mytracks:speed>5.539238116174488</mytracks:speed><mytracks:gradient>0</mytracks:gradient><mytracks:length>0.001539591809659981</mytracks:length></extensions></trkpt><trkpt lat="-33.95598741029625" lon="150.9552789972376"><ele>20.14613912341729</ele><time>2026-08-02T03:21:53.00100Z</time><extensions><mytracks:speed>6.11879499239762</mytracks:speed><mytracks:gradient>0</mytracks:gradient><mytracks:length>0.001700905690144502</mytracks:length></extensions></trkpt><trkpt lat="-33.95597508253388" lon="150.9552899151904"><ele>20.32536639549127</ele><time>2026-08-02T03:21:54.00000Z</time><extensions><mytracks:speed>6.137731123474537</mytracks:speed><mytracks:gradient>0</mytracks:gradient><mytracks:length>0.001703553015777859</mytracks:length></extensions></trkpt><trkpt lat="-33.95596261531615" lon="150.955300151267"><ele>20.37787715361162</ele><time>2026-08-02T03:21:55.00000Z</time><extensions><mytracks:speed>6.039072083941117</mytracks:speed><mytracks:gradient>0</mytracks:gradient><mytracks:length>0.00167689169881865</mytracks:length></extensions></trkpt><trkpt lat="-33.95595145776304" lon="150.9553104147363"><ele>20.34886291398712</ele><time>2026-08-02T03:21:56.00000Z</time><extensions><mytracks:speed>5.607935797055032</mytracks:speed><mytracks:gradient>0</mytracks:gradient><mytracks:length>0.001557054657091863</mytracks:length></extensions></trkpt><trkpt lat="-33.95593945110247" lon="150.9553208432166"><ele>20.3774888944046</ele><time>2026-08-02T03:21:57.00100Z</time><extensions><mytracks:speed>5.921757303978035</mytracks:speed><mytracks:gradient>0</mytracks:gradient><mytracks:length>0.001647065861089976</mytracks:length></extensions></trkpt><trkpt lat="-33.95592829754987" lon="150.9553305995463"><ele>20.28414168545716</ele><time>2026-08-02T03:21:58.00200Z</time><extensions><mytracks:speed>5.506529503018129</mytracks:speed><mytracks:gradient>0</mytracks:gradient><mytracks:length>0.001530785683226889</mytracks:length></extensions></trkpt><trkpt lat="-33.95591654931272" lon="150.9553399940477"><ele>20.15991027680677</ele><time>2026-08-02T03:21:59.00200Z</time><extensions><mytracks:speed>5.635934743745859</mytracks:speed><mytracks:gradient>0</mytracks:gradient><mytracks:length>0.001565713044453274</mytracks:length></extensions></trkpt><trkpt lat="-33.95590662113718" lon="150.9553488419325"><ele>20.17715232289605</ele><time>2026-08-02T03:22:00.00300Z</time><extensions><mytracks:speed>4.935751459763368</mytracks:speed><mytracks:gradient>0</mytracks:gradient><mytracks:length>0.001372463681551473</mytracks:length></extensions></trkpt><trkpt lat="-33.95589757282304" lon="150.9553579513701"><ele>19.94438256451953</ele><time>2026-08-02T03:22:01.00300Z</time><extensions><mytracks:speed>4.721656715750556</mytracks:speed><mytracks:gradient>0</mytracks:gradient><mytracks:length>0.001312031921402727</mytracks:length></extensions></trkpt><trkpt lat="-33.95588861465198" lon="150.9553668315097"><ele>19.57369432852554</ele><time>2026-08-02T03:22:02.00300Z</time><extensions><mytracks:speed>4.637208980873659</mytracks:speed><mytracks:gradient>0</mytracks:gradient><mytracks:length>0.001287765035703515</mytracks:length></extensions></trkpt><trkpt lat="-33.95588173884968" lon="150.9553768995916"><ele>19.24816505212704</ele><time>2026-08-02T03:22:03.00200Z</time><extensions><mytracks:speed>4.328293863547813</mytracks:speed><mytracks:gradient>0</mytracks:gradient><mytracks:length>0.001200847087677287</mytracks:length></extensions></trkpt><trkpt lat="-33.95587726252338" lon="150.9553874590677"><ele>19.08129912808086</ele><time>2026-08-02T03:22:04.00100Z</time><extensions><mytracks:speed>3.93031735345044</mytracks:speed><mytracks:gradient>0</mytracks:gradient><mytracks:length>0.001090723533066923</mytracks:length></extensions></trkpt><trkpt lat="-33.95587349692043" lon="150.9553984166172"><ele>18.92618733875344</ele><time>2026-08-02T03:22:05.00100Z</time><extensions><mytracks:speed>3.941899863357628</mytracks:speed><mytracks:gradient>0</mytracks:gradient><mytracks:length>0.001094847266236659</mytracks:length></extensions></trkpt><trkpt lat="-33.95587038366649" lon="150.9554103694313"><ele>18.95437175166895</ele><time>2026-08-02T03:22:06.00100Z</time><extensions><mytracks:speed>4.168511122815517</mytracks:speed><mytracks:gradient>0</mytracks:gradient><mytracks:length>0.001158832994518273</mytracks:length></extensions></trkpt><trkpt lat="-33.95586966487906" lon="150.9554233280557"><ele>19.03651338920659</ele><time>2026-08-02T03:22:07.00200Z</time><extensions><mytracks:speed>4.307807726750516</mytracks:speed><mytracks:gradient>0</mytracks:gradient><mytracks:length>0.001197088558621761</mytracks:length></extensions></trkpt><trkpt lat="-33.95586941672066" lon="150.9554379024667"><ele>19.08068081539125</ele><time>2026-08-02T03:22:08.00200Z</time><extensions><mytracks:speed>4.856934668724233</mytracks:speed><mytracks:gradient>0</mytracks:gradient><mytracks:length>0.0013492840996538</mytracks:length></extensions></trkpt><trkpt lat="-33.9558690569302" lon="150.9554524315412"><ele>19.05476115031671</ele><time>2026-08-02T03:22:09.00200Z</time><extensions><mytracks:speed>4.82099659838829</mytracks:speed><mytracks:gradient>0</mytracks:gradient><mytracks:length>0.001339227183557324</mytracks:length></extensions></trkpt><trkpt lat="-33.95586873451068" lon="150.9554685442254"><ele>18.86883206783424</ele><time>2026-08-02T03:22:10.00200Z</time><extensions><mytracks:speed>5.347749632407549</mytracks:speed><mytracks:gradient>0</mytracks:gradient><mytracks:length>0.001485972458013271</mytracks:length></extensions></trkpt><trkpt lat="-33.9558692293539" lon="150.9554851244055"><ele>18.75104957591373</ele><time>2026-08-02T03:22:11.00300Z</time><extensions><mytracks:speed>5.508262325978189</mytracks:speed><mytracks:gradient>0</mytracks:gradient><mytracks:length>0.001530785683226889</mytracks:length></extensions></trkpt><trkpt lat="-33.95587063147931" lon="150.9555012732063"><ele>18.65345548105052</ele><time>2026-08-02T03:22:12.00300Z</time><extensions><mytracks:speed>5.392798008493209</mytracks:speed><mytracks:gradient>0</mytracks:gradient><mytracks:length>0.001498053733740409</mytracks:length></extensions></trkpt><trkpt lat="-33.95587124425264" lon="150.9555160780362"><ele>18.56192588989973</ele><time>2026-08-02T03:22:13.00300Z</time><extensions><mytracks:speed>4.929802914759589</mytracks:speed><mytracks:gradient>0</mytracks:gradient><mytracks:length>0.001369176338671513</mytracks:length></extensions></trkpt><trkpt lat="-33.9558724073005" lon="150.9555302326557"><ele>18.56352624072498</ele><time>2026-08-02T03:22:14.00100Z</time><extensions><mytracks:speed>4.729728455646804</mytracks:speed><mytracks:gradient>0</mytracks:gradient><mytracks:length>0.001312031921402727</mytracks:length></extensions></trkpt><trkpt lat="-33.95587476881747" lon="150.9555431726629"><ele>18.66015166916612</ele><time>2026-08-02T03:22:15.00100Z</time><extensions><mytracks:speed>4.392821017588997</mytracks:speed><mytracks:gradient>0</mytracks:gradient><mytracks:length>0.00121946598229819</mytracks:length></extensions></trkpt><trkpt lat="-33.95587761291579" lon="150.9555551789528"><ele>18.69362806325013</ele><time>2026-08-02T03:22:16.00000Z</time><extensions><mytracks:speed>4.131483912294299</mytracks:speed><mytracks:gradient>0</mytracks:gradient><mytracks:length>0.00114710756984012</mytracks:length></extensions></trkpt><trkpt lat="-33.95588104488223" lon="150.9555661197888"><ele>18.70116667950954</ele><time>2026-08-02T03:22:17.00000Z</time><extensions><mytracks:speed>3.897482913459799</mytracks:speed><mytracks:gradient>0</mytracks:gradient><mytracks:length>0.001082428937153014</mytracks:length></extensions></trkpt><trkpt lat="-33.95588702458728" lon="150.9555758573452"><ele>18.74423678894856</ele><time>2026-08-02T03:22:18.00100Z</time><extensions><mytracks:speed>3.997358037809581</mytracks:speed><mytracks:gradient>0</mytracks:gradient><mytracks:length>0.001111189173626823</mytracks:length></extensions></trkpt><trkpt lat="-33.95589432078686" lon="150.955585007943"><ele>18.61217481410363</ele><time>2026-08-02T03:22:19.00100Z</time><extensions><mytracks:speed>4.2127447683695</mytracks:speed><mytracks:gradient>0</mytracks:gradient><mytracks:length>0.001170440960315329</mytracks:length></extensions></trkpt><trkpt lat="-33.95590155817682" lon="150.9555944686437"><ele>18.46027666059253</ele><time>2026-08-02T03:22:20.00000Z</time><extensions><mytracks:speed>4.285986379058983</mytracks:speed><mytracks:gradient>0</mytracks:gradient><mytracks:length>0.001189535874021183</mytracks:length></extensions></trkpt><trkpt lat="-33.95590991014286" lon="150.955603279347"><ele>18.45993851860181</ele><time>2026-08-02T03:22:20.99900Z</time><extensions><mytracks:speed>4.46291635872857</mytracks:speed><mytracks:gradient>0</mytracks:gradient><mytracks:length>0.001237804845677201</mytracks:length></extensions></trkpt><trkpt lat="-33.95591838705079" lon="150.9556125961807"><ele>18.57271669023877</ele><time>2026-08-02T03:22:21.99800Z</time><extensions><mytracks:speed>4.587974598850196</mytracks:speed><mytracks:gradient>0</mytracks:gradient><mytracks:length>0.001273690678297089</mytracks:length></extensions></trkpt><trkpt lat="-33.95592752673747" lon="150.9556210294382"><ele>18.64509834743863</ele><time>2026-08-02T03:22:22.99900Z</time><extensions><mytracks:speed>4.607607933139243</mytracks:speed><mytracks:gradient>0</mytracks:gradient><mytracks:length>0.001280747190346591</mytracks:length></extensions></trkpt><trkpt lat="-33.95593616856446" lon="150.9556301227965"><ele>18.78535682462831</ele><time>2026-08-02T03:22:24.00000Z</time><extensions><mytracks:speed>4.589807246919893</mytracks:speed><mytracks:gradient>0</mytracks:gradient><mytracks:length>0.001277223807631534</mytracks:length></extensions></trkpt><trkpt lat="-33.95594556993935" lon="150.9556383552292"><ele>18.83740538345677</ele><time>2026-08-02T03:22:25.00100Z</time><extensions><mytracks:speed>4.658945962065401</mytracks:speed><mytracks:gradient>0</mytracks:gradient><mytracks:length>0.001294744843117849</mytracks:length></extensions></trkpt><trkpt lat="-33.95595451178494" lon="150.9556465241728"><ele>18.8610418492438</ele><time>2026-08-02T03:22:26.00000Z</time><extensions><mytracks:speed>4.484709492786632</mytracks:speed><mytracks:gradient>0</mytracks:gradient><mytracks:length>0.001245064760396722</mytracks:length></extensions></trkpt><trkpt lat="-33.95596290051613" lon="150.9556527787703"><ele>18.8889333249123</ele><time>2026-08-02T03:22:27.00000Z</time><extensions><mytracks:speed>3.942618570394215</mytracks:speed><mytracks:gradient>0</mytracks:gradient><mytracks:length>0.001094847266236659</mytracks:length></extensions></trkpt><trkpt lat="-33.95597064102663" lon="150.9556591034617"><ele>19.01085372192485</ele><time>2026-08-02T03:22:27.99900Z</time><extensions><mytracks:speed>3.730208963510061</mytracks:speed><mytracks:gradient>0</mytracks:gradient><mytracks:length>0.001035621835028294</mytracks:length></extensions></trkpt><trkpt lat="-33.95597949041705" lon="150.9556644218756"><ele>19.13731088387487</ele><time>2026-08-02T03:22:28.99800Z</time><extensions><mytracks:speed>3.961120575752909</mytracks:speed><mytracks:gradient>0</mytracks:gradient><mytracks:length>0.00109895552557225</mytracks:length></extensions></trkpt><trkpt lat="-33.95598870491524" lon="150.9556700184283"><ele>19.32989543341848</ele><time>2026-08-02T03:22:29.99800Z</time><extensions><mytracks:speed>4.132405536898804</mytracks:speed><mytracks:gradient>0</mytracks:gradient><mytracks:length>0.00114710756984012</mytracks:length></extensions></trkpt><trkpt lat="-33.95599817953735" lon="150.9556743190296"><ele>19.41468089243708</ele><time>2026-08-02T03:22:30.99900Z</time><extensions><mytracks:speed>4.054368904962225</mytracks:speed><mytracks:gradient>0</mytracks:gradient><mytracks:length>0.001127294204183201</mytracks:length></extensions></trkpt><trkpt lat="-33.95600919111712" lon="150.9556793116321"><ele>19.4177320002714</ele><time>2026-08-02T03:22:32.00000Z</time><extensions><mytracks:speed>4.702074799251909</mytracks:speed><mytracks:gradient>0</mytracks:gradient><mytracks:length>0.001308592775457605</mytracks:length></extensions></trkpt><trkpt lat="-33.95602026133069" lon="150.9556839169608"><ele>19.37058172309294</ele><time>2026-08-02T03:22:33.00200Z</time><extensions><mytracks:speed>4.677569344710599</mytracks:speed><mytracks:gradient>0</mytracks:gradient><mytracks:length>0.001301687224482153</mytracks:length></extensions></trkpt><trkpt lat="-33.9560310808162" lon="150.9556891932911"><ele>19.30642443627523</ele><time>2026-08-02T03:22:34.00100Z</time><extensions><mytracks:speed>4.679772306238203</mytracks:speed><mytracks:gradient>0</mytracks:gradient><mytracks:length>0.001298220674454138</mytracks:length></extensions></trkpt><trkpt lat="-33.95604150237796" lon="150.9556937824165"><ele>19.22602609208949</ele><time>2026-08-02T03:22:35.00000Z</time><extensions><mytracks:speed>4.447282654674676</mytracks:speed><mytracks:gradient>0</mytracks:gradient><mytracks:length>0.001234158873558046</mytracks:length></extensions></trkpt><trkpt lat="-33.95605263946775" lon="150.9556995683298"><ele>19.23254685720416</ele><time>2026-08-02T03:22:35.99900Z</time><extensions><mytracks:speed>4.85188909456877</mytracks:speed><mytracks:gradient>0</mytracks:gradient><mytracks:length>0.001345940143832062</mytracks:length></extensions></trkpt><trkpt lat="-33.95606403322773" lon="150.9557064346408"><ele>19.20471265726877</ele><time>2026-08-02T03:22:36.99900Z</time><extensions><mytracks:speed>5.090689055099889</mytracks:speed><mytracks:gradient>0</mytracks:gradient><mytracks:length>0.001414504081852167</mytracks:length></extensions></trkpt><trkpt lat="-33.95607527467195" lon="150.955716152529"><ele>19.15853192210826</ele><time>2026-08-02T03:22:38.00100Z</time><extensions><mytracks:speed>5.532238448056355</mytracks:speed><mytracks:gradient>0</mytracks:gradient><mytracks:length>0.001539591809659981</mytracks:length></extensions></trkpt><trkpt lat="-33.95608616369201" lon="150.9557247849493"><ele>19.11011722473692</ele><time>2026-08-02T03:22:39.00100Z</time><extensions><mytracks:speed>5.224844417505817</mytracks:speed><mytracks:gradient>0</mytracks:gradient><mytracks:length>0.001452230810572194</mytracks:length></extensions></trkpt><trkpt lat="-33.95609889678662" lon="150.955734025116"><ele>19.02127014967215</ele><time>2026-08-02T03:22:40.00300Z</time><extensions><mytracks:speed>5.951517657779317</mytracks:speed><mytracks:gradient>0</mytracks:gradient><mytracks:length>0.00165525348003493</mytracks:length></extensions></trkpt><trkpt lat="-33.95611071025532" lon="150.9557435220728"><ele>18.87647566191775</ele><time>2026-08-02T03:22:41.00200Z</time><extensions><mytracks:speed>5.701844052530155</mytracks:speed><mytracks:gradient>0</mytracks:gradient><mytracks:length>0.00158288774155671</mytracks:length></extensions></trkpt><trkpt lat="-33.95612207382786" lon="150.9557528337625"><ele>18.71898486305711</ele><time>2026-08-02T03:22:42.00200Z</time><extensions><mytracks:speed>5.512742796270215</mytracks:speed><mytracks:gradient>0</mytracks:gradient><mytracks:length>0.001530785683226889</mytracks:length></extensions></trkpt><trkpt lat="-33.95613257529239" lon="150.9557600025383"><ele>18.59135768222426</ele><time>2026-08-02T03:22:43.00200Z</time><extensions><mytracks:speed>4.821715056947164</mytracks:speed><mytracks:gradient>0</mytracks:gradient><mytracks:length>0.001339227183557324</mytracks:length></extensions></trkpt><trkpt lat="-33.95614315569703" lon="150.9557678826395"><ele>18.50204440341947</ele><time>2026-08-02T03:22:44.00200Z</time><extensions><mytracks:speed>4.963815600951834</mytracks:speed><mytracks:gradient>0</mytracks:gradient><mytracks:length>0.001379014858069923</mytracks:length></extensions></trkpt><trkpt lat="-33.95615165695403" lon="150.955776188095"><ele>18.51072887127949</ele><time>2026-08-02T03:22:45.00200Z</time><extensions><mytracks:speed>4.375234723838057</mytracks:speed><mytracks:gradient>0</mytracks:gradient><mytracks:length>0.001215765014788054</mytracks:length></extensions></trkpt><trkpt lat="-33.95615955642605" lon="150.9557849257658"><ele>18.60816376242886</ele><time>2026-08-02T03:22:46.00100Z</time><extensions><mytracks:speed>4.31325947488624</mytracks:speed><mytracks:gradient>0</mytracks:gradient><mytracks:length>0.001197088558621761</mytracks:length></extensions></trkpt><trkpt lat="-33.95616803563295" lon="150.955792808482"><ele>18.64169008816018</ele><time>2026-08-02T03:22:47.00000Z</time><extensions><mytracks:speed>4.285325796352065</mytracks:speed><mytracks:gradient>0</mytracks:gradient><mytracks:length>0.001189535874021183</mytracks:length></extensions></trkpt><trkpt lat="-33.95617656382122" lon="150.9558022207002"><ele>18.68951725418019</ele><time>2026-08-02T03:22:47.99800Z</time><extensions><mytracks:speed>4.634119384555468</mytracks:speed><mytracks:gradient>0</mytracks:gradient><mytracks:length>0.001284260906662108</mytracks:length></extensions></trkpt><trkpt lat="-33.95618615247596" lon="150.9558106149801"><ele>18.67173559761128</ele><time>2026-08-02T03:22:48.99500Z</time><extensions><mytracks:speed>4.762820919940413</mytracks:speed><mytracks:gradient>0</mytracks:gradient><mytracks:length>0.001318883309614433</mytracks:length></extensions></trkpt><trkpt lat="-33.95619629234611" lon="150.9558187327047"><ele>18.5063276622871</ele><time>2026-08-02T03:22:49.99300Z</time><extensions><mytracks:speed>4.89016263105447</mytracks:speed><mytracks:gradient>0</mytracks:gradient><mytracks:length>0.001355947271533209</mytracks:length></extensions></trkpt><trkpt lat="-33.95620699269964" lon="150.9558271682971"><ele>18.33485955226932</ele><time>2026-08-02T03:22:50.99300Z</time><extensions><mytracks:speed>5.115783589110674</mytracks:speed><mytracks:gradient>0</mytracks:gradient><mytracks:length>0.00142086143560033</mytracks:length></extensions></trkpt><trkpt lat="-33.95621576513888" lon="150.9558353663465"><ele>18.25588292848865</ele><time>2026-08-02T03:22:51.99600Z</time><extensions><mytracks:speed>4.432061136421183</mytracks:speed><mytracks:gradient>0</mytracks:gradient><mytracks:length>0.001234158873558046</mytracks:length></extensions></trkpt><trkpt lat="-33.95622561870821" lon="150.955840767552"><ele>18.005838773975</ele><time>2026-08-02T03:22:52.99900Z</time><extensions><mytracks:speed>4.323798462960871</mytracks:speed><mytracks:gradient>0</mytracks:gradient><mytracks:length>0.001204593889567316</mytracks:length></extensions></trkpt><trkpt lat="-33.9562349826162" lon="150.9558474814872"><ele>17.81436436114802</ele><time>2026-08-02T03:22:53.99900Z</time><extensions><mytracks:speed>4.345984555132363</mytracks:speed><mytracks:gradient>0</mytracks:gradient><mytracks:length>0.001208329073383078</mytracks:length></extensions></trkpt><trkpt lat="-33.95624414565059" lon="150.9558535340526"><ele>17.68945226112718</ele><time>2026-08-02T03:22:54.99900Z</time><extensions><mytracks:speed>4.202553192413133</mytracks:speed><mytracks:gradient>0</mytracks:gradient><mytracks:length>0.001166584472202496</mytracks:length></extensions></trkpt><trkpt lat="-33.95625375820065" lon="150.9558587702782"><ele>17.57116306206232</ele><time>2026-08-02T03:22:55.99800Z</time><extensions><mytracks:speed>4.231482366653526</mytracks:speed><mytracks:gradient>0</mytracks:gradient><mytracks:length>0.001174284783339954</mytracks:length></extensions></trkpt><trkpt lat="-33.95626476811562" lon="150.9558647240167"><ele>17.50461563961419</ele><time>2026-08-02T03:22:56.99700Z</time><extensions><mytracks:speed>4.838963649342368</mytracks:speed><mytracks:gradient>0</mytracks:gradient><mytracks:length>0.001342587859314532</mytracks:length></extensions></trkpt><trkpt lat="-33.95627401879796" lon="150.9558718351204"><ele>17.56540046771442</ele><time>2026-08-02T03:22:57.99700Z</time><extensions><mytracks:speed>4.374494999966194</mytracks:speed><mytracks:gradient>0</mytracks:gradient><mytracks:length>0.001215765014788054</mytracks:length></extensions></trkpt><trkpt lat="-33.95628285115912" lon="150.9558782355115"><ele>17.54416839378493</ele><time>2026-08-02T03:22:58.99800Z</time><extensions><mytracks:speed>4.11098003239573</mytracks:speed><mytracks:gradient>0</mytracks:gradient><mytracks:length>0.00114317236932346</mytracks:length></extensions></trkpt><trkpt lat="-33.95629109584557" lon="150.9558853396085"><ele>17.59540358834955</ele><time>2026-08-02T03:22:59.99900Z</time><extensions><mytracks:speed>4.04096810956063</mytracks:speed><mytracks:gradient>0</mytracks:gradient><mytracks:length>0.001123289593998423</mytracks:length></extensions></trkpt><trkpt lat="-33.95629951222228" lon="150.9558914655751"><ele>17.63681340078366</ele><time>2026-08-02T03:23:00.99700Z</time><extensions><mytracks:speed>3.948049059707838</mytracks:speed><mytracks:gradient>0</mytracks:gradient><mytracks:length>0.001094847266236659</mytracks:length></extensions></trkpt><trkpt lat="-33.95630818349722" lon="150.9558981584335"><ele>17.66285200618749</ele><time>2026-08-02T03:23:01.99700Z</time><extensions><mytracks:speed>4.117411842049576</mytracks:speed><mytracks:gradient>0</mytracks:gradient><mytracks:length>0.00114317236932346</mytracks:length></extensions></trkpt><trkpt lat="-33.95631920477556" lon="150.9559056652921"><ele>17.75071068842066</ele><time>2026-08-02T03:23:02.99800Z</time><extensions><mytracks:speed>5.053399223123461</mytracks:speed><mytracks:gradient>0</mytracks:gradient><mytracks:length>0.001404914113096157</mytracks:length></extensions></trkpt><trkpt lat="-33.95633073900703" lon="150.9559139109423"><ele>17.88632208960919</ele><time>2026-08-02T03:23:04.00000Z</time><extensions><mytracks:speed>5.369498582104233</mytracks:speed><mytracks:gradient>0</mytracks:gradient><mytracks:length>0.00149504256741194</mytracks:length></extensions></trkpt><trkpt lat="-33.95634287273424" lon="150.9559213218386"><ele>17.97420607289681</ele><time>2026-08-02T03:23:05.00300Z</time><extensions><mytracks:speed>5.443011746055864</mytracks:speed><mytracks:gradient>0</mytracks:gradient><mytracks:length>0.001515995136526811</mytracks:length></extensions></trkpt><trkpt lat="-33.95635463478538" lon="150.9559300820118"><ele>18.04407596227169</ele><time>2026-08-02T03:23:06.00300Z</time><extensions><mytracks:speed>5.532491842477805</mytracks:speed><mytracks:gradient>0</mytracks:gradient><mytracks:length>0.001536662041430126</mytracks:length></extensions></trkpt><trkpt lat="-33.95636604075578" lon="150.9559383631181"><ele>18.12853354894161</ele><time>2026-08-02T03:23:07.00300Z</time><extensions><mytracks:speed>5.337987542883081</mytracks:speed><mytracks:gradient>0</mytracks:gradient><mytracks:length>0.001482936760342163</mytracks:length></extensions></trkpt><trkpt lat="-33.95637612063812" lon="150.9559469201067"><ele>18.23643148511368</ele><time>2026-08-02T03:23:08.00200Z</time><extensions><mytracks:speed>4.93166743797699</mytracks:speed><mytracks:gradient>0</mytracks:gradient><mytracks:length>0.001369176338671513</mytracks:length></extensions></trkpt><trkpt lat="-33.95638597749603" lon="150.9559554002784"><ele>18.45318266291847</ele><time>2026-08-02T03:23:09.00200Z</time><extensions><mytracks:speed>4.845831632940617</mytracks:speed><mytracks:gradient>0</mytracks:gradient><mytracks:length>0.001345940143832062</mytracks:length></extensions></trkpt><trkpt lat="-33.95639625001042" lon="150.9559649154517"><ele>18.72351716041958</ele><time>2026-08-02T03:23:10.00100Z</time><extensions><mytracks:speed>5.189425315030305</mytracks:speed><mytracks:gradient>0</mytracks:gradient><mytracks:length>0.001439765079440252</mytracks:length></extensions></trkpt><trkpt lat="-33.95640622816113" lon="150.955973931062"><ele>19.01975938559269</ele><time>2026-08-02T03:23:11.00000Z</time><extensions><mytracks:speed>5.004704343503786</mytracks:speed><mytracks:gradient>0</mytracks:gradient><mytracks:length>0.001388783680483499</mytracks:length></extensions></trkpt><trkpt lat="-33.95641614615451" lon="150.9559826488601"><ele>19.17680623474683</ele><time>2026-08-02T03:23:11.99900Z</time><extensions><mytracks:speed>4.91942559598084</mytracks:speed><mytracks:gradient>0</mytracks:gradient><mytracks:length>0.001365881083981338</mytracks:length></extensions></trkpt><trkpt lat="-33.9564254383551" lon="150.95598922164"><ele>19.26113621302607</ele><time>2026-08-02T03:23:12.99800Z</time><extensions><mytracks:speed>4.314432628603028</mytracks:speed><mytracks:gradient>0</mytracks:gradient><mytracks:length>0.001197088558621761</mytracks:length></extensions></trkpt><trkpt lat="-33.95643395286567" lon="150.9559964517393"><ele>19.19929254660677</ele><time>2026-08-02T03:23:13.99800Z</time><extensions><mytracks:speed>4.173789993534315</mytracks:speed><mytracks:gradient>0</mytracks:gradient><mytracks:length>0.001158832994518273</mytracks:length></extensions></trkpt><trkpt lat="-33.95644177638531" lon="150.9560029290607"><ele>19.07752381495104</ele><time>2026-08-02T03:23:14.99800Z</time><extensions><mytracks:speed>3.790119949336016</mytracks:speed><mytracks:gradient>0</mytracks:gradient><mytracks:length>0.001052883387838818</mytracks:length></extensions></trkpt><trkpt lat="-33.95644997686431" lon="150.9560094018268"><ele>18.848793173381</ele><time>2026-08-02T03:23:15.99900Z</time><extensions><mytracks:speed>3.908162181392028</mytracks:speed><mytracks:gradient>0</mytracks:gradient><mytracks:length>0.001086584149887204</mytracks:length></extensions></trkpt><trkpt lat="-33.95645637114107" lon="150.9560168072921"><ele>18.72161881047267</ele><time>2026-08-02T03:23:17.00000Z</time><extensions><mytracks:speed>3.546121483532579</mytracks:speed><mytracks:gradient>0</mytracks:gradient><mytracks:length>0.0009865965570528504</mytracks:length></extensions></trkpt><trkpt lat="-33.95646348081437" lon="150.9560257037764"><ele>18.60137566277174</ele><time>2026-08-02T03:23:18.00000Z</time><extensions><mytracks:speed>4.115876344059974</mytracks:speed><mytracks:gradient>0</mytracks:gradient><mytracks:length>0.00114317236932346</mytracks:length></extensions></trkpt><trkpt lat="-33.95647110720135" lon="150.9560346724088"><ele>18.48675730235684</ele><time>2026-08-02T03:23:18.99800Z</time><extensions><mytracks:speed>4.265451645408327</mytracks:speed><mytracks:gradient>0</mytracks:gradient><mytracks:length>0.001181934927981888</mytracks:length></extensions></trkpt><trkpt lat="-33.95647867201339" lon="150.9560433955419"><ele>18.31335889950855</ele><time>2026-08-02T03:23:19.99600Z</time><extensions><mytracks:speed>4.205343905596141</mytracks:speed><mytracks:gradient>0</mytracks:gradient><mytracks:length>0.001166584472202496</mytracks:length></extensions></trkpt><trkpt lat="-33.9564862097463" lon="150.956052109332"><ele>18.13416786550709</ele><time>2026-08-02T03:23:20.99600Z</time><extensions><mytracks:speed>4.16046799334823</mytracks:speed><mytracks:gradient>0</mytracks:gradient><mytracks:length>0.001154937746540606</mytracks:length></extensions></trkpt><trkpt lat="-33.95649621007544" lon="150.9560601514357"><ele>17.93643401527606</ele><time>2026-08-02T03:23:21.99600Z</time><extensions><mytracks:speed>4.796078138629276</mytracks:speed><mytracks:gradient>0</mytracks:gradient><mytracks:length>0.001332480404200788</mytracks:length></extensions></trkpt><trkpt lat="-33.9565063131738" lon="150.9560685761686"><ele>17.77533719375148</ele><time>2026-08-02T03:23:22.99700Z</time><extensions><mytracks:speed>4.89933820590428</mytracks:speed><mytracks:gradient>0</mytracks:gradient><mytracks:length>0.001362577860079247</mytracks:length></extensions></trkpt><trkpt lat="-33.9565166536697" lon="150.9560757945589"><ele>17.62738425276969</ele><time>2026-08-02T03:23:23.99800Z</time><extensions><mytracks:speed>4.768264512824831</mytracks:speed><mytracks:gradient>0</mytracks:gradient><mytracks:length>0.001325699289424003</mytracks:length></extensions></trkpt><trkpt lat="-33.9565267956436" lon="150.9560829512664"><ele>17.54376159024483</ele><time>2026-08-02T03:23:25.00000Z</time><extensions><mytracks:speed>4.691154833513355</mytracks:speed><mytracks:gradient>0</mytracks:gradient><mytracks:length>0.001305144567157196</mytracks:length></extensions></trkpt><trkpt lat="-33.95653732695071" lon="150.956090781175"><ele>17.45499896364218</ele><time>2026-08-02T03:23:26.00100Z</time><extensions><mytracks:speed>4.945526493576382</mytracks:speed><mytracks:gradient>0</mytracks:gradient><mytracks:length>0.00137574316933711</mytracks:length></extensions></trkpt><trkpt lat="-33.95654631085714" lon="150.9560987927974"><ele>17.39677569634357</ele><time>2026-08-02T03:23:27.00100Z</time><extensions><mytracks:speed>4.483126170435678</mytracks:speed><mytracks:gradient>0</mytracks:gradient><mytracks:length>0.001245064760396722</mytracks:length></extensions></trkpt><trkpt lat="-33.95655468115528" lon="150.9561060326251"><ele>17.31961828467186</ele><time>2026-08-02T03:23:28.00100Z</time><extensions><mytracks:speed>4.115098232999985</mytracks:speed><mytracks:gradient>0</mytracks:gradient><mytracks:length>0.00114317236932346</mytracks:length></extensions></trkpt><trkpt lat="-33.95656270683141" lon="150.9561138377372"><ele>17.35783059953786</ele><time>2026-08-02T03:23:29.00000Z</time><extensions><mytracks:speed>4.132104854811423</mytracks:speed><mytracks:gradient>0</mytracks:gradient><mytracks:length>0.00114710756984012</mytracks:length></extensions></trkpt><trkpt lat="-33.9565703973466" lon="150.956122488634"><ele>17.40101118984693</ele><time>2026-08-02T03:23:30.00000Z</time><extensions><mytracks:speed>4.229377913564794</mytracks:speed><mytracks:gradient>0</mytracks:gradient><mytracks:length>0.001174284783339954</mytracks:length></extensions></trkpt><trkpt lat="-33.95657696832704" lon="150.9561299756989"><ele>17.41640354713787</ele><time>2026-08-02T03:23:30.99900Z</time><extensions><mytracks:speed>3.634374729109553</mytracks:speed><mytracks:gradient>0</mytracks:gradient><mytracks:length>0.001009176060154029</mytracks:length></extensions></trkpt><trkpt lat="-33.95657982265364" lon="150.9561363902601"><ele>17.39058957465951</ele><time>2026-08-02T03:23:31.99800Z</time><extensions><mytracks:speed>2.420184297049794</mytracks:speed><mytracks:gradient>0</mytracks:gradient><mytracks:length>0.000671293929657265</mytracks:length></extensions></trkpt><trkpt lat="-33.95658140624559" lon="150.956142135626"><ele>17.29505243831196</ele><time>2026-08-02T03:23:32.99800Z</time><extensions><mytracks:speed>2.021460280494793</mytracks:speed><mytracks:gradient>0</mytracks:gradient><mytracks:length>0.0005616447969992111</mytracks:length></extensions></trkpt><trkpt lat="-33.95658231134848" lon="150.9561467834332"><ele>17.11266741545696</ele><time>2026-08-02T03:23:33.99900Z</time><extensions><mytracks:speed>1.565737651733976</mytracks:speed><mytracks:gradient>0</mytracks:gradient><mytracks:length>0.0004350481890523979</mytracks:length></extensions></trkpt><trkpt lat="-33.95658254605377" lon="150.9561497827433"><ele>16.92925773047485</ele><time>2026-08-02T03:23:34.99900Z</time><extensions><mytracks:speed>0.9659600290529328</mytracks:speed><mytracks:gradient>0</mytracks:gradient><mytracks:length>0.0002685175718629059</mytracks:length></extensions></trkpt><trkpt lat="-33.95658375627217" lon="150.9561524443153"><ele>16.80157299772127</ele><time>2026-08-02T03:23:36.00100Z</time><extensions><mytracks:speed>0.9653343515633626</mytracks:speed><mytracks:gradient>0</mytracks:gradient><mytracks:length>0.0002685175718629059</mytracks:length></extensions></trkpt><trkpt lat="-33.95659028818612" lon="150.9561561844241"><ele>16.71030313910126</ele><time>2026-08-02T03:23:37.00100Z</time><extensions><mytracks:speed>2.879029604844162</mytracks:speed><mytracks:gradient>0</mytracks:gradient><mytracks:length>0.0007999390394226703</mytracks:length></extensions></trkpt><trkpt lat="-33.95659851652999" lon="150.9561609704425"><ele>16.71736488395713</ele><time>2026-08-02T03:23:38.00100Z</time><extensions><mytracks:speed>3.648057458922827</mytracks:speed><mytracks:gradient>0</mytracks:gradient><mytracks:length>0.001013631605262928</mytracks:length></extensions></trkpt><trkpt lat="-33.95660673798347" lon="150.9561677774214"><ele>16.69414042478055</ele><time>2026-08-02T03:23:39.00000Z</time><extensions><mytracks:speed>3.989316083715204</mytracks:speed><mytracks:gradient>0</mytracks:gradient><mytracks:length>0.001107126311125143</mytracks:length></extensions></trkpt><trkpt lat="-33.95661705095279" lon="150.9561757070437"><ele>16.70058795016833</ele><time>2026-08-02T03:23:39.99900Z</time><extensions><mytracks:speed>4.899507094565692</mytracks:speed><mytracks:gradient>0</mytracks:gradient><mytracks:length>0.001359266608866063</mytracks:length></extensions></trkpt><trkpt lat="-33.95662701091728" lon="150.9561849215569"><ele>16.71454595070132</ele><time>2026-08-02T03:23:40.99800Z</time><extensions><mytracks:speed>5.027894829416318</mytracks:speed><mytracks:gradient>0</mytracks:gradient><mytracks:length>0.001395258231574743</mytracks:length></extensions></trkpt><trkpt lat="-33.95664042199649" lon="150.9562000353619"><ele>16.71327868115538</ele><time>2026-08-02T03:23:42.49900Z</time><extensions><mytracks:speed>4.887868506548435</mytracks:speed><mytracks:gradient>0</mytracks:gradient><mytracks:length>0.002038347291005903</mytracks:length></extensions></trkpt><trkpt lat="-33.95665063197053" lon="150.9562098491046"><ele>16.7829754626739</ele><time>2026-08-02T03:23:43.50000Z</time><extensions><mytracks:speed>5.214963041795907</mytracks:speed><mytracks:gradient>0</mytracks:gradient><mytracks:length>0.001449124430949695</mytracks:length></extensions></trkpt><trkpt lat="-33.95666031620915" lon="150.9562202615848"><ele>16.78361614222534</ele><time>2026-08-02T03:23:44.50100Z</time><extensions><mytracks:speed>5.188163171535373</mytracks:speed><mytracks:gradient>0</mytracks:gradient><mytracks:length>0.001442891608810409</mytracks:length></extensions></trkpt><trkpt lat="-33.95667063234315" lon="150.956230745213"><ele>16.71692316234979</ele><time>2026-08-02T03:23:45.50100Z</time><extensions><mytracks:speed>5.383203109393524</mytracks:speed><mytracks:gradient>0</mytracks:gradient><mytracks:length>0.00149504256741194</mytracks:length></extensions></trkpt><trkpt lat="-33.95667999278468" lon="150.9562395139512"><ele>16.61846620460792</ele><time>2026-08-02T03:23:46.50000Z</time><extensions><mytracks:speed>4.739105686309754</mytracks:speed><mytracks:gradient>0</mytracks:gradient><mytracks:length>0.001315462076070468</mytracks:length></extensions></trkpt><trkpt lat="-33.95669371196867" lon="150.9562528642932"><ele>16.51948313095603</ele><time>2026-08-02T03:23:47.99900Z</time><extensions><mytracks:speed>4.712434567032209</mytracks:speed><mytracks:gradient>0</mytracks:gradient><mytracks:length>0.00196174093895058</mytracks:length></extensions></trkpt><trkpt lat="-33.95670290442782" lon="150.9562614277875"><ele>16.48562246207609</ele><time>2026-08-02T03:23:49.00000Z</time><extensions><mytracks:speed>4.63142738546236</mytracks:speed><mytracks:gradient>0</mytracks:gradient><mytracks:length>0.001287765035703515</mytracks:length></extensions></trkpt><trkpt lat="-33.9567108707252" lon="150.9562701038407"><ele>16.50342269830196</ele><time>2026-08-02T03:23:50.00000Z</time><extensions><mytracks:speed>4.294198858285404</mytracks:speed><mytracks:gradient>0</mytracks:gradient><mytracks:length>0.001193318191591511</mytracks:length></extensions></trkpt><trkpt lat="-33.95671931210882" lon="150.9562800079945"><ele>16.52276668640784</ele><time>2026-08-02T03:23:51.00000Z</time><extensions><mytracks:speed>4.724346110512231</mytracks:speed><mytracks:gradient>0</mytracks:gradient><mytracks:length>0.001312031921402727</mytracks:length></extensions></trkpt><trkpt lat="-33.95672838796867" lon="150.9562906653384"><ele>16.50566723235409</ele><time>2026-08-02T03:23:52.00000Z</time><extensions><mytracks:speed>5.068951766366901</mytracks:speed><mytracks:gradient>0</mytracks:gradient><mytracks:length>0.001408118026294904</mytracks:length></extensions></trkpt><trkpt lat="-33.956737354193" lon="150.9563020290487"><ele>16.51467740616667</ele><time>2026-08-02T03:23:52.99900Z</time><extensions><mytracks:speed>5.207665396758554</mytracks:speed><mytracks:gradient>0</mytracks:gradient><mytracks:length>0.001446011378093334</mytracks:length></extensions></trkpt><trkpt lat="-33.95674705666944" lon="150.9563142322527"><ele>16.45744760878842</ele><time>2026-08-02T03:23:54.00000Z</time><extensions><mytracks:speed>5.610740165849573</mytracks:speed><mytracks:gradient>0</mytracks:gradient><mytracks:length>0.001559946125983636</mytracks:length></extensions></trkpt><trkpt lat="-33.95675763306971" lon="150.9563267438889"><ele>16.39232443312911</ele><time>2026-08-02T03:23:55.00200Z</time><extensions><mytracks:speed>5.931254771619028</mytracks:speed><mytracks:gradient>0</mytracks:gradient><mytracks:length>0.001649799582242631</mytracks:length></extensions></trkpt><trkpt lat="-33.95676815369869" lon="150.9563387279069"><ele>16.28585853209437</ele><time>2026-08-02T03:23:56.00200Z</time><extensions><mytracks:speed>5.798315111274566</mytracks:speed><mytracks:gradient>0</mytracks:gradient><mytracks:length>0.00161110543117744</mytracks:length></extensions></trkpt><trkpt lat="-33.95677772263691" lon="150.9563501600622"><ele>16.18831716757858</ele><time>2026-08-02T03:23:57.00200Z</time><extensions><mytracks:speed>5.404166219296383</mytracks:speed><mytracks:gradient>0</mytracks:gradient><mytracks:length>0.001501058859596609</mytracks:length></extensions></trkpt><trkpt lat="-33.95678688164906" lon="150.9563610194737"><ele>16.01719740779748</ele><time>2026-08-02T03:23:58.00000Z</time><extensions><mytracks:speed>5.156549037934433</mytracks:speed><mytracks:gradient>0</mytracks:gradient><mytracks:length>0.00143034448702958</mytracks:length></extensions></trkpt><trkpt lat="-33.95679534825979" lon="150.9563714292814"><ele>15.8472692708022</ele><time>2026-08-02T03:23:59.00000Z</time><extensions><mytracks:speed>4.836742936340117</mytracks:speed><mytracks:gradient>0</mytracks:gradient><mytracks:length>0.001342587859314532</mytracks:length></extensions></trkpt><trkpt lat="-33.95680412252401" lon="150.9563793332218"><ele>15.7450493977605</ele><time>2026-08-02T03:24:00.00000Z</time><extensions><mytracks:speed>4.388664978261321</mytracks:speed><mytracks:gradient>0</mytracks:gradient><mytracks:length>0.00121946598229819</mytracks:length></extensions></trkpt><trkpt lat="-33.95681386437231" lon="150.9563868755234"><ele>15.71692652438399</ele><time>2026-08-02T03:24:01.00000Z</time><extensions><mytracks:speed>4.646825286410484</mytracks:speed><mytracks:gradient>0</mytracks:gradient><mytracks:length>0.00129125965552261</mytracks:length></extensions></trkpt><trkpt lat="-33.95682384382143" lon="150.9563925610886"><ele>15.74598003910882</ele><time>2026-08-02T03:24:02.00100Z</time><extensions><mytracks:speed>4.414027158592218</mytracks:speed><mytracks:gradient>0</mytracks:gradient><mytracks:length>0.001226834423865861</mytracks:length></extensions></trkpt><trkpt lat="-33.95683479143339" lon="150.9563976148498"><ele>15.80376901603427</ele><time>2026-08-02T03:24:03.00200Z</time><extensions><mytracks:speed>4.693601693329209</mytracks:speed><mytracks:gradient>0</mytracks:gradient><mytracks:length>0.001305144567157196</mytracks:length></extensions></trkpt><trkpt lat="-33.956846843264" lon="150.9564014580998"><ele>15.83797480753664</ele><time>2026-08-02T03:24:04.00300Z</time><extensions><mytracks:speed>4.982424442568</mytracks:speed><mytracks:gradient>0</mytracks:gradient><mytracks:length>0.00138553505923791</mytracks:length></extensions></trkpt><trkpt lat="-33.95685878853655" lon="150.9564056130808"><ele>15.84073982158082</ele><time>2026-08-02T03:24:05.00400Z</time><extensions><mytracks:speed>4.982597097727319</mytracks:speed><mytracks:gradient>0</mytracks:gradient><mytracks:length>0.00138553505923791</mytracks:length></extensions></trkpt><trkpt lat="-33.9568709042647" lon="150.9564098172944"><ele>15.75538894235634</ele><time>2026-08-02T03:24:06.00200Z</time><extensions><mytracks:speed>5.045026607398503</mytracks:speed><mytracks:gradient>0</mytracks:gradient><mytracks:length>0.001398484266474591</mytracks:length></extensions></trkpt><trkpt lat="-33.95688250268279" lon="150.9564145673507"><ele>15.57024840499764</ele><time>2026-08-02T03:24:07.00100Z</time><extensions><mytracks:speed>4.925186198818463</mytracks:speed><mytracks:gradient>0</mytracks:gradient><mytracks:length>0.001365881083981338</mytracks:length></extensions></trkpt><trkpt lat="-33.95689374795697" lon="150.9564196839125"><ele>15.5108431651096</ele><time>2026-08-02T03:24:07.99800Z</time><extensions><mytracks:speed>4.819515004953421</mytracks:speed><mytracks:gradient>0</mytracks:gradient><mytracks:length>0.001335858053229829</mytracks:length></extensions></trkpt><trkpt lat="-33.9569044087763" lon="150.9564255866439"><ele>15.52660068478303</ele><time>2026-08-02T03:24:08.99700Z</time><extensions><mytracks:speed>4.67946118128449</mytracks:speed><mytracks:gradient>0</mytracks:gradient><mytracks:length>0.001298220674454138</mytracks:length></extensions></trkpt><trkpt lat="-33.95691507763" lon="150.9564321511988"><ele>15.53903211705527</ele><time>2026-08-02T03:24:09.99900Z</time><extensions><mytracks:speed>4.790172421028738</mytracks:speed><mytracks:gradient>0</mytracks:gradient><mytracks:length>0.001332480404200788</mytracks:length></extensions></trkpt><trkpt lat="-33.95692477541011" lon="150.9564366164604"><ele>15.61917340001213</ele><time>2026-08-02T03:24:10.99800Z</time><extensions><mytracks:speed>4.17215737676578</mytracks:speed><mytracks:gradient>0</mytracks:gradient><mytracks:length>0.001158832994518273</mytracks:length></extensions></trkpt><trkpt lat="-33.95693596358491" lon="150.9564413274103"><ele>15.71766905116444</ele><time>2026-08-02T03:24:12.00000Z</time><extensions><mytracks:speed>4.752751741788027</mytracks:speed><mytracks:gradient>0</mytracks:gradient><mytracks:length>0.001322295691280666</mytracks:length></extensions></trkpt><trkpt lat="-33.95694725244439" lon="150.9564458613912"><ele>15.80899231121035</ele><time>2026-08-02T03:24:13.00100Z</time><extensions><mytracks:speed>4.756467755220428</mytracks:speed><mytracks:gradient>0</mytracks:gradient><mytracks:length>0.001322295691280666</mytracks:length></extensions></trkpt><trkpt lat="-33.95695886398186" lon="150.9564497380142"><ele>15.92785945571965</ele><time>2026-08-02T03:24:14.00100Z</time><extensions><mytracks:speed>4.830994842796827</mytracks:speed><mytracks:gradient>0</mytracks:gradient><mytracks:length>0.001342587859314532</mytracks:length></extensions></trkpt><trkpt lat="-33.95697088984149" lon="150.9564529611864"><ele>16.02475440834846</ele><time>2026-08-02T03:24:15.00300Z</time><extensions><mytracks:speed>4.922169629585727</mytracks:speed><mytracks:gradient>0</mytracks:gradient><mytracks:length>0.001369176338671513</mytracks:length></extensions></trkpt><trkpt lat="-33.95698349957594" lon="150.9564576413028"><ele>16.07350786267809</ele><time>2026-08-02T03:24:16.00300Z</time><extensions><mytracks:speed>5.268763995777473</mytracks:speed><mytracks:gradient>0</mytracks:gradient><mytracks:length>0.001464590444586727</mytracks:length></extensions></trkpt><trkpt lat="-33.95699634995982" lon="150.9564612218074"><ele>16.12729516486426</ele><time>2026-08-02T03:24:17.00400Z</time><extensions><mytracks:speed>5.280143898618582</mytracks:speed><mytracks:gradient>0</mytracks:gradient><mytracks:length>0.001467664090033765</mytracks:length></extensions></trkpt><trkpt lat="-33.95700830738379" lon="150.9564646465447"><ele>16.12493660751046</ele><time>2026-08-02T03:24:18.00300Z</time><extensions><mytracks:speed>4.911807233201224</mytracks:speed><mytracks:gradient>0</mytracks:gradient><mytracks:length>0.001362577860079247</mytracks:length></extensions></trkpt><trkpt lat="-33.9570193378234" lon="150.956469053986"><ele>16.1239656157875</ele><time>2026-08-02T03:24:19.00100Z</time><extensions><mytracks:speed>4.655678165995321</mytracks:speed><mytracks:gradient>0</mytracks:gradient><mytracks:length>0.00129125965552261</mytracks:length></extensions></trkpt><trkpt lat="-33.95702896950956" lon="150.9564748467322"><ele>16.16819887094344</ele><time>2026-08-02T03:24:20.00000Z</time><extensions><mytracks:speed>4.299127577046653</mytracks:speed><mytracks:gradient>0</mytracks:gradient><mytracks:length>0.001193318191591511</mytracks:length></extensions></trkpt><trkpt lat="-33.95703777427893" lon="150.9564816992719"><ele>16.31605162678879</ele><time>2026-08-02T03:24:21.00100Z</time><extensions><mytracks:speed>4.197206872796412</mytracks:speed><mytracks:gradient>0</mytracks:gradient><mytracks:length>0.001166584472202496</mytracks:length></extensions></trkpt><trkpt lat="-33.95704486383949" lon="150.9564901290195"><ele>16.42004480444717</ele><time>2026-08-02T03:24:22.00200Z</time><extensions><mytracks:speed>3.997685196134368</mytracks:speed><mytracks:gradient>0</mytracks:gradient><mytracks:length>0.001111189173626823</mytracks:length></extensions></trkpt><trkpt lat="-33.95705241929921" lon="150.9564992901227"><ele>16.52319334385869</ele><time>2026-08-02T03:24:23.00000Z</time><extensions><mytracks:speed>4.302732522421475</mytracks:speed><mytracks:gradient>0</mytracks:gradient><mytracks:length>0.001193318191591511</mytracks:length></extensions></trkpt><trkpt lat="-33.95706043112088" lon="150.9565073296505"><ele>16.6667929968039</ele><time>2026-08-02T03:24:24.00000Z</time><extensions><mytracks:speed>4.174173328596574</mytracks:speed><mytracks:gradient>0</mytracks:gradient><mytracks:length>0.001158832994518273</mytracks:length></extensions></trkpt><trkpt lat="-33.95706898016242" lon="150.9565149922317"><ele>16.75182096082271</ele><time>2026-08-02T03:24:25.00000Z</time><extensions><mytracks:speed>4.240773971060151</mytracks:speed><mytracks:gradient>0</mytracks:gradient><mytracks:length>0.001178116065243004</mytracks:length></extensions></trkpt><trkpt lat="-33.95707750197478" lon="150.9565220615697"><ele>16.77275904246618</ele><time>2026-08-02T03:24:26.00000Z</time><extensions><mytracks:speed>4.156007681019718</mytracks:speed><mytracks:gradient>0</mytracks:gradient><mytracks:length>0.001154937746540606</mytracks:length></extensions></trkpt><trkpt lat="-33.95708675236153" lon="150.9565298084264"><ele>16.84568830997043</ele><time>2026-08-02T03:24:26.99900Z</time><extensions><mytracks:speed>4.51260586687715</mytracks:speed><mytracks:gradient>0</mytracks:gradient><mytracks:length>0.001252282587590172</mytracks:length></extensions></trkpt><trkpt lat="-33.95709640721326" lon="150.9565381934084"><ele>16.83360205062063</ele><time>2026-08-02T03:24:27.99800Z</time><extensions><mytracks:speed>4.764313407129348</mytracks:speed><mytracks:gradient>0</mytracks:gradient><mytracks:length>0.001322295691280666</mytracks:length></extensions></trkpt><trkpt lat="-33.95710500158301" lon="150.9565475469229"><ele>16.74859484621443</ele><time>2026-08-02T03:24:28.99900Z</time><extensions><mytracks:speed>4.63392955522801</mytracks:speed><mytracks:gradient>0</mytracks:gradient><mytracks:length>0.001287765035703515</mytracks:length></extensions></trkpt><trkpt lat="-33.95711408292972" lon="150.9565566785129"><ele>16.66121469475792</ele><time>2026-08-02T03:24:30.00100Z</time><extensions><mytracks:speed>4.739494867519471</mytracks:speed><mytracks:gradient>0</mytracks:gradient><mytracks:length>0.001318883309614433</mytracks:length></extensions></trkpt><trkpt lat="-33.95712391198477" lon="150.9565664526553"><ele>16.57427164222851</ele><time>2026-08-02T03:24:31.00100Z</time><extensions><mytracks:speed>5.101162323215824</mytracks:speed><mytracks:gradient>0</mytracks:gradient><mytracks:length>0.001417686322278782</mytracks:length></extensions></trkpt><trkpt lat="-33.95713424348516" lon="150.9565753927357"><ele>16.4676387521672</ele><time>2026-08-02T03:24:32.00000Z</time><extensions><mytracks:speed>5.088393951742098</mytracks:speed><mytracks:gradient>0</mytracks:gradient><mytracks:length>0.001411314666109776</mytracks:length></extensions></trkpt><trkpt lat="-33.95714322216281" lon="150.956583922473"><ele>16.42054655185883</ele><time>2026-08-02T03:24:32.99900Z</time><extensions><mytracks:speed>4.57400018972962</mytracks:speed><mytracks:gradient>0</mytracks:gradient><mytracks:length>0.001270147721007681</mytracks:length></extensions></trkpt><trkpt lat="-33.9571536645741" lon="150.9565914925682"><ele>16.4286011143677</ele><time>2026-08-02T03:24:33.99900Z</time><extensions><mytracks:speed>4.869061500182148</mytracks:speed><mytracks:gradient>0</mytracks:gradient><mytracks:length>0.001352619788550522</mytracks:length></extensions></trkpt><trkpt lat="-33.95716370166064" lon="150.9566000298888"><ele>16.4575875591223</ele><time>2026-08-02T03:24:35.00000Z</time><extensions><mytracks:speed>4.915743814660067</mytracks:speed><mytracks:gradient>0</mytracks:gradient><mytracks:length>0.001365881083981338</mytracks:length></extensions></trkpt><trkpt lat="-33.95717309263663" lon="150.9566084742131"><ele>16.59057107551626</ele><time>2026-08-02T03:24:35.99900Z</time><extensions><mytracks:speed>4.713990445594635</mytracks:speed><mytracks:gradient>0</mytracks:gradient><mytracks:length>0.001308592775457605</mytracks:length></extensions></trkpt><trkpt lat="-33.95718177486634" lon="150.9566174590601"><ele>16.65164796652486</ele><time>2026-08-02T03:24:36.99800Z</time><extensions><mytracks:speed>4.577686503859988</mytracks:speed><mytracks:gradient>0</mytracks:gradient><mytracks:length>0.001270147721007681</mytracks:length></extensions></trkpt><trkpt lat="-33.95719154861641" lon="150.9566265009423"><ele>16.64711085473197</ele><time>2026-08-02T03:24:37.99800Z</time><extensions><mytracks:speed>4.929359188441996</mytracks:speed><mytracks:gradient>0</mytracks:gradient><mytracks:length>0.001369176338671513</mytracks:length></extensions></trkpt><trkpt lat="-33.95720080068188" lon="150.9566366272907"><ele>16.50479885924248</ele><time>2026-08-02T03:24:38.99800Z</time><extensions><mytracks:speed>4.996928179293318</mytracks:speed><mytracks:gradient>0</mytracks:gradient><mytracks:length>0.001388783680483499</mytracks:length></extensions></trkpt><trkpt lat="-33.95721001032987" lon="150.9566450668008"><ele>16.38439501868802</ele><time>2026-08-02T03:24:39.99800Z</time><extensions><mytracks:speed>4.623288008067859</mytracks:speed><mytracks:gradient>0</mytracks:gradient><mytracks:length>0.001284260906662108</mytracks:length></extensions></trkpt><trkpt lat="-33.95721839331694" lon="150.9566536193037"><ele>16.11650964767326</ele><time>2026-08-02T03:24:40.99800Z</time><extensions><mytracks:speed>4.391253268271039</mytracks:speed><mytracks:gradient>0</mytracks:gradient><mytracks:length>0.00121946598229819</mytracks:length></extensions></trkpt><trkpt lat="-33.95722671494676" lon="150.9566608716135"><ele>16.00274498173899</ele><time>2026-08-02T03:24:41.99800Z</time><extensions><mytracks:speed>4.085221158500463</mytracks:speed><mytracks:gradient>0</mytracks:gradient><mytracks:length>0.001135261046801494</mytracks:length></extensions></trkpt><trkpt lat="-33.9572352288584" lon="150.9566676557174"><ele>16.03357109160508</ele><time>2026-08-02T03:24:42.99900Z</time><extensions><mytracks:speed>4.069420044729709</mytracks:speed><mytracks:gradient>0</mytracks:gradient><mytracks:length>0.001131284638623247</mytracks:length></extensions></trkpt><trkpt lat="-33.95724360672618" lon="150.9566739514909"><ele>16.26261090536338</ele><time>2026-08-02T03:24:43.99700Z</time><extensions><mytracks:speed>3.948304592439075</mytracks:speed><mytracks:gradient>0</mytracks:gradient><mytracks:length>0.001094847266236659</mytracks:length></extensions></trkpt><trkpt lat="-33.95725233015239" lon="150.956681855671"><ele>16.46000409491678</ele><time>2026-08-02T03:24:44.99700Z</time><extensions><mytracks:speed>4.364574605702487</mytracks:speed><mytracks:gradient>0</mytracks:gradient><mytracks:length>0.001212052746534862</mytracks:length></extensions></trkpt><trkpt lat="-33.95726162130222" lon="150.9566893408974"><ele>16.6620558988273</ele><time>2026-08-02T03:24:45.99800Z</time><extensions><mytracks:speed>4.478304494824158</mytracks:speed><mytracks:gradient>0</mytracks:gradient><mytracks:length>0.001245064760396722</mytracks:length></extensions></trkpt><trkpt lat="-33.95727179778935" lon="150.9566974135369"><ele>16.75210567941427</ele><time>2026-08-02T03:24:47.00100Z</time><extensions><mytracks:speed>4.867491715270012</mytracks:speed><mytracks:gradient>0</mytracks:gradient><mytracks:length>0.001355947271533209</mytracks:length></extensions></trkpt><trkpt lat="-33.95728172018295" lon="150.9567056654115"><ele>16.76766173552973</ele><time>2026-08-02T03:24:48.00400Z</time><extensions><mytracks:speed>4.81868149970621</mytracks:speed><mytracks:gradient>0</mytracks:gradient><mytracks:length>0.001342587859314532</mytracks:length></extensions></trkpt><trkpt lat="-33.95729238698989" lon="150.9567141581473"><ele>16.59071731013326</ele><time>2026-08-02T03:24:49.00300Z</time><extensions><mytracks:speed>5.118742241263379</mytracks:speed><mytracks:gradient>0</mytracks:gradient><mytracks:length>0.00142086143560033</mytracks:length></extensions></trkpt><trkpt lat="-33.95730209978993" lon="150.9567223931674"><ele>16.47334417483185</ele><time>2026-08-02T03:24:50.00200Z</time><extensions><mytracks:speed>4.755305661035865</mytracks:speed><mytracks:gradient>0</mytracks:gradient><mytracks:length>0.001318883309614433</mytracks:length></extensions></trkpt><trkpt lat="-33.95731222106353" lon="150.9567303001856"><ele>16.32431222127602</ele><time>2026-08-02T03:24:51.00100Z</time><extensions><mytracks:speed>4.836695623338688</mytracks:speed><mytracks:gradient>0</mytracks:gradient><mytracks:length>0.001342587859314532</mytracks:length></extensions></trkpt><trkpt lat="-33.95732273230195" lon="150.9567393740687"><ele>16.0384193242394</ele><time>2026-08-02T03:24:52.00000Z</time><extensions><mytracks:speed>5.189347894163566</mytracks:speed><mytracks:gradient>0</mytracks:gradient><mytracks:length>0.001439765079440252</mytracks:length></extensions></trkpt><trkpt lat="-33.95733304416834" lon="150.9567498057148"><ele>15.68862543055821</ele><time>2026-08-02T03:24:52.99800Z</time><extensions><mytracks:speed>5.402201892362078</mytracks:speed><mytracks:gradient>0</mytracks:gradient><mytracks:length>0.001498053733740409</mytracks:length></extensions></trkpt><trkpt lat="-33.9573404344641" lon="150.9567598618733"><ele>15.37614000420669</ele><time>2026-08-02T03:24:53.99700Z</time><extensions><mytracks:speed>4.475497014430356</mytracks:speed><mytracks:gradient>0</mytracks:gradient><mytracks:length>0.001241440110026196</mytracks:length></extensions></trkpt><trkpt lat="-33.95734810772797" lon="150.956770870722"><ele>15.00069067495818</ele><time>2026-08-02T03:24:54.99500Z</time><extensions><mytracks:speed>4.80401583846381</mytracks:speed><mytracks:gradient>0</mytracks:gradient><mytracks:length>0.001332480404200788</mytracks:length></extensions></trkpt><trkpt lat="-33.95735560726395" lon="150.9567820544156"><ele>14.81663712824354</ele><time>2026-08-02T03:24:55.99400Z</time><extensions><mytracks:speed>4.792633606335212</mytracks:speed><mytracks:gradient>0</mytracks:gradient><mytracks:length>0.00132909417152405</mytracks:length></extensions></trkpt><trkpt lat="-33.95736295545857" lon="150.9567930867449"><ele>14.77298942293902</ele><time>2026-08-02T03:24:56.99200Z</time><extensions><mytracks:speed>4.704939066008616</mytracks:speed><mytracks:gradient>0</mytracks:gradient><mytracks:length>0.001305144567157196</mytracks:length></extensions></trkpt><trkpt lat="-33.95737084307784" lon="150.9568023891635"><ele>14.64277059894443</ele><time>2026-08-02T03:24:57.99400Z</time><extensions><mytracks:speed>4.396429546336455</mytracks:speed><mytracks:gradient>0</mytracks:gradient><mytracks:length>0.001223155751645057</mytracks:length></extensions></trkpt><trkpt lat="-33.95738073019527" lon="150.9568120850924"><ele>14.55586837857145</ele><time>2026-08-02T03:24:58.99800Z</time><extensions><mytracks:speed>5.072981336947395</mytracks:speed><mytracks:gradient>0</mytracks:gradient><mytracks:length>0.001414504081852167</mytracks:length></extensions></trkpt><trkpt lat="-33.95739234478867" lon="150.9568208949233"><ele>14.43774021749909</ele><time>2026-08-02T03:25:00.00100Z</time><extensions><mytracks:speed>5.46976201101163</mytracks:speed><mytracks:gradient>0</mytracks:gradient><mytracks:length>0.001524886679846285</mytracks:length></extensions></trkpt><trkpt lat="-33.95740398706744" lon="150.95682967318"><ele>14.17832545806989</ele><time>2026-08-02T03:25:01.00300Z</time><extensions><mytracks:speed>5.491747797906583</mytracks:speed><mytracks:gradient>0</mytracks:gradient><mytracks:length>0.001527839028553898</mytracks:length></extensions></trkpt><trkpt lat="-33.95741485296078" lon="150.9568372785324"><ele>13.97325197093566</ele><time>2026-08-02T03:25:02.00200Z</time><extensions><mytracks:speed>5.027158181257299</mytracks:speed><mytracks:gradient>0</mytracks:gradient><mytracks:length>0.001395258231574743</mytracks:length></extensions></trkpt><trkpt lat="-33.95742479517795" lon="150.9568449416794"><ele>14.04965514811739</ele><time>2026-08-02T03:25:03.00100Z</time><extensions><mytracks:speed>4.726639327015022</mytracks:speed><mytracks:gradient>0</mytracks:gradient><mytracks:length>0.001312031921402727</mytracks:length></extensions></trkpt><trkpt lat="-33.95743509142049" lon="150.956852334763"><ele>14.05384846165804</ele><time>2026-08-02T03:25:04.00100Z</time><extensions><mytracks:speed>4.786473046730648</mytracks:speed><mytracks:gradient>0</mytracks:gradient><mytracks:length>0.00132909417152405</mytracks:length></extensions></trkpt><trkpt lat="-33.95744492529903" lon="150.956860553045"><ele>14.06252258677907</ele><time>2026-08-02T03:25:05.00000Z</time><extensions><mytracks:speed>4.802987147175813</mytracks:speed><mytracks:gradient>0</mytracks:gradient><mytracks:length>0.001332480404200788</mytracks:length></extensions></trkpt><trkpt lat="-33.95745441093003" lon="150.9568695899541"><ele>14.10434530484339</ele><time>2026-08-02T03:25:06.00000Z</time><extensions><mytracks:speed>4.832207984720816</mytracks:speed><mytracks:gradient>0</mytracks:gradient><mytracks:length>0.001342587859314532</mytracks:length></extensions></trkpt><trkpt lat="-33.95746388229483" lon="150.9568792162205"><ele>14.16774376819338</ele><time>2026-08-02T03:25:07.00100Z</time><extensions><mytracks:speed>4.946801950342951</mytracks:speed><mytracks:gradient>0</mytracks:gradient><mytracks:length>0.00137574316933711</mytracks:length></extensions></trkpt><trkpt lat="-33.95747405054412" lon="150.9568900780217"><ele>14.11529379848861</ele><time>2026-08-02T03:25:08.00200Z</time><extensions><mytracks:speed>5.430689006908592</mytracks:speed><mytracks:gradient>0</mytracks:gradient><mytracks:length>0.001510038354603338</mytracks:length></extensions></trkpt><trkpt lat="-33.95748393223192" lon="150.9569006131422"><ele>14.11709712769623</ele><time>2026-08-02T03:25:09.00200Z</time><extensions><mytracks:speed>5.284824264407345</mytracks:speed><mytracks:gradient>0</mytracks:gradient><mytracks:length>0.001467664090033765</mytracks:length></extensions></trkpt><trkpt lat="-33.95749282712164" lon="150.9569098024692"><ele>14.22878191869657</ele><time>2026-08-02T03:25:10.00000Z</time><extensions><mytracks:speed>4.707579687220072</mytracks:speed><mytracks:gradient>0</mytracks:gradient><mytracks:length>0.001305144567157196</mytracks:length></extensions></trkpt><trkpt lat="-33.95750238900088" lon="150.9569184723517"><ele>14.30571375778586</ele><time>2026-08-02T03:25:10.99800Z</time><extensions><mytracks:speed>4.79221531412793</mytracks:speed><mytracks:gradient>0</mytracks:gradient><mytracks:length>0.00132909417152405</mytracks:length></extensions></trkpt><trkpt lat="-33.95751162012771" lon="150.9569270087379"><ele>14.26425777739009</ele><time>2026-08-02T03:25:11.99800Z</time><extensions><mytracks:speed>4.662612181916555</mytracks:speed><mytracks:gradient>0</mytracks:gradient><mytracks:length>0.001294744843117849</mytracks:length></extensions></trkpt><trkpt lat="-33.95751963960578" lon="150.9569344456546"><ele>14.20230501081696</ele><time>2026-08-02T03:25:12.99900Z</time><extensions><mytracks:speed>4.038837689225129</mytracks:speed><mytracks:gradient>0</mytracks:gradient><mytracks:length>0.001123289593998423</mytracks:length></extensions></trkpt><trkpt lat="-33.95752756619493" lon="150.9569416312525"><ele>14.12665184004018</ele><time>2026-08-02T03:25:14.00000Z</time><extensions><mytracks:speed>3.952371202529729</mytracks:speed><mytracks:gradient>0</mytracks:gradient><mytracks:length>0.00109895552557225</mytracks:length></extensions></trkpt><trkpt lat="-33.95753589245626" lon="150.9569497890056"><ele>13.9697735310134</ele><time>2026-08-02T03:25:15.00100Z</time><extensions><mytracks:speed>4.279593629327232</mytracks:speed><mytracks:gradient>0</mytracks:gradient><mytracks:length>0.001189535874021183</mytracks:length></extensions></trkpt><trkpt lat="-33.95754402665394" lon="150.9569582707711"><ele>13.92604220281591</ele><time>2026-08-02T03:25:16.00100Z</time><extensions><mytracks:speed>4.308095722339168</mytracks:speed><mytracks:gradient>0</mytracks:gradient><mytracks:length>0.001197088558621761</mytracks:length></extensions></trkpt><trkpt lat="-33.95755219579146" lon="150.9569655956231"><ele>13.97320409275406</ele><time>2026-08-02T03:25:17.00100Z</time><extensions><mytracks:speed>4.086576348719412</mytracks:speed><mytracks:gradient>0</mytracks:gradient><mytracks:length>0.001135261046801494</mytracks:length></extensions></trkpt><trkpt lat="-33.95756218769292" lon="150.9569729999581"><ele>14.01881537805801</ele><time>2026-08-02T03:25:18.00100Z</time><extensions><mytracks:speed>4.698566931130443</mytracks:speed><mytracks:gradient>0</mytracks:gradient><mytracks:length>0.001305144567157196</mytracks:length></extensions></trkpt><trkpt lat="-33.95757201873793" lon="150.9569807320861"><ele>14.1723503941193</ele><time>2026-08-02T03:25:19.00100Z</time><extensions><mytracks:speed>4.713658140238405</mytracks:speed><mytracks:gradient>0</mytracks:gradient><mytracks:length>0.001308592775457605</mytracks:length></extensions></trkpt><trkpt lat="-33.95758081153597" lon="150.9569885351405"><ele>14.29991915101326</ele><time>2026-08-02T03:25:20.00100Z</time><extensions><mytracks:speed>4.376196895448199</mytracks:speed><mytracks:gradient>0</mytracks:gradient><mytracks:length>0.001215765014788054</mytracks:length></extensions></trkpt><trkpt lat="-33.95759013179638" lon="150.9569964221959"><ele>14.28610001889012</ele><time>2026-08-02T03:25:21.00100Z</time><extensions><mytracks:speed>4.572184600766394</mytracks:speed><mytracks:gradient>0</mytracks:gradient><mytracks:length>0.001270147721007681</mytracks:length></extensions></trkpt><trkpt lat="-33.95759911251491" lon="150.9570058539585"><ele>14.19555277835718</ele><time>2026-08-02T03:25:22.00100Z</time><extensions><mytracks:speed>4.783659521642399</mytracks:speed><mytracks:gradient>0</mytracks:gradient><mytracks:length>0.00132909417152405</mytracks:length></extensions></trkpt><trkpt lat="-33.95760705836229" lon="150.9570166479342"><ele>14.08581607351229</ele><time>2026-08-02T03:25:22.99900Z</time><extensions><mytracks:speed>4.795886300932843</mytracks:speed><mytracks:gradient>0</mytracks:gradient><mytracks:length>0.00132909417152405</mytracks:length></extensions></trkpt><trkpt lat="-33.95761464492309" lon="150.9570288992112"><ele>13.83943645610418</ele><time>2026-08-02T03:25:23.99700Z</time><extensions><mytracks:speed>5.089449395488484</mytracks:speed><mytracks:gradient>0</mytracks:gradient><mytracks:length>0.001411314666109776</mytracks:length></extensions></trkpt><trkpt lat="-33.95762300145746" lon="150.9570404983115"><ele>13.61019703571583</ele><time>2026-08-02T03:25:24.99700Z</time><extensions><mytracks:speed>5.080020629270655</mytracks:speed><mytracks:gradient>0</mytracks:gradient><mytracks:length>0.001411314666109776</mytracks:length></extensions></trkpt><trkpt lat="-33.95762974383875" lon="150.9570507213692"><ele>13.37166343306707</ele><time>2026-08-02T03:25:25.99700Z</time><extensions><mytracks:speed>4.335318330327539</mytracks:speed><mytracks:gradient>0</mytracks:gradient><mytracks:length>0.001204593889567316</mytracks:length></extensions></trkpt><trkpt lat="-33.95763811811484" lon="150.9570614662561"><ele>13.13639088222592</ele><time>2026-08-02T03:25:26.99900Z</time><extensions><mytracks:speed>4.899839345474012</mytracks:speed><mytracks:gradient>0</mytracks:gradient><mytracks:length>0.001362577860079247</mytracks:length></extensions></trkpt><trkpt lat="-33.95764646841314" lon="150.9570720145083"><ele>12.90486616598679</ele><time>2026-08-02T03:25:27.99900Z</time><extensions><mytracks:speed>4.844233027505633</mytracks:speed><mytracks:gradient>0</mytracks:gradient><mytracks:length>0.001345940143832062</mytracks:length></extensions></trkpt><trkpt lat="-33.95765538751126" lon="150.9570814607686"><ele>12.67286293612811</ele><time>2026-08-02T03:25:28.99900Z</time><extensions><mytracks:speed>4.74850465767036</mytracks:speed><mytracks:gradient>0</mytracks:gradient><mytracks:length>0.001318883309614433</mytracks:length></extensions></trkpt><trkpt lat="-33.95766423167822" lon="150.9570908914065"><ele>12.52374585115867</ele><time>2026-08-02T03:25:30.00000Z</time><extensions><mytracks:speed>4.716763768793728</mytracks:speed><mytracks:gradient>0</mytracks:gradient><mytracks:length>0.001312031921402727</mytracks:length></extensions></trkpt><trkpt lat="-33.95767461116292" lon="150.9571014326734"><ele>12.35223666293808</ele><time>2026-08-02T03:25:31.00100Z</time><extensions><mytracks:speed>5.443318790754908</mytracks:speed><mytracks:gradient>0</mytracks:gradient><mytracks:length>0.001513019677060761</mytracks:length></extensions></trkpt><trkpt lat="-33.9576827308837" lon="150.9571105387668"><ele>12.23072863987661</ele><time>2026-08-02T03:25:32.00000Z</time><extensions><mytracks:speed>4.433721399016452</mytracks:speed><mytracks:gradient>0</mytracks:gradient><mytracks:length>0.001230502098487512</mytracks:length></extensions></trkpt><trkpt lat="-33.95769047780585" lon="150.9571180864679"><ele>12.14586139406515</ele><time>2026-08-02T03:25:32.99900Z</time><extensions><mytracks:speed>3.973176018638936</mytracks:speed><mytracks:gradient>0</mytracks:gradient><mytracks:length>0.001103048483968712</mytracks:length></extensions></trkpt><trkpt lat="-33.95769831589052" lon="150.9571248997945"><ele>12.11647942353377</ele><time>2026-08-02T03:25:33.99800Z</time><extensions><mytracks:speed>3.854966373453498</mytracks:speed><mytracks:gradient>0</mytracks:gradient><mytracks:length>0.001069866473718343</mytracks:length></extensions></trkpt><trkpt lat="-33.95770740324457" lon="150.9571311092925"><ele>12.11897790246338</ele><time>2026-08-02T03:25:35.00000Z</time><extensions><mytracks:speed>4.167011138102859</mytracks:speed><mytracks:gradient>0</mytracks:gradient><mytracks:length>0.001158832994518273</mytracks:length></extensions></trkpt><trkpt lat="-33.95771629240877" lon="150.9571370106855"><ele>12.306468916773</ele><time>2026-08-02T03:25:36.00000Z</time><extensions><mytracks:speed>4.040878093782162</mytracks:speed><mytracks:gradient>0</mytracks:gradient><mytracks:length>0.001123289593998423</mytracks:length></extensions></trkpt><trkpt lat="-33.95772527545014" lon="150.9571442741218"><ele>12.47137666709192</ele><time>2026-08-02T03:25:37.00100Z</time><extensions><mytracks:speed>4.319805776440286</mytracks:speed><mytracks:gradient>0</mytracks:gradient><mytracks:length>0.001200847087677287</mytracks:length></extensions></trkpt><trkpt lat="-33.95773521291652" lon="150.9571526495398"><ele>12.55020784190596</ele><time>2026-08-02T03:25:38.00100Z</time><extensions><mytracks:speed>4.855291632374857</mytracks:speed><mytracks:gradient>0</mytracks:gradient><mytracks:length>0.0013492840996538</mytracks:length></extensions></trkpt><trkpt lat="-33.95774540379335" lon="150.9571617196557"><ele>12.66105635458366</ele><time>2026-08-02T03:25:39.00000Z</time><extensions><mytracks:speed>5.085962083112206</mytracks:speed><mytracks:gradient>0</mytracks:gradient><mytracks:length>0.001411314666109776</mytracks:length></extensions></trkpt><trkpt lat="-33.957754080495" lon="150.9571714637705"><ele>12.72728458781889</ele><time>2026-08-02T03:25:40.00000Z</time><extensions><mytracks:speed>4.739495248657848</mytracks:speed><mytracks:gradient>0</mytracks:gradient><mytracks:length>0.001315462076070468</mytracks:length></extensions></trkpt><trkpt lat="-33.9577622608012" lon="150.9571831232051"><ele>12.61806796982617</ele><time>2026-08-02T03:25:40.99700Z</time><extensions><mytracks:speed>5.080488614130438</mytracks:speed><mytracks:gradient>0</mytracks:gradient><mytracks:length>0.001408118026294904</mytracks:length></extensions></trkpt><trkpt lat="-33.95777180265459" lon="150.9571942694475"><ele>12.56778688772489</ele><time>2026-08-02T03:25:41.99500Z</time><extensions><mytracks:speed>5.330318423469498</mytracks:speed><mytracks:gradient>0</mytracks:gradient><mytracks:length>0.001476846645245986</mytracks:length></extensions></trkpt><trkpt lat="-33.95778008690684" lon="150.9572047986238"><ele>12.51957501046314</ele><time>2026-08-02T03:25:42.99500Z</time><extensions><mytracks:speed>4.820459905897057</mytracks:speed><mytracks:gradient>0</mytracks:gradient><mytracks:length>0.001339227183557324</mytracks:length></extensions></trkpt><trkpt lat="-33.95778949490303" lon="150.9572146062523"><ele>12.45844902648158</ele><time>2026-08-02T03:25:43.99700Z</time><extensions><mytracks:speed>4.968297516179343</mytracks:speed><mytracks:gradient>0</mytracks:gradient><mytracks:length>0.001382278803128191</mytracks:length></extensions></trkpt><trkpt lat="-33.95779912895037" lon="150.9572248926243"><ele>12.40027361290624</ele><time>2026-08-02T03:25:44.99800Z</time><extensions><mytracks:speed>5.142070708863399</mytracks:speed><mytracks:gradient>0</mytracks:gradient><mytracks:length>0.00143034448702958</mytracks:length></extensions></trkpt><trkpt lat="-33.95780870198232" lon="150.9572323777704"><ele>12.46450159610762</ele><time>2026-08-02T03:25:46.00000Z</time><extensions><mytracks:speed>4.563262863769614</mytracks:speed><mytracks:gradient>0</mytracks:gradient><mytracks:length>0.001270147721007681</mytracks:length></extensions></trkpt><trkpt lat="-33.95782431253073" lon="150.9572433925842"><ele>12.47208113402589</ele><time>2026-08-02T03:25:47.50000Z</time><extensions><mytracks:speed>4.833182624350401</mytracks:speed><mytracks:gradient>0</mytracks:gradient><mytracks:length>0.002013881788971803</mytracks:length></extensions></trkpt><trkpt lat="-33.95783391878614" lon="150.9572521331973"><ele>12.45428626725635</ele><time>2026-08-02T03:25:48.50200Z</time><extensions><mytracks:speed>4.813319608270565</mytracks:speed><mytracks:gradient>0</mytracks:gradient><mytracks:length>0.001339227183557324</mytracks:length></extensions></trkpt><trkpt lat="-33.95784337683455" lon="150.9572598792264"><ele>12.29435332541439</ele><time>2026-08-02T03:25:49.50200Z</time><extensions><mytracks:speed>4.571567737785379</mytracks:speed><mytracks:gradient>0</mytracks:gradient><mytracks:length>0.001270147721007681</mytracks:length></extensions></trkpt><trkpt lat="-33.95785311022745" lon="150.9572694425349"><ele>12.10852939424739</ele><time>2026-08-02T03:25:50.50200Z</time><extensions><mytracks:speed>5.020340647076871</mytracks:speed><mytracks:gradient>0</mytracks:gradient><mytracks:length>0.001395258231574743</mytracks:length></extensions></trkpt><trkpt lat="-33.95786264848675" lon="150.9572778365718"><ele>11.99256771474925</ele><time>2026-08-02T03:25:51.50200Z</time><extensions><mytracks:speed>4.72686882750732</mytracks:speed><mytracks:gradient>0</mytracks:gradient><mytracks:length>0.001312031921402727</mytracks:length></extensions></trkpt><trkpt lat="-33.95787649206745" lon="150.9572904505599"><ele>11.90127471452066</ele><time>2026-08-02T03:25:53.00100Z</time><extensions><mytracks:speed>4.638945887982381</mytracks:speed><mytracks:gradient>0</mytracks:gradient><mytracks:length>0.001931647553555276</mytracks:length></extensions></trkpt><trkpt lat="-33.95788558399992" lon="150.9572987384429"><ele>11.84036904614329</ele><time>2026-08-02T03:25:54.00100Z</time><extensions><mytracks:speed>4.570223422576786</mytracks:speed><mytracks:gradient>0</mytracks:gradient><mytracks:length>0.001270147721007681</mytracks:length></extensions></trkpt><trkpt lat="-33.95789443153546" lon="150.9573061514976"><ele>11.75620047586973</ele><time>2026-08-02T03:25:55.00200Z</time><extensions><mytracks:speed>4.305308249657932</mytracks:speed><mytracks:gradient>0</mytracks:gradient><mytracks:length>0.001197088558621761</mytracks:length></extensions></trkpt><trkpt lat="-33.95790242579567" lon="150.9573141956484"><ele>11.75610447448779</ele><time>2026-08-02T03:25:56.00300Z</time><extensions><mytracks:speed>4.155129339267886</mytracks:speed><mytracks:gradient>0</mytracks:gradient><mytracks:length>0.001154937746540606</mytracks:length></extensions></trkpt><trkpt lat="-33.95790976414706" lon="150.9573210596237"><ele>11.75107251990793</ele><time>2026-08-02T03:25:57.00200Z</time><extensions><mytracks:speed>3.700096608978136</mytracks:speed><mytracks:gradient>0</mytracks:gradient><mytracks:length>0.001026882254003633</mytracks:length></extensions></trkpt><trkpt lat="-33.95791717065748" lon="150.9573295923069"><ele>11.80225607050837</ele><time>2026-08-02T03:25:58.00100Z</time><extensions><mytracks:speed>4.120508900805959</mytracks:speed><mytracks:gradient>0</mytracks:gradient><mytracks:length>0.00114317236932346</mytracks:length></extensions></trkpt><trkpt lat="-33.95792508302186" lon="150.9573395522727"><ele>11.88363232049559</ele><time>2026-08-02T03:25:59.00100Z</time><extensions><mytracks:speed>4.572323581391379</mytracks:speed><mytracks:gradient>0</mytracks:gradient><mytracks:length>0.001270147721007681</mytracks:length></extensions></trkpt><trkpt lat="-33.95793307823692" lon="150.957349473845"><ele>11.93765023183711</ele><time>2026-08-02T03:26:00.00200Z</time><extensions><mytracks:speed>4.581593250631979</mytracks:speed><mytracks:gradient>0</mytracks:gradient><mytracks:length>0.001273690678297089</mytracks:length></extensions></trkpt><trkpt lat="-33.95794202341326" lon="150.9573590227681"><ele>11.92370535794774</ele><time>2026-08-02T03:26:01.00300Z</time><extensions><mytracks:speed>4.766670340976094</mytracks:speed><mytracks:gradient>0</mytracks:gradient><mytracks:length>0.001325699289424003</mytracks:length></extensions></trkpt><trkpt lat="-33.95795129297461" lon="150.9573693345095"><ele>11.81944824094146</ele><time>2026-08-02T03:26:02.00400Z</time><extensions><mytracks:speed>5.041652817612293</mytracks:speed><mytracks:gradient>0</mytracks:gradient><mytracks:length>0.001401702876638579</mytracks:length></extensions></trkpt><trkpt lat="-33.95795975486629" lon="150.9573789131405"><ele>11.70005418948304</ele><time>2026-08-02T03:26:03.00400Z</time><extensions><mytracks:speed>4.646965940889663</mytracks:speed><mytracks:gradient>0</mytracks:gradient><mytracks:length>0.00129125965552261</mytracks:length></extensions></trkpt><trkpt lat="-33.95796819465794" lon="150.9573873720407"><ele>11.55779761507236</ele><time>2026-08-02T03:26:04.00400Z</time><extensions><mytracks:speed>4.391647588315178</mytracks:speed><mytracks:gradient>0</mytracks:gradient><mytracks:length>0.00121946598229819</mytracks:length></extensions></trkpt><trkpt lat="-33.95797659720864" lon="150.9573967510472"><ele>11.44691138835545</ele><time>2026-08-02T03:26:05.00300Z</time><extensions><mytracks:speed>4.600850590917244</mytracks:speed><mytracks:gradient>0</mytracks:gradient><mytracks:length>0.001277223807631534</mytracks:length></extensions></trkpt><trkpt lat="-33.95798474885737" lon="150.9574065264374"><ele>11.34557541704613</ele><time>2026-08-02T03:26:06.00200Z</time><extensions><mytracks:speed>4.601690413506694</mytracks:speed><mytracks:gradient>0</mytracks:gradient><mytracks:length>0.001277223807631534</mytracks:length></extensions></trkpt><trkpt lat="-33.95799396890349" lon="150.9574170630545"><ele>11.20436058933116</ele><time>2026-08-02T03:26:07.00000Z</time><extensions><mytracks:speed>5.089860875861805</mytracks:speed><mytracks:gradient>0</mytracks:gradient><mytracks:length>0.001411314666109776</mytracks:length></extensions></trkpt><trkpt lat="-33.95800293420755" lon="150.9574272586809"><ele>11.04276012082675</ele><time>2026-08-02T03:26:07.99900Z</time><extensions><mytracks:speed>4.92421369848386</mytracks:speed><mytracks:gradient>0</mytracks:gradient><mytracks:length>0.001365881083981338</mytracks:length></extensions></trkpt><trkpt lat="-33.95801219765139" lon="150.9574371070937"><ele>10.87760497907259</ele><time>2026-08-02T03:26:08.99900Z</time><extensions><mytracks:speed>4.941646263480333</mytracks:speed><mytracks:gradient>0</mytracks:gradient><mytracks:length>0.001372463681551473</mytracks:length></extensions></trkpt><trkpt lat="-33.95802217552163" lon="150.9574466077086"><ele>10.72120813328209</ele><time>2026-08-02T03:26:10.00000Z</time><extensions><mytracks:speed>5.097652830175505</mytracks:speed><mytracks:gradient>0</mytracks:gradient><mytracks:length>0.001417686322278782</mytracks:length></extensions></trkpt><trkpt lat="-33.95803214266925" lon="150.9574557231891"><ele>10.58085413763817</ele><time>2026-08-02T03:26:11.00200Z</time><extensions><mytracks:speed>5.001225263567669</mytracks:speed><mytracks:gradient>0</mytracks:gradient><mytracks:length>0.00139202472031828</mytracks:length></extensions></trkpt><trkpt lat="-33.95804075740023" lon="150.9574637479305"><ele>10.49799955155749</ele><time>2026-08-02T03:26:12.00300Z</time><extensions><mytracks:speed>4.358202298601151</mytracks:speed><mytracks:gradient>0</mytracks:gradient><mytracks:length>0.001212052746534862</mytracks:length></extensions></trkpt><trkpt lat="-33.95805123166308" lon="150.9574717732909"><ele>10.39677976197825</ele><time>2026-08-02T03:26:13.00300Z</time><extensions><mytracks:speed>4.964984990407059</mytracks:speed><mytracks:gradient>0</mytracks:gradient><mytracks:length>0.001379014858069923</mytracks:length></extensions></trkpt><trkpt lat="-33.95806131962198" lon="150.9574806604988"><ele>10.3514783833705</ele><time>2026-08-02T03:26:14.00300Z</time><extensions><mytracks:speed>5.000385440192018</mytracks:speed><mytracks:gradient>0</mytracks:gradient><mytracks:length>0.001388783680483499</mytracks:length></extensions></trkpt><trkpt lat="-33.95807143639356" lon="150.9574891339266"><ele>10.29468445065397</ele><time>2026-08-02T03:26:15.00300Z</time><extensions><mytracks:speed>4.929631291929165</mytracks:speed><mytracks:gradient>0</mytracks:gradient><mytracks:length>0.001369176338671513</mytracks:length></extensions></trkpt><trkpt lat="-33.95808099869785" lon="150.9574973862849"><ele>10.25079737781231</ele><time>2026-08-02T03:26:16.00200Z</time><extensions><mytracks:speed>4.700621783453101</mytracks:speed><mytracks:gradient>0</mytracks:gradient><mytracks:length>0.001305144567157196</mytracks:length></extensions></trkpt><trkpt lat="-33.95809122240806" lon="150.9575055676003"><ele>10.26971767160902</ele><time>2026-08-02T03:26:17.00200Z</time><extensions><mytracks:speed>4.918828984259821</mytracks:speed><mytracks:gradient>0</mytracks:gradient><mytracks:length>0.001365881083981338</mytracks:length></extensions></trkpt><trkpt lat="-33.95810081055289" lon="150.9575141824867"><ele>10.34386612163083</ele><time>2026-08-02T03:26:18.00100Z</time><extensions><mytracks:speed>4.788854462125006</mytracks:speed><mytracks:gradient>0</mytracks:gradient><mytracks:length>0.00132909417152405</mytracks:length></extensions></trkpt><trkpt lat="-33.95811050825155" lon="150.9575220776101"><ele>10.37000119539417</ele><time>2026-08-02T03:26:19.00000Z</time><extensions><mytracks:speed>4.678541454132451</mytracks:speed><mytracks:gradient>0</mytracks:gradient><mytracks:length>0.001298220674454138</mytracks:length></extensions></trkpt><trkpt lat="-33.9581188294753" lon="150.9575299516039"><ele>10.43389061152856</ele><time>2026-08-02T03:26:19.99900Z</time><extensions><mytracks:speed>4.244956951891311</mytracks:speed><mytracks:gradient>0</mytracks:gradient><mytracks:length>0.001178116065243004</mytracks:length></extensions></trkpt><trkpt lat="-33.95812763084135" lon="150.9575381566417"><ele>10.44778682969472</ele><time>2026-08-02T03:26:20.99900Z</time><extensions><mytracks:speed>4.459522117695059</mytracks:speed><mytracks:gradient>0</mytracks:gradient><mytracks:length>0.001237804845677201</mytracks:length></extensions></trkpt><trkpt lat="-33.95813717322257" lon="150.9575461571961"><ele>10.42104210558564</ele><time>2026-08-02T03:26:21.99900Z</time><extensions><mytracks:speed>4.658543523820616</mytracks:speed><mytracks:gradient>0</mytracks:gradient><mytracks:length>0.001294744843117849</mytracks:length></extensions></trkpt><trkpt lat="-33.95814634152819" lon="150.9575538324853"><ele>10.49967655897793</ele><time>2026-08-02T03:26:23.00000Z</time><extensions><mytracks:speed>4.438366705917329</mytracks:speed><mytracks:gradient>0</mytracks:gradient><mytracks:length>0.001234158873558046</mytracks:length></extensions></trkpt><trkpt lat="-33.95815533583524" lon="150.9575621126408"><ele>10.46006816338253</ele><time>2026-08-02T03:26:24.00000Z</time><extensions><mytracks:speed>4.523204010860503</mytracks:speed><mytracks:gradient>0</mytracks:gradient><mytracks:length>0.001255875945299307</mytracks:length></extensions></trkpt><trkpt lat="-33.95816599164557" lon="150.9575709469717"><ele>10.36726328429788</ele><time>2026-08-02T03:26:24.99900Z</time><extensions><mytracks:speed>5.187428595435491</mytracks:speed><mytracks:gradient>0</mytracks:gradient><mytracks:length>0.001439765079440252</mytracks:length></extensions></trkpt><trkpt lat="-33.95817651220048" lon="150.95758155991"><ele>10.31376555050193</ele><time>2026-08-02T03:26:25.99800Z</time><extensions><mytracks:speed>5.502296504967246</mytracks:speed><mytracks:gradient>0</mytracks:gradient><mytracks:length>0.001527839028553898</mytracks:length></extensions></trkpt><trkpt lat="-33.9581851003275" lon="150.9575927072194"><ele>10.28991448133686</ele><time>2026-08-02T03:26:26.99900Z</time><extensions><mytracks:speed>5.041748896012819</mytracks:speed><mytracks:gradient>0</mytracks:gradient><mytracks:length>0.001401702876638579</mytracks:length></extensions></trkpt><trkpt lat="-33.95819375356161" lon="150.9576040824016"><ele>10.15882303155396</ele><time>2026-08-02T03:26:28.00100Z</time><extensions><mytracks:speed>5.120208836249887</mytracks:speed><mytracks:gradient>0</mytracks:gradient><mytracks:length>0.001424029469490054</mytracks:length></extensions></trkpt><trkpt lat="-33.95820200466186" lon="150.9576150828357"><ele>10.11973446938714</ele><time>2026-08-02T03:26:29.00100Z</time><extensions><mytracks:speed>4.916344365959113</mytracks:speed><mytracks:gradient>0</mytracks:gradient><mytracks:length>0.001365881083981338</mytracks:length></extensions></trkpt><trkpt lat="-33.95820994470235" lon="150.9576266859146"><ele>10.13072473883537</ele><time>2026-08-02T03:26:30.00000Z</time><extensions><mytracks:speed>5.002284409369969</mytracks:speed><mytracks:gradient>0</mytracks:gradient><mytracks:length>0.001388783680483499</mytracks:length></extensions></trkpt><trkpt lat="-33.95821722407085" lon="150.9576362763966"><ele>10.19400706656864</ele><time>2026-08-02T03:26:31.00100Z</time><extensions><mytracks:speed>4.293978326797294</mytracks:speed><mytracks:gradient>0</mytracks:gradient><mytracks:length>0.001193318191591511</mytracks:length></extensions></trkpt><trkpt lat="-33.95822538070448" lon="150.957646868501"><ele>10.23113104998562</ele><time>2026-08-02T03:26:32.00200Z</time><extensions><mytracks:speed>4.791138012794177</mytracks:speed><mytracks:gradient>0</mytracks:gradient><mytracks:length>0.001332480404200788</mytracks:length></extensions></trkpt><trkpt lat="-33.95823348800297" lon="150.9576578332178"><ele>10.34755216375776</ele><time>2026-08-02T03:26:33.00200Z</time><extensions><mytracks:speed>4.881427634865162</mytracks:speed><mytracks:gradient>0</mytracks:gradient><mytracks:length>0.001355947271533209</mytracks:length></extensions></trkpt><trkpt lat="-33.95824195976734" lon="150.9576700285945"><ele>10.41122322814434</ele><time>2026-08-02T03:26:34.00200Z</time><extensions><mytracks:speed>5.272729253404103</mytracks:speed><mytracks:gradient>0</mytracks:gradient><mytracks:length>0.001464590444586727</mytracks:length></extensions></trkpt><trkpt lat="-33.95824945503772" lon="150.9576819022732"><ele>10.48272408426068</ele><time>2026-08-02T03:26:35.00200Z</time><extensions><mytracks:speed>4.94145242994849</mytracks:speed><mytracks:gradient>0</mytracks:gradient><mytracks:length>0.001372463681551473</mytracks:length></extensions></trkpt><trkpt lat="-33.95825747343652" lon="150.957695049903"><ele>10.48591688030822</ele><time>2026-08-02T03:26:36.00200Z</time><extensions><mytracks:speed>5.434403184236197</mytracks:speed><mytracks:gradient>0</mytracks:gradient><mytracks:length>0.001510038354603338</mytracks:length></extensions></trkpt><trkpt lat="-33.95826613638295" lon="150.9577069564808"><ele>10.42239344681484</ele><time>2026-08-02T03:26:37.00300Z</time><extensions><mytracks:speed>5.257917765642731</mytracks:speed><mytracks:gradient>0</mytracks:gradient><mytracks:length>0.001461510335089989</mytracks:length></extensions></trkpt><trkpt lat="-33.95827568272784" lon="150.9577193851709"><ele>10.30689567138108</ele><time>2026-08-02T03:26:38.00200Z</time><extensions><mytracks:speed>5.632008286250352</mytracks:speed><mytracks:gradient>0</mytracks:gradient><mytracks:length>0.00156283224524299</mytracks:length></extensions></trkpt><trkpt lat="-33.95828510265702" lon="150.9577298301057"><ele>10.2553306528473</ele><time>2026-08-02T03:26:39.00100Z</time><extensions><mytracks:speed>5.12925886194665</mytracks:speed><mytracks:gradient>0</mytracks:gradient><mytracks:length>0.001424029469490054</mytracks:length></extensions></trkpt><trkpt lat="-33.95829618399831" lon="150.9577411626828"><ele>10.11688859070926</ele><time>2026-08-02T03:26:40.00100Z</time><extensions><mytracks:speed>5.830415336347906</mytracks:speed><mytracks:gradient>0</mytracks:gradient><mytracks:length>0.001619474866359193</mytracks:length></extensions></trkpt><trkpt lat="-33.95830663060985" lon="150.9577506804663"><ele>9.973710358354257</ele><time>2026-08-02T03:26:41.00100Z</time><extensions><mytracks:speed>5.237994255239322</mytracks:speed><mytracks:gradient>0</mytracks:gradient><mytracks:length>0.001455330559692562</mytracks:length></extensions></trkpt><trkpt lat="-33.95831637499816" lon="150.9577611360923"><ele>9.841486042295848</ele><time>2026-08-02T03:26:42.00200Z</time><extensions><mytracks:speed>5.213245305659687</mytracks:speed><mytracks:gradient>0</mytracks:gradient><mytracks:length>0.001449124430949695</mytracks:length></extensions></trkpt><trkpt lat="-33.95832636357994" lon="150.9577718141409"><ele>9.647255854346211</ele><time>2026-08-02T03:26:43.00200Z</time><extensions><mytracks:speed>5.339178265856547</mytracks:speed><mytracks:gradient>0</mytracks:gradient><mytracks:length>0.001482936760342163</mytracks:length></extensions></trkpt><trkpt lat="-33.95833679340443" lon="150.9577813860416"><ele>9.473819229001563</ele><time>2026-08-02T03:26:44.00200Z</time><extensions><mytracks:speed>5.239214372851126</mytracks:speed><mytracks:gradient>0</mytracks:gradient><mytracks:length>0.001455330559692562</mytracks:length></extensions></trkpt><trkpt lat="-33.95834730177808" lon="150.9577900773883"><ele>9.365619190016799</ele><time>2026-08-02T03:26:45.00100Z</time><extensions><mytracks:speed>5.094190767069332</mytracks:speed><mytracks:gradient>0</mytracks:gradient><mytracks:length>0.001414504081852167</mytracks:length></extensions></trkpt><trkpt lat="-33.95835826202674" lon="150.9577991324645"><ele>9.259229434834815</ele><time>2026-08-02T03:26:46.00000Z</time><extensions><mytracks:speed>5.313679960401165</mytracks:speed><mytracks:gradient>0</mytracks:gradient><mytracks:length>0.001473792150465739</mytracks:length></extensions></trkpt><trkpt lat="-33.95836963346375" lon="150.9578082616392"><ele>9.27176348471218</ele><time>2026-08-02T03:26:46.99900Z</time><extensions><mytracks:speed>5.471620602241852</mytracks:speed><mytracks:gradient>0</mytracks:gradient><mytracks:length>0.001518964767456058</mytracks:length></extensions></trkpt><trkpt lat="-33.95838029071528" lon="150.9578155515961"><ele>9.388444759699201</ele><time>2026-08-02T03:26:48.00000Z</time><extensions><mytracks:speed>4.904094115340844</mytracks:speed><mytracks:gradient>0</mytracks:gradient><mytracks:length>0.001362577860079247</mytracks:length></extensions></trkpt><trkpt lat="-33.9583910148889" lon="150.9578243780051"><ele>9.469175741102262</ele><time>2026-08-02T03:26:49.00100Z</time><extensions><mytracks:speed>5.189371739701198</mytracks:speed><mytracks:gradient>0</mytracks:gradient><mytracks:length>0.001442891608810409</mytracks:length></extensions></trkpt><trkpt lat="-33.95840035683698" lon="150.957832571774"><ele>9.464275133430437</ele><time>2026-08-02T03:26:50.00200Z</time><extensions><mytracks:speed>4.630934334318648</mytracks:speed><mytracks:gradient>0</mytracks:gradient><mytracks:length>0.001287765035703515</mytracks:length></extensions></trkpt><trkpt lat="-33.95841014451408" lon="150.9578406169797"><ele>9.446288574130389</ele><time>2026-08-02T03:26:51.00200Z</time><extensions><mytracks:speed>4.760791156943647</mytracks:speed><mytracks:gradient>0</mytracks:gradient><mytracks:length>0.001322295691280666</mytracks:length></extensions></trkpt><trkpt lat="-33.9584205255167" lon="150.9578474582217"><ele>9.397116427751271</ele><time>2026-08-02T03:26:52.00100Z</time><extensions><mytracks:speed>4.735971165461777</mytracks:speed><mytracks:gradient>0</mytracks:gradient><mytracks:length>0.001315462076070468</mytracks:length></extensions></trkpt><trkpt lat="-33.95843001658803" lon="150.9578539566541"><ele>9.365376459999741</ele><time>2026-08-02T03:26:53.00100Z</time><extensions><mytracks:speed>4.364967572605095</mytracks:speed><mytracks:gradient>0</mytracks:gradient><mytracks:length>0.001212052746534862</mytracks:length></extensions></trkpt><trkpt lat="-33.95844036467156" lon="150.9578592506656"><ele>9.230005729037437</ele><time>2026-08-02T03:26:54.00100Z</time><extensions><mytracks:speed>4.509370916731109</mytracks:speed><mytracks:gradient>0</mytracks:gradient><mytracks:length>0.001252282587590172</mytracks:length></extensions></trkpt><trkpt lat="-33.95845149860642" lon="150.9578637604937"><ele>9.183495967066929</ele><time>2026-08-02T03:26:55.00100Z</time><extensions><mytracks:speed>4.711280516372172</mytracks:speed><mytracks:gradient>0</mytracks:gradient><mytracks:length>0.001308592775457605</mytracks:length></extensions></trkpt><trkpt lat="-33.95846217398917" lon="150.9578680942234"><ele>9.056354780546453</ele><time>2026-08-02T03:26:56.00100Z</time><extensions><mytracks:speed>4.494799804841065</mytracks:speed><mytracks:gradient>0</mytracks:gradient><mytracks:length>0.001248678889219179</mytracks:length></extensions></trkpt><trkpt lat="-33.95847257985287" lon="150.9578724694974"><ele>8.938360385101467</ele><time>2026-08-02T03:26:57.00100Z</time><extensions><mytracks:speed>4.402204607466984</mytracks:speed><mytracks:gradient>0</mytracks:gradient><mytracks:length>0.001223155751645057</mytracks:length></extensions></trkpt><trkpt lat="-33.95848410469972" lon="150.9578773624975"><ele>8.779650905567726</ele><time>2026-08-02T03:26:58.00100Z</time><extensions><mytracks:speed>4.893994541576082</mytracks:speed><mytracks:gradient>0</mytracks:gradient><mytracks:length>0.001359266608866063</mytracks:length></extensions></trkpt><trkpt lat="-33.95849418760869" lon="150.9578825888234"><ele>8.749256871490791</ele><time>2026-08-02T03:26:59.00100Z</time><extensions><mytracks:speed>4.403820585181388</mytracks:speed><mytracks:gradient>0</mytracks:gradient><mytracks:length>0.001223155751645057</mytracks:length></extensions></trkpt><trkpt lat="-33.95850316617162" lon="150.9578885219909"><ele>8.683166040007421</ele><time>2026-08-02T03:27:00.00000Z</time><extensions><mytracks:speed>4.091186236858239</mytracks:speed><mytracks:gradient>0</mytracks:gradient><mytracks:length>0.001135261046801494</mytracks:length></extensions></trkpt><trkpt lat="-33.95851306931453" lon="150.9578939757137"><ele>8.780420882284794</ele><time>2026-08-02T03:27:00.99900Z</time><extensions><mytracks:speed>4.355331863960848</mytracks:speed><mytracks:gradient>0</mytracks:gradient><mytracks:length>0.001208329073383078</mytracks:length></extensions></trkpt><trkpt lat="-33.95852366897585" lon="150.9579000643514"><ele>8.68809691779359</ele><time>2026-08-02T03:27:01.99800Z</time><extensions><mytracks:speed>4.700668875030026</mytracks:speed><mytracks:gradient>0</mytracks:gradient><mytracks:length>0.001305144567157196</mytracks:length></extensions></trkpt><trkpt lat="-33.9585346806705" lon="150.9579058526022"><ele>8.508562002854484</ele><time>2026-08-02T03:27:02.99900Z</time><extensions><mytracks:speed>4.806912056085628</mytracks:speed><mytracks:gradient>0</mytracks:gradient><mytracks:length>0.001335858053229829</mytracks:length></extensions></trkpt><trkpt lat="-33.95854503074438" lon="150.9579127972006"><ele>8.404401500970067</ele><time>2026-08-02T03:27:04.00000Z</time><extensions><mytracks:speed>4.729423432770123</mytracks:speed><mytracks:gradient>0</mytracks:gradient><mytracks:length>0.001315462076070468</mytracks:length></extensions></trkpt><trkpt lat="-33.95855627639262" lon="150.9579187267964"><ele>8.306827404308118</ele><time>2026-08-02T03:27:05.00100Z</time><extensions><mytracks:speed>4.901550643194395</mytracks:speed><mytracks:gradient>0</mytracks:gradient><mytracks:length>0.001362577860079247</mytracks:length></extensions></trkpt><trkpt lat="-33.95856679281269" lon="150.9579248700631"><ele>8.158326122732586</ele><time>2026-08-02T03:27:06.00100Z</time><extensions><mytracks:speed>4.673343173265197</mytracks:speed><mytracks:gradient>0</mytracks:gradient><mytracks:length>0.001298220674454138</mytracks:length></extensions></trkpt><trkpt lat="-33.95857594906445" lon="150.9579300966869"><ele>8.211328904247949</ele><time>2026-08-02T03:27:07.00100Z</time><extensions><mytracks:speed>4.044142404185573</mytracks:speed><mytracks:gradient>0</mytracks:gradient><mytracks:length>0.001123289593998423</mytracks:length></extensions></trkpt><trkpt lat="-33.95858505907596" lon="150.9579350461411"><ele>8.299683383399909</ele><time>2026-08-02T03:27:08.00100Z</time><extensions><mytracks:speed>3.986188359186754</mytracks:speed><mytracks:gradient>0</mytracks:gradient><mytracks:length>0.001107126311125143</mytracks:length></extensions></trkpt><trkpt lat="-33.95859533147104" lon="150.9579396339701"><ele>8.308972451899601</ele><time>2026-08-02T03:27:09.00000Z</time><extensions><mytracks:speed>4.363851835494692</mytracks:speed><mytracks:gradient>0</mytracks:gradient><mytracks:length>0.001212052746534862</mytracks:length></extensions></trkpt><trkpt lat="-33.95860554079741" lon="150.9579447067999"><ele>8.365753683683408</ele><time>2026-08-02T03:27:10.00000Z</time><extensions><mytracks:speed>4.417981153308806</mytracks:speed><mytracks:gradient>0</mytracks:gradient><mytracks:length>0.001226834423865861</mytracks:length></extensions></trkpt><trkpt lat="-33.95861651443286" lon="150.9579494769393"><ele>8.441605423639919</ele><time>2026-08-02T03:27:11.00000Z</time><extensions><mytracks:speed>4.675521798389886</mytracks:speed><mytracks:gradient>0</mytracks:gradient><mytracks:length>0.001298220674454138</mytracks:length></extensions></trkpt><trkpt lat="-33.95862815378437" lon="150.9579543251735"><ele>8.507657267115352</ele><time>2026-08-02T03:27:11.99900Z</time><extensions><mytracks:speed>4.919332310857473</mytracks:speed><mytracks:gradient>0</mytracks:gradient><mytracks:length>0.001365881083981338</mytracks:length></extensions></trkpt><trkpt lat="-33.95863958463931" lon="150.9579598570395"><ele>8.520082178325522</ele><time>2026-08-02T03:27:12.99900Z</time><extensions><mytracks:speed>4.929326867129681</mytracks:speed><mytracks:gradient>0</mytracks:gradient><mytracks:length>0.001369176338671513</mytracks:length></extensions></trkpt><trkpt lat="-33.95865106542011" lon="150.9579661532013"><ele>8.584270420502403</ele><time>2026-08-02T03:27:14.00000Z</time><extensions><mytracks:speed>5.032546804484969</mytracks:speed><mytracks:gradient>0</mytracks:gradient><mytracks:length>0.001398484266474591</mytracks:length></extensions></trkpt><trkpt lat="-33.95866240413044" lon="150.9579724302833"><ele>8.594740582239258</ele><time>2026-08-02T03:27:15.00000Z</time><extensions><mytracks:speed>4.985809715692448</mytracks:speed><mytracks:gradient>0</mytracks:gradient><mytracks:length>0.00138553505923791</mytracks:length></extensions></trkpt><trkpt lat="-33.95867278465523" lon="150.9579794722595"><ele>8.590136219764652</ele><time>2026-08-02T03:27:16.00000Z</time><extensions><mytracks:speed>4.758777053098662</mytracks:speed><mytracks:gradient>0</mytracks:gradient><mytracks:length>0.001322295691280666</mytracks:length></extensions></trkpt><trkpt lat="-33.95868468316704" lon="150.9579871267916"><ele>8.510954582947107</ele><time>2026-08-02T03:27:17.00000Z</time><extensions><mytracks:speed>5.393758594960307</mytracks:speed><mytracks:gradient>0</mytracks:gradient><mytracks:length>0.001498053733740409</mytracks:length></extensions></trkpt><trkpt lat="-33.95869526934429" lon="150.9579948937508"><ele>8.539661379093049</ele><time>2026-08-02T03:27:18.00000Z</time><extensions><mytracks:speed>4.953465497413091</mytracks:speed><mytracks:gradient>0</mytracks:gradient><mytracks:length>0.00137574316933711</mytracks:length></extensions></trkpt><trkpt lat="-33.95870685387307" lon="150.958001980547"><ele>8.513055247167793</ele><time>2026-08-02T03:27:18.99900Z</time><extensions><mytracks:speed>5.200576504298182</mytracks:speed><mytracks:gradient>0</mytracks:gradient><mytracks:length>0.001442891608810409</mytracks:length></extensions></trkpt><trkpt lat="-33.95871770813537" lon="150.9580094817726"><ele>8.475129488835618</ele><time>2026-08-02T03:27:19.99800Z</time><extensions><mytracks:speed>5.002179403565555</mytracks:speed><mytracks:gradient>0</mytracks:gradient><mytracks:length>0.001388783680483499</mytracks:length></extensions></trkpt><trkpt lat="-33.95872983249689" lon="150.9580170402056"><ele>8.395684554734224</ele><time>2026-08-02T03:27:20.99800Z</time><extensions><mytracks:speed>5.470627422928438</mytracks:speed><mytracks:gradient>0</mytracks:gradient><mytracks:length>0.001518964767456058</mytracks:length></extensions></trkpt><trkpt lat="-33.95874012894514" lon="150.9580243108531"><ele>8.374605156945538</ele><time>2026-08-02T03:27:21.99800Z</time><extensions><mytracks:speed>4.758461759066911</mytracks:speed><mytracks:gradient>0</mytracks:gradient><mytracks:length>0.001322295691280666</mytracks:length></extensions></trkpt><trkpt lat="-33.95875301445737" lon="150.9580306490349"><ele>8.316599921825095</ele><time>2026-08-02T03:27:22.99900Z</time><extensions><mytracks:speed>5.557285875375433</mytracks:speed><mytracks:gradient>0</mytracks:gradient><mytracks:length>0.001545434683825843</mytracks:length></extensions></trkpt><trkpt lat="-33.95876385444691" lon="150.9580370400298"><ele>8.336381065335029</ele><time>2026-08-02T03:27:24.00000Z</time><extensions><mytracks:speed>4.832258089583511</mytracks:speed><mytracks:gradient>0</mytracks:gradient><mytracks:length>0.001342587859314532</mytracks:length></extensions></trkpt><trkpt lat="-33.95877604280157" lon="150.9580426827834"><ele>8.330907837316527</ele><time>2026-08-02T03:27:25.00000Z</time><extensions><mytracks:speed>5.237156612082463</mytracks:speed><mytracks:gradient>0</mytracks:gradient><mytracks:length>0.001455330559692562</mytracks:length></extensions></trkpt><trkpt lat="-33.95878736024839" lon="150.9580485982821"><ele>8.303769609124521</ele><time>2026-08-02T03:27:26.00000Z</time><extensions><mytracks:speed>4.929620125104263</mytracks:speed><mytracks:gradient>0</mytracks:gradient><mytracks:length>0.001369176338671513</mytracks:length></extensions></trkpt><trkpt lat="-33.95879957831264" lon="150.958053265403"><ele>8.268005599883846</ele><time>2026-08-02T03:27:27.00000Z</time><extensions><mytracks:speed>5.115303009193223</mytracks:speed><mytracks:gradient>0</mytracks:gradient><mytracks:length>0.00142086143560033</mytracks:length></extensions></trkpt><trkpt lat="-33.95881002183591" lon="150.9580587076439"><ele>8.264384295556095</ele><time>2026-08-02T03:27:27.99900Z</time><extensions><mytracks:speed>4.561955937531553</mytracks:speed><mytracks:gradient>0</mytracks:gradient><mytracks:length>0.001266594853290156</mytracks:length></extensions></trkpt><trkpt lat="-33.95882282409056" lon="150.9580632580108"><ele>8.163185832261393</ele><time>2026-08-02T03:27:28.99900Z</time><extensions><mytracks:speed>5.350444188547864</mytracks:speed><mytracks:gradient>0</mytracks:gradient><mytracks:length>0.001485972458013271</mytracks:length></extensions></trkpt><trkpt lat="-33.95883372238605" lon="150.9580685228588"><ele>8.091584143471687</ele><time>2026-08-02T03:27:29.99900Z</time><extensions><mytracks:speed>4.69951708398502</mytracks:speed><mytracks:gradient>0</mytracks:gradient><mytracks:length>0.001305144567157196</mytracks:length></extensions></trkpt><trkpt lat="-33.95884533635443" lon="150.9580735706984"><ele>8.163430306976988</ele><time>2026-08-02T03:27:30.99900Z</time><extensions><mytracks:speed>4.940489968304647</mytracks:speed><mytracks:gradient>0</mytracks:gradient><mytracks:length>0.001372463681551473</mytracks:length></extensions></trkpt><trkpt lat="-33.95885715609428" lon="150.9580799014864"><ele>8.205198423545259</ele><time>2026-08-02T03:27:32.00000Z</time><extensions><mytracks:speed>5.169474609903123</mytracks:speed><mytracks:gradient>0</mytracks:gradient><mytracks:length>0.001436631745847105</mytracks:length></extensions></trkpt><trkpt lat="-33.95886903990427" lon="150.9580859180465"><ele>8.239358791736546</ele><time>2026-08-02T03:27:32.99900Z</time><extensions><mytracks:speed>5.151775935505121</mytracks:speed><mytracks:gradient>0</mytracks:gradient><mytracks:length>0.00143034448702958</mytracks:length></extensions></trkpt><trkpt lat="-33.95888047258704" lon="150.9580925912943"><ele>8.223146018014818</ele><time>2026-08-02T03:27:33.99900Z</time><extensions><mytracks:speed>5.105903974782656</mytracks:speed><mytracks:gradient>0</mytracks:gradient><mytracks:length>0.001417686322278782</mytracks:length></extensions></trkpt><trkpt lat="-33.95889265874221" lon="150.9580978994163"><ele>8.229521698221612</ele><time>2026-08-02T03:27:34.99900Z</time><extensions><mytracks:speed>5.194976441564982</mytracks:speed><mytracks:gradient>0</mytracks:gradient><mytracks:length>0.001442891608810409</mytracks:length></extensions></trkpt><trkpt lat="-33.95890476486277" lon="150.9581032847827"><ele>8.069736446021976</ele><time>2026-08-02T03:27:35.99900Z</time><extensions><mytracks:speed>5.171718922781066</mytracks:speed><mytracks:gradient>0</mytracks:gradient><mytracks:length>0.001436631745847105</mytracks:length></extensions></trkpt><trkpt lat="-33.95891766174917" lon="150.9581084298756"><ele>8.036539937978539</ele><time>2026-08-02T03:27:36.99900Z</time><extensions><mytracks:speed>5.443545765070595</mytracks:speed><mytracks:gradient>0</mytracks:gradient><mytracks:length>0.001513019677060761</mytracks:length></extensions></trkpt><trkpt lat="-33.95892912618626" lon="150.9581132649988"><ele>8.010057562236538</ele><time>2026-08-02T03:27:38.00000Z</time><extensions><mytracks:speed>4.867747844290649</mytracks:speed><mytracks:gradient>0</mytracks:gradient><mytracks:length>0.001352619788550522</mytracks:length></extensions></trkpt><trkpt lat="-33.95894018320668" lon="150.9581183983119"><ele>7.990555322765665</ele><time>2026-08-02T03:27:38.99900Z</time><extensions><mytracks:speed>4.751144282658148</mytracks:speed><mytracks:gradient>0</mytracks:gradient><mytracks:length>0.001318883309614433</mytracks:length></extensions></trkpt><trkpt lat="-33.9589512612446" lon="150.9581235410481"><ele>7.920817952595636</ele><time>2026-08-02T03:27:39.99900Z</time><extensions><mytracks:speed>4.761151038312307</mytracks:speed><mytracks:gradient>0</mytracks:gradient><mytracks:length>0.001322295691280666</mytracks:length></extensions></trkpt><trkpt lat="-33.95896211895353" lon="150.9581294110586"><ele>7.948766541565663</ele><time>2026-08-02T03:27:40.99900Z</time><extensions><mytracks:speed>4.74811802343737</mytracks:speed><mytracks:gradient>0</mytracks:gradient><mytracks:length>0.001318883309614433</mytracks:length></extensions></trkpt><trkpt lat="-33.95897104838006" lon="150.9581348380214"><ele>7.888212662012841</ele><time>2026-08-02T03:27:41.99800Z</time><extensions><mytracks:speed>3.987296960455403</mytracks:speed><mytracks:gradient>0</mytracks:gradient><mytracks:length>0.001107126311125143</mytracks:length></extensions></trkpt><trkpt lat="-33.95898215771289" lon="150.9581402938965"><ele>7.80881928564631</ele><time>2026-08-02T03:27:42.99900Z</time><extensions><mytracks:speed>4.79503113082571</mytracks:speed><mytracks:gradient>0</mytracks:gradient><mytracks:length>0.001332480404200788</mytracks:length></extensions></trkpt><trkpt lat="-33.958992434401" lon="150.9581450945812"><ele>7.81027801008209</ele><time>2026-08-02T03:27:43.99900Z</time><extensions><mytracks:speed>4.416406497161763</mytracks:speed><mytracks:gradient>0</mytracks:gradient><mytracks:length>0.001226834423865861</mytracks:length></extensions></trkpt><trkpt lat="-33.9590030383943" lon="150.9581507682347"><ele>7.750293615495193</ele><time>2026-08-02T03:27:44.99900Z</time><extensions><mytracks:speed>4.634181356700467</mytracks:speed><mytracks:gradient>0</mytracks:gradient><mytracks:length>0.001287765035703515</mytracks:length></extensions></trkpt><trkpt lat="-33.95901435144762" lon="150.9581557778044"><ele>7.641428087727607</ele><time>2026-08-02T03:27:45.99900Z</time><extensions><mytracks:speed>4.820880515580241</mytracks:speed><mytracks:gradient>0</mytracks:gradient><mytracks:length>0.001339227183557324</mytracks:length></extensions></trkpt><trkpt lat="-33.95902541581634" lon="150.9581606075998"><ele>7.516356304254338</ele><time>2026-08-02T03:27:46.99900Z</time><extensions><mytracks:speed>4.726208580369022</mytracks:speed><mytracks:gradient>0</mytracks:gradient><mytracks:length>0.001312031921402727</mytracks:length></extensions></trkpt><trkpt lat="-33.95903579105936" lon="150.9581651416788"><ele>7.417157549180728</ele><time>2026-08-02T03:27:47.99800Z</time><extensions><mytracks:speed>4.430856029965922</mytracks:speed><mytracks:gradient>0</mytracks:gradient><mytracks:length>0.001230502098487512</mytracks:length></extensions></trkpt><trkpt lat="-33.95904635379782" lon="150.958169221668"><ele>7.301047898207274</ele><time>2026-08-02T03:27:48.99900Z</time><extensions><mytracks:speed>4.441672579704459</mytracks:speed><mytracks:gradient>0</mytracks:gradient><mytracks:length>0.001234158873558046</mytracks:length></extensions></trkpt><trkpt lat="-33.95905754601883" lon="150.9581740560486"><ele>7.324838110477384</ele><time>2026-08-02T03:27:49.99900Z</time><extensions><mytracks:speed>4.757615888723462</mytracks:speed><mytracks:gradient>0</mytracks:gradient><mytracks:length>0.001322295691280666</mytracks:length></extensions></trkpt><trkpt lat="-33.95906770395612" lon="150.9581778786468"><ele>7.380825014887185</ele><time>2026-08-02T03:27:50.99900Z</time><extensions><mytracks:speed>4.270099759500125</mytracks:speed><mytracks:gradient>0</mytracks:gradient><mytracks:length>0.001185741491550095</mytracks:length></extensions></trkpt><trkpt lat="-33.95907784322119" lon="150.9581819173299"><ele>7.429820724661805</ele><time>2026-08-02T03:27:51.99900Z</time><extensions><mytracks:speed>4.269279076975685</mytracks:speed><mytracks:gradient>0</mytracks:gradient><mytracks:length>0.001185741491550095</mytracks:length></extensions></trkpt><trkpt lat="-33.95909268002946" lon="150.9581878441071"><ele>7.670413767356488</ele><time>2026-08-02T03:27:53.49800Z</time><extensions><mytracks:speed>4.171022657890544</mytracks:speed><mytracks:gradient>0</mytracks:gradient><mytracks:length>0.001737601254017866</mytracks:length></extensions></trkpt><trkpt lat="-33.95910178872542" lon="150.9581906460719"><ele>7.813546380223549</ele><time>2026-08-02T03:27:54.49900Z</time><extensions><mytracks:speed>3.742631725846061</mytracks:speed><mytracks:gradient>0</mytracks:gradient><mytracks:length>0.001039964083989089</mytracks:length></extensions></trkpt><trkpt lat="-33.95911164566422" lon="150.9581942025899"><ele>7.925734372301496</ele><time>2026-08-02T03:27:55.49900Z</time><extensions><mytracks:speed>4.112135177577555</mytracks:speed><mytracks:gradient>0</mytracks:gradient><mytracks:length>0.00114317236932346</mytracks:length></extensions></trkpt><trkpt lat="-33.95912213449016" lon="150.9581971498655"><ele>8.073846084230244</ele><time>2026-08-02T03:27:56.50100Z</time><extensions><mytracks:speed>4.315720319700783</mytracks:speed><mytracks:gradient>0</mytracks:gradient><mytracks:length>0.001200847087677287</mytracks:length></extensions></trkpt><trkpt lat="-33.95913456892779" lon="150.9582017866048"><ele>7.992951636783951</ele><time>2026-08-02T03:27:57.50100Z</time><extensions><mytracks:speed>5.215287457530237</mytracks:speed><mytracks:gradient>0</mytracks:gradient><mytracks:length>0.001449124430949695</mytracks:length></extensions></trkpt><trkpt lat="-33.9591543272318" lon="150.958210944302"><ele>7.945346467836244</ele><time>2026-08-02T03:27:59.00200Z</time><extensions><mytracks:speed>5.64445697605352</mytracks:speed><mytracks:gradient>0</mytracks:gradient><mytracks:length>0.002352403968525578</mytracks:length></extensions></trkpt><trkpt lat="-33.95916674635918" lon="150.9582166794126"><ele>7.963571704532663</ele><time>2026-08-02T03:28:00.00200Z</time><extensions><mytracks:speed>5.329276362629066</mytracks:speed><mytracks:gradient>0</mytracks:gradient><mytracks:length>0.001479894835579277</mytracks:length></extensions></trkpt><trkpt lat="-33.9591791499281" lon="150.9582227727868"><ele>7.920374169411956</ele><time>2026-08-02T03:28:01.00100Z</time><extensions><mytracks:speed>5.350467792251623</mytracks:speed><mytracks:gradient>0</mytracks:gradient><mytracks:length>0.001485972458013271</mytracks:length></extensions></trkpt><trkpt lat="-33.95919163460927" lon="150.9582295577973"><ele>7.858489900841354</ele><time>2026-08-02T03:28:02.00100Z</time><extensions><mytracks:speed>5.468490243822492</mytracks:speed><mytracks:gradient>0</mytracks:gradient><mytracks:length>0.001518964767456058</mytracks:length></extensions></trkpt><trkpt lat="-33.95920160563398" lon="150.9582347374471"><ele>7.816323054329941</ele><time>2026-08-02T03:28:03.00100Z</time><extensions><mytracks:speed>4.349551192404402</mytracks:speed><mytracks:gradient>0</mytracks:gradient><mytracks:length>0.001208329073383078</mytracks:length></extensions></trkpt><trkpt lat="-33.95921342926152" lon="150.9582403181922"><ele>7.771088749232988</ele><time>2026-08-02T03:28:04.00200Z</time><extensions><mytracks:speed>5.068105980501415</mytracks:speed><mytracks:gradient>0</mytracks:gradient><mytracks:length>0.001408118026294904</mytracks:length></extensions></trkpt><trkpt lat="-33.95922428395432" lon="150.9582456764245"><ele>7.674559025450116</ele><time>2026-08-02T03:28:05.00200Z</time><extensions><mytracks:speed>4.686267858527486</mytracks:speed><mytracks:gradient>0</mytracks:gradient><mytracks:length>0.001301687224482153</mytracks:length></extensions></trkpt><trkpt lat="-33.95923475059551" lon="150.958251328448"><ele>7.581909401847295</ele><time>2026-08-02T03:28:06.00100Z</time><extensions><mytracks:speed>4.600993284246603</mytracks:speed><mytracks:gradient>0</mytracks:gradient><mytracks:length>0.001277223807631534</mytracks:length></extensions></trkpt><trkpt lat="-33.95924473412761" lon="150.9582559890205"><ele>7.470097284894807</ele><time>2026-08-02T03:28:07.00100Z</time><extensions><mytracks:speed>4.270031526968813</mytracks:speed><mytracks:gradient>0</mytracks:gradient><mytracks:length>0.001185741491550095</mytracks:length></extensions></trkpt><trkpt lat="-33.95925558087972" lon="150.9582612639009"><ele>7.409256781271795</ele><time>2026-08-02T03:28:08.00100Z</time><extensions><mytracks:speed>4.661108661949408</mytracks:speed><mytracks:gradient>0</mytracks:gradient><mytracks:length>0.001294744843117849</mytracks:length></extensions></trkpt><trkpt lat="-33.95926649200255" lon="150.9582676083794"><ele>7.316043103868566</ele><time>2026-08-02T03:28:09.00100Z</time><extensions><mytracks:speed>4.843948415439799</mytracks:speed><mytracks:gradient>0</mytracks:gradient><mytracks:length>0.001345940143832062</mytracks:length></extensions></trkpt><trkpt lat="-33.9592761313063" lon="150.958274156239"><ele>7.322803889308334</ele><time>2026-08-02T03:28:10.00100Z</time><extensions><mytracks:speed>4.431312020687558</mytracks:speed><mytracks:gradient>0</mytracks:gradient><mytracks:length>0.001230502098487512</mytracks:length></extensions></trkpt><trkpt lat="-33.95928722017062" lon="150.9582808532035"><ele>7.428279272874294</ele><time>2026-08-02T03:28:11.00000Z</time><extensions><mytracks:speed>4.966817707657084</mytracks:speed><mytracks:gradient>0</mytracks:gradient><mytracks:length>0.001379014858069923</mytracks:length></extensions></trkpt><trkpt lat="-33.95929702526732" lon="150.9582876037234"><ele>7.601613690777484</ele><time>2026-08-02T03:28:12.00000Z</time><extensions><mytracks:speed>4.521128071935632</mytracks:speed><mytracks:gradient>0</mytracks:gradient><mytracks:length>0.001255875945299307</mytracks:length></extensions></trkpt><trkpt lat="-33.95930772113115" lon="150.9582940553776"><ele>7.673615959799606</ele><time>2026-08-02T03:28:13.00100Z</time><extensions><mytracks:speed>4.782520677095115</mytracks:speed><mytracks:gradient>0</mytracks:gradient><mytracks:length>0.00132909417152405</mytracks:length></extensions></trkpt><trkpt lat="-33.95931768846607" lon="150.9582990945591"><ele>7.804526506705566</ele><time>2026-08-02T03:28:14.00100Z</time><extensions><mytracks:speed>4.33271332233428</mytracks:speed><mytracks:gradient>0</mytracks:gradient><mytracks:length>0.001204593889567316</mytracks:length></extensions></trkpt><trkpt lat="-33.95933091393998" lon="150.9583047774203"><ele>7.941155767303772</ele><time>2026-08-02T03:28:15.00100Z</time><extensions><mytracks:speed>5.627244574265658</mytracks:speed><mytracks:gradient>0</mytracks:gradient><mytracks:length>0.00156283224524299</mytracks:length></extensions></trkpt><trkpt lat="-33.95934375167194" lon="150.9583102290752"><ele>7.96040798677487</ele><time>2026-08-02T03:28:16.00100Z</time><extensions><mytracks:speed>5.449553190095358</mytracks:speed><mytracks:gradient>0</mytracks:gradient><mytracks:length>0.001513019677060761</mytracks:length></extensions></trkpt><trkpt lat="-33.95935782590379" lon="150.9583153355508"><ele>8.001335947623703</ele><time>2026-08-02T03:28:17.00100Z</time><extensions><mytracks:speed>5.881238716511384</mytracks:speed><mytracks:gradient>0</mytracks:gradient><mytracks:length>0.001633328624854348</mytracks:length></extensions></trkpt><trkpt lat="-33.95937172798105" lon="150.9583202661689"><ele>8.072529158162755</ele><time>2026-08-02T03:28:18.00100Z</time><extensions><mytracks:speed>5.80003348283271</mytracks:speed><mytracks:gradient>0</mytracks:gradient><mytracks:length>0.00161110543117744</mytracks:length></extensions></trkpt><trkpt lat="-33.95938613308216" lon="150.9583262565992"><ele>8.104921131524399</ele><time>2026-08-02T03:28:19.00100Z</time><extensions><mytracks:speed>6.094271190033378</mytracks:speed><mytracks:gradient>0</mytracks:gradient><mytracks:length>0.001692938874964558</mytracks:length></extensions></trkpt><trkpt lat="-33.95939882800511" lon="150.9583304097794"><ele>7.989472420085208</ele><time>2026-08-02T03:28:20.00100Z</time><extensions><mytracks:speed>5.260684032314304</mytracks:speed><mytracks:gradient>0</mytracks:gradient><mytracks:length>0.001461510335089989</mytracks:length></extensions></trkpt><trkpt lat="-33.95941116201223" lon="150.9583345538929"><ele>7.928546077906121</ele><time>2026-08-02T03:28:21.00100Z</time><extensions><mytracks:speed>5.127654655348954</mytracks:speed><mytracks:gradient>0</mytracks:gradient><mytracks:length>0.001424029469490054</mytracks:length></extensions></trkpt><trkpt lat="-33.95942326250425" lon="150.9583385048706"><ele>7.91552458956333</ele><time>2026-08-02T03:28:22.00000Z</time><extensions><mytracks:speed>5.012258150689041</mytracks:speed><mytracks:gradient>0</mytracks:gradient><mytracks:length>0.00139202472031828</mytracks:length></extensions></trkpt><trkpt lat="-33.95943526862639" lon="150.9583424895213"><ele>7.896009542918696</ele><time>2026-08-02T03:28:23.00000Z</time><extensions><mytracks:speed>4.978941079426283</mytracks:speed><mytracks:gradient>0</mytracks:gradient><mytracks:length>0.001382278803128191</mytracks:length></extensions></trkpt><trkpt lat="-33.95944737998246" lon="150.9583440003427"><ele>7.931599376689843</ele><time>2026-08-02T03:28:24.00000Z</time><extensions><mytracks:speed>4.858323348315932</mytracks:speed><mytracks:gradient>0</mytracks:gradient><mytracks:length>0.0013492840996538</mytracks:length></extensions></trkpt><trkpt lat="-33.95945879626323" lon="150.9583442154043"><ele>7.989452316756362</ele><time>2026-08-02T03:28:24.99900Z</time><extensions><mytracks:speed>4.576187352240543</mytracks:speed><mytracks:gradient>0</mytracks:gradient><mytracks:length>0.001270147721007681</mytracks:length></extensions></trkpt><trkpt lat="-33.95946818525988" lon="150.9583392189011"><ele>7.948744875236087</ele><time>2026-08-02T03:28:25.99900Z</time><extensions><mytracks:speed>4.116359254470161</mytracks:speed><mytracks:gradient>0</mytracks:gradient><mytracks:length>0.00114317236932346</mytracks:length></extensions></trkpt><trkpt lat="-33.95947424527471" lon="150.9583299085064"><ele>7.85069320435637</ele><time>2026-08-02T03:28:26.99800Z</time><extensions><mytracks:speed>3.927583266259542</mytracks:speed><mytracks:gradient>0</mytracks:gradient><mytracks:length>0.001090723533066923</mytracks:length></extensions></trkpt><trkpt lat="-33.95947691288951" lon="150.9583168465659"><ele>7.795508851218199</ele><time>2026-08-02T03:28:27.99800Z</time><extensions><mytracks:speed>4.470333339838094</mytracks:speed><mytracks:gradient>0</mytracks:gradient><mytracks:length>0.001241440110026196</mytracks:length></extensions></trkpt><trkpt lat="-33.95947719246442" lon="150.9583017961695"><ele>7.805784443652869</ele><time>2026-08-02T03:28:28.99800Z</time><extensions><mytracks:speed>4.98768957084224</mytracks:speed><mytracks:gradient>0</mytracks:gradient><mytracks:length>0.00138553505923791</mytracks:length></extensions></trkpt><trkpt lat="-33.95947638606467" lon="150.9582854503412"><ele>7.85615501393247</ele><time>2026-08-02T03:28:29.99800Z</time><extensions><mytracks:speed>5.43593848814753</mytracks:speed><mytracks:gradient>0</mytracks:gradient><mytracks:length>0.001510038354603338</mytracks:length></extensions></trkpt><trkpt lat="-33.95947590481277" lon="150.9582711213072"><ele>7.848701134921883</ele><time>2026-08-02T03:28:30.99900Z</time><extensions><mytracks:speed>4.756472287727924</mytracks:speed><mytracks:gradient>0</mytracks:gradient><mytracks:length>0.001322295691280666</mytracks:length></extensions></trkpt><trkpt lat="-33.95947620415448" lon="150.9582591638544"><ele>7.779805955788688</ele><time>2026-08-02T03:28:31.99900Z</time><extensions><mytracks:speed>3.985637140426553</mytracks:speed><mytracks:gradient>0</mytracks:gradient><mytracks:length>0.001107126311125143</mytracks:length></extensions></trkpt><trkpt lat="-33.95947767674609" lon="150.9582495056866"><ele>7.533177168396637</ele><time>2026-08-02T03:28:32.99900Z</time><extensions><mytracks:speed>3.277505876704088</mytracks:speed><mytracks:gradient>0</mytracks:gradient><mytracks:length>0.000910587389320891</mytracks:length></extensions></trkpt><trkpt lat="-33.95947845958506" lon="150.9582424128321"><ele>7.095695777902316</ele><time>2026-08-02T03:28:33.99900Z</time><extensions><mytracks:speed>2.392457921738118</mytracks:speed><mytracks:gradient>0</mytracks:gradient><mytracks:length>0.0006645470857620243</mytracks:length></extensions></trkpt><trkpt lat="-33.95947659777917" lon="150.9582383716144"><ele>6.806504350431555</ele><time>2026-08-02T03:28:34.99900Z</time><extensions><mytracks:speed>1.527939027326294</mytracks:speed><mytracks:gradient>0</mytracks:gradient><mytracks:length>0.0004245635594323624</mytracks:length></extensions></trkpt><trkpt lat="-33.95947180804342" lon="150.9582367176335"><ele>6.828916983765842</ele><time>2026-08-02T03:28:35.99900Z</time><extensions><mytracks:speed>1.992800515707548</mytracks:speed><mytracks:gradient>0</mytracks:gradient><mytracks:length>0.000553563155562571</mytracks:length></extensions></trkpt><trkpt lat="-33.95946566229747" lon="150.9582353928477"><ele>6.922234268244552</ele><time>2026-08-02T03:28:36.99800Z</time><extensions><mytracks:speed>2.537442815900719</mytracks:speed><mytracks:gradient>0</mytracks:gradient><mytracks:length>0.0007040590131474508</mytracks:length></extensions></trkpt><trkpt lat="-33.95945798548171" lon="150.9582336826609"><ele>7.144000074876268</ele><time>2026-08-02T03:28:37.99800Z</time><extensions><mytracks:speed>3.133539696879321</mytracks:speed><mytracks:gradient>0</mytracks:gradient><mytracks:length>0.0008700963781047964</mytracks:length></extensions></trkpt><trkpt lat="-33.95944813541731" lon="150.9582309340886"><ele>7.512526464419506</ele><time>2026-08-02T03:28:38.99800Z</time><extensions><mytracks:speed>4.057687868721538</mytracks:speed><mytracks:gradient>0</mytracks:gradient><mytracks:length>0.001127294204183201</mytracks:length></extensions></trkpt><trkpt lat="-33.95943904992823" lon="150.9582254956977"><ele>7.711471338692966</ele><time>2026-08-02T03:28:39.99900Z</time><extensions><mytracks:speed>4.069942166942889</mytracks:speed><mytracks:gradient>0</mytracks:gradient><mytracks:length>0.001131284638623247</mytracks:length></extensions></trkpt><trkpt lat="-33.95943060731266" lon="150.9582174780751"><ele>7.827033882388835</ele><time>2026-08-02T03:28:40.99900Z</time><extensions><mytracks:speed>4.279551312907353</mytracks:speed><mytracks:gradient>0</mytracks:gradient><mytracks:length>0.001189535874021183</mytracks:length></extensions></trkpt><trkpt lat="-33.95942215915671" lon="150.9582089172798"><ele>7.910422606314465</ele><time>2026-08-02T03:28:41.99900Z</time><extensions><mytracks:speed>4.419007653916406</mytracks:speed><mytracks:gradient>0</mytracks:gradient><mytracks:length>0.001226834423865861</mytracks:length></extensions></trkpt><trkpt lat="-33.95941426710858" lon="150.9581992694839"><ele>8.007539369625613</ele><time>2026-08-02T03:28:42.99900Z</time><extensions><mytracks:speed>4.494972329062889</mytracks:speed><mytracks:gradient>0</mytracks:gradient><mytracks:length>0.001248678889219179</mytracks:length></extensions></trkpt><trkpt lat="-33.95940942565724" lon="150.9581879054825"><ele>8.050445413126248</ele><time>2026-08-02T03:28:43.99900Z</time><extensions><mytracks:speed>4.226152629679576</mytracks:speed><mytracks:gradient>0</mytracks:gradient><mytracks:length>0.001174284783339954</mytracks:length></extensions></trkpt><trkpt lat="-33.95940606734964" lon="150.9581751219583"><ele>8.076250993580299</ele><time>2026-08-02T03:28:44.99900Z</time><extensions><mytracks:speed>4.454839367476699</mytracks:speed><mytracks:gradient>0</mytracks:gradient><mytracks:length>0.001237804845677201</mytracks:length></extensions></trkpt><trkpt lat="-33.95940420545843" lon="150.9581630004997"><ele>7.975655543710249</ele><time>2026-08-02T03:28:46.00000Z</time><extensions><mytracks:speed>4.098839463967678</mytracks:speed><mytracks:gradient>0</mytracks:gradient><mytracks:length>0.001139223575592043</mytracks:length></extensions></trkpt><trkpt lat="-33.95940378119947" lon="150.9581519583811"><ele>7.894950406122627</ele><time>2026-08-02T03:28:47.00000Z</time><extensions><mytracks:speed>3.665310950294034</mytracks:speed><mytracks:gradient>0</mytracks:gradient><mytracks:length>0.001018067650987789</mytracks:length></extensions></trkpt><trkpt lat="-33.95940447685452" lon="150.9581426190859"><ele>7.820579955207218</ele><time>2026-08-02T03:28:48.00000Z</time><extensions><mytracks:speed>3.113864110465123</mytracks:speed><mytracks:gradient>0</mytracks:gradient><mytracks:length>0.0008649017264355477</mytracks:length></extensions></trkpt><trkpt lat="-33.95940446369578" lon="150.958136937116"><ele>7.778215620256039</ele><time>2026-08-02T03:28:48.99900Z</time><extensions><mytracks:speed>1.842408289348265</mytracks:speed><mytracks:gradient>0</mytracks:gradient><mytracks:length>0.0005112422255613496</mytracks:length></extensions></trkpt><trkpt lat="-33.9594044877075" lon="150.9581373252285"><ele>7.840598750954249</ele><time>2026-08-02T03:28:49.99700Z</time><extensions><mytracks:gradient>0</mytracks:gradient><mytracks:length>0</mytracks:length></extensions></trkpt><trkpt lat="-33.95940487799694" lon="150.9581417087456"><ele>7.923799383029836</ele><time>2026-08-02T03:28:50.99600Z</time><extensions><mytracks:speed>1.450937721664599</mytracks:speed><mytracks:gradient>0</mytracks:gradient><mytracks:length>0.0004027763577943588</mytracks:length></extensions></trkpt><trkpt lat="-33.95940634312839" lon="150.958146485645"><ele>7.956539333089812</ele><time>2026-08-02T03:28:51.99600Z</time><extensions><mytracks:speed>1.674000964480812</mytracks:speed><mytracks:gradient>0</mytracks:gradient><mytracks:length>0.0004650860771915803</mytracks:length></extensions></trkpt><trkpt lat="-33.95940743748475" lon="150.9581510152291"><ele>7.990161218560635</ele><time>2026-08-02T03:28:52.99600Z</time><extensions><mytracks:speed>1.604046748552481</mytracks:speed><mytracks:gradient>0</mytracks:gradient><mytracks:length>0.0004452860177432757</mytracks:length></extensions></trkpt><trkpt lat="-33.95940929197204" lon="150.9581545851364"><ele>7.989896982280474</ele><time>2026-08-02T03:28:53.99400Z</time><extensions><mytracks:speed>1.411584236449793</mytracks:speed><mytracks:gradient>0</mytracks:gradient><mytracks:length>0.0003914282611133176</mytracks:length></extensions></trkpt><trkpt lat="-33.95941102974518" lon="150.9581555368823"><ele>7.889485775461317</ele><time>2026-08-02T03:28:54.99100Z</time><extensions><mytracks:speed>0.7663974031978884</mytracks:speed><mytracks:gradient>0</mytracks:gradient><mytracks:length>0.0002122817797161812</mytracks:length></extensions></trkpt><trkpt lat="-33.95941284290498" lon="150.9581541464828"><ele>7.767874288181128</ele><time>2026-08-02T03:28:55.98900Z</time><extensions><mytracks:speed>0.8387473235066414</mytracks:speed><mytracks:gradient>0</mytracks:gradient><mytracks:length>0.0002325430385957901</mytracks:length></extensions></trkpt><trkpt lat="-33.95941328996713" lon="150.9581529803106"><ele>7.694045811095337</ele><time>2026-08-02T03:28:56.99000Z</time><extensions><mytracks:speed>0.3416897214912042</mytracks:speed><mytracks:gradient>0</mytracks:gradient><mytracks:length>9.493529796600342e-05</mytracks:length></extensions></trkpt><trkpt lat="-33.95941302065767" lon="150.9581525314867"><ele>7.587051216197426</ele><time>2026-08-02T03:28:57.99100Z</time><extensions><mytracks:gradient>0</mytracks:gradient><mytracks:length>0</mytracks:length></extensions></trkpt><trkpt lat="-33.95941238829059" lon="150.9581525041492"><ele>7.415804617288305</ele><time>2026-08-02T03:28:58.99300Z</time><extensions><mytracks:gradient>0</mytracks:gradient><mytracks:length>0</mytracks:length></extensions></trkpt><trkpt lat="-33.9594118676191" lon="150.9581523142927"><ele>7.30996710182689</ele><time>2026-08-02T03:28:59.99500Z</time><extensions><mytracks:gradient>0</mytracks:gradient><mytracks:length>0</mytracks:length></extensions></trkpt><trkpt lat="-33.9594107342737" lon="150.9581517214335"><ele>7.322236513027495</ele><time>2026-08-02T03:29:00.99500Z</time><extensions><mytracks:speed>0.4832929710223662</mytracks:speed><mytracks:gradient>0</mytracks:gradient><mytracks:length>0.0001342587859314529</mytracks:length></extensions></trkpt><trkpt lat="-33.95941022199032" lon="150.9581513131171"><ele>7.283004051892989</ele><time>2026-08-02T03:29:01.99500Z</time><extensions><mytracks:speed>0.3418244060205544</mytracks:speed><mytracks:gradient>0</mytracks:gradient><mytracks:length>9.493529796600342e-05</mytracks:length></extensions></trkpt><trkpt lat="-33.95941021381375" lon="150.9581507344417"><ele>7.273774748997114</ele><time>2026-08-02T03:29:02.99600Z</time><extensions><mytracks:gradient>0</mytracks:gradient><mytracks:length>0</mytracks:length></extensions></trkpt><trkpt lat="-33.95940986039883" lon="150.9581500368887"><ele>7.309867254104957</ele><time>2026-08-02T03:29:03.99600Z</time><extensions><mytracks:speed>0.3416352830200371</mytracks:speed><mytracks:gradient>0</mytracks:gradient><mytracks:length>9.493529796600342e-05</mytracks:length></extensions></trkpt><trkpt lat="-33.95940939838524" lon="150.9581497133302"><ele>7.337171369145433</ele><time>2026-08-02T03:29:04.99800Z</time><extensions><mytracks:speed>0.3413279519965712</mytracks:speed><mytracks:gradient>0</mytracks:gradient><mytracks:length>9.493529796600342e-05</mytracks:length></extensions></trkpt><trkpt lat="-33.95940938352962" lon="150.9581500377062"><ele>7.280931936387322</ele><time>2026-08-02T03:29:05.99800Z</time><extensions><mytracks:speed>0.3418088381360876</mytracks:speed><mytracks:gradient>0</mytracks:gradient><mytracks:length>9.493529796600342e-05</mytracks:length></extensions></trkpt><trkpt lat="-33.95940913849792" lon="150.9581499646899"><ele>7.222890419108608</ele><time>2026-08-02T03:29:06.99600Z</time><extensions><mytracks:gradient>0</mytracks:gradient><mytracks:length>0</mytracks:length></extensions></trkpt><trkpt lat="-33.95940887111902" lon="150.9581498644913"><ele>7.159843781701872</ele><time>2026-08-02T03:29:07.99600Z</time><extensions><mytracks:gradient>0</mytracks:gradient><mytracks:length>0</mytracks:length></extensions></trkpt><trkpt lat="-33.95940899626204" lon="150.9581493870142"><ele>7.090540082222916</ele><time>2026-08-02T03:29:08.99700Z</time><extensions><mytracks:gradient>0</mytracks:gradient><mytracks:length>0</mytracks:length></extensions></trkpt><trkpt lat="-33.95940965754701" lon="150.9581489598089"><ele>7.010713490337825</ele><time>2026-08-02T03:29:09.99900Z</time><extensions><mytracks:gradient>0</mytracks:gradient><mytracks:length>0</mytracks:length></extensions></trkpt><trkpt lat="-33.95940977766256" lon="150.9581482941433"><ele>6.999341013263281</ele><time>2026-08-02T03:29:11.00100Z</time><extensions><mytracks:gradient>0</mytracks:gradient><mytracks:length>0</mytracks:length></extensions></trkpt><trkpt lat="-33.95940992373109" lon="150.9581455760095"><ele>6.991454595985976</ele><time>2026-08-02T03:29:12.00200Z</time><extensions><mytracks:speed>0.9037464119356844</mytracks:speed><mytracks:gradient>0</mytracks:gradient><mytracks:length>0.0002511751890598611</mytracks:length></extensions></trkpt><trkpt lat="-33.95941022538987" lon="150.9581403017424"><ele>7.030170462691408</ele><time>2026-08-02T03:29:13.00200Z</time><extensions><mytracks:speed>1.776431597364693</mytracks:speed><mytracks:gradient>0</mytracks:gradient><mytracks:length>0.0004932982785264248</mytracks:length></extensions></trkpt><trkpt lat="-33.95941078755336" lon="150.9581324276138"><ele>7.0896095525714</ele><time>2026-08-02T03:29:14.00100Z</time><extensions><mytracks:speed>2.626066476794532</mytracks:speed><mytracks:gradient>0</mytracks:gradient><mytracks:length>0.0007292118602942069</mytracks:length></extensions></trkpt><trkpt lat="-33.95941078595636" lon="150.9581223112801"><ele>7.230051450141897</ele><time>2026-08-02T03:29:15.00200Z</time><extensions><mytracks:speed>3.348019087739218</mytracks:speed><mytracks:gradient>0</mytracks:gradient><mytracks:length>0.0009301721543831611</mytracks:length></extensions></trkpt><trkpt lat="-33.95941032853956" lon="150.9581092211988"><ele>7.358600351380082</ele><time>2026-08-02T03:29:16.00200Z</time><extensions><mytracks:speed>4.348066325228249</mytracks:speed><mytracks:gradient>0</mytracks:gradient><mytracks:length>0.001208329073383078</mytracks:length></extensions></trkpt><trkpt lat="-33.95940959512343" lon="150.958096303741"><ele>7.495111472240196</ele><time>2026-08-02T03:29:17.00100Z</time><extensions><mytracks:speed>4.298920898132662</mytracks:speed><mytracks:gradient>0</mytracks:gradient><mytracks:length>0.001193318191591511</mytracks:length></extensions></trkpt><trkpt lat="-33.9594090469577" lon="150.9580832960245"><ele>7.620454264253674</ele><time>2026-08-02T03:29:18.00100Z</time><extensions><mytracks:speed>4.325274385243812</mytracks:speed><mytracks:gradient>0</mytracks:gradient><mytracks:length>0.001200847087677287</mytracks:length></extensions></trkpt><trkpt lat="-33.95940835913522" lon="150.9580705038192"><ele>7.735435620407891</ele><time>2026-08-02T03:29:19.00100Z</time><extensions><mytracks:speed>4.255061102383268</mytracks:speed><mytracks:gradient>0</mytracks:gradient><mytracks:length>0.001181934927981888</mytracks:length></extensions></trkpt><trkpt lat="-33.95940853199863" lon="150.958058548036"><ele>7.791660924820446</ele><time>2026-08-02T03:29:20.00100Z</time><extensions><mytracks:speed>3.971689470330274</mytracks:speed><mytracks:gradient>0</mytracks:gradient><mytracks:length>0.001103048483968712</mytracks:length></extensions></trkpt><trkpt lat="-33.95940979906774" lon="150.9580463193256"><ele>7.767802184888522</ele><time>2026-08-02T03:29:21.00100Z</time><extensions><mytracks:speed>4.10042326726862</mytracks:speed><mytracks:gradient>0</mytracks:gradient><mytracks:length>0.001139223575592043</mytracks:length></extensions></trkpt><trkpt lat="-33.9594118747472" lon="150.9580331457846"><ele>7.752116205045396</ele><time>2026-08-02T03:29:22.00100Z</time><extensions><mytracks:speed>4.456873674825482</mytracks:speed><mytracks:gradient>0</mytracks:gradient><mytracks:length>0.001237804845677201</mytracks:length></extensions></trkpt><trkpt lat="-33.95941400035228" lon="150.9580201823572"><ele>7.741370885735265</ele><time>2026-08-02T03:29:23.00100Z</time><extensions><mytracks:speed>4.403669906396809</mytracks:speed><mytracks:gradient>0</mytracks:gradient><mytracks:length>0.001223155751645057</mytracks:length></extensions></trkpt><trkpt lat="-33.95941703449844" lon="150.9580078647611"><ele>7.586379586015798</ele><time>2026-08-02T03:29:24.00000Z</time><extensions><mytracks:speed>4.269182367186874</mytracks:speed><mytracks:gradient>0</mytracks:gradient><mytracks:length>0.001185741491550095</mytracks:length></extensions></trkpt><trkpt lat="-33.95941856673689" lon="150.9579944421552"><ele>7.361189201567016</ele><time>2026-08-02T03:29:24.99900Z</time><extensions><mytracks:speed>4.499554420667994</mytracks:speed><mytracks:gradient>0</mytracks:gradient><mytracks:length>0.001248678889219179</mytracks:length></extensions></trkpt><trkpt lat="-33.95942093067829" lon="150.9579811950122"><ele>7.254336094854248</ele><time>2026-08-02T03:29:25.99900Z</time><extensions><mytracks:speed>4.499307995678146</mytracks:speed><mytracks:gradient>0</mytracks:gradient><mytracks:length>0.001248678889219179</mytracks:length></extensions></trkpt><trkpt lat="-33.9594238650633" lon="150.9579698025472"><ele>7.224144385512822</ele><time>2026-08-02T03:29:26.99800Z</time><extensions><mytracks:speed>3.958337828927265</mytracks:speed><mytracks:gradient>0</mytracks:gradient><mytracks:length>0.00109895552557225</mytracks:length></extensions></trkpt><trkpt lat="-33.9594290170815" lon="150.9579571065875"><ele>7.205480000620157</ele><time>2026-08-02T03:29:27.99800Z</time><extensions><mytracks:speed>4.686542740177944</mytracks:speed><mytracks:gradient>0</mytracks:gradient><mytracks:length>0.001301687224482153</mytracks:length></extensions></trkpt><trkpt lat="-33.9594341169074" lon="150.9579433258404"><ele>7.377001064175466</ele><time>2026-08-02T03:29:28.99800Z</time><extensions><mytracks:speed>5.020527879006269</mytracks:speed><mytracks:gradient>0</mytracks:gradient><mytracks:length>0.001395258231574743</mytracks:length></extensions></trkpt><trkpt lat="-33.95943972075221" lon="150.9579305644201"><ele>7.545644020408417</ele><time>2026-08-02T03:29:29.99800Z</time><extensions><mytracks:speed>4.78471905408301</mytracks:speed><mytracks:gradient>0</mytracks:gradient><mytracks:length>0.00132909417152405</mytracks:length></extensions></trkpt><trkpt lat="-33.95944566792137" lon="150.9579185851379"><ele>7.514344692275881</ele><time>2026-08-02T03:29:30.99900Z</time><extensions><mytracks:speed>4.635373919919267</mytracks:speed><mytracks:gradient>0</mytracks:gradient><mytracks:length>0.001287765035703515</mytracks:length></extensions></trkpt><trkpt lat="-33.95945183159261" lon="150.9579052550864"><ele>7.480472141284737</ele><time>2026-08-02T03:29:31.99800Z</time><extensions><mytracks:speed>5.061062794484038</mytracks:speed><mytracks:gradient>0</mytracks:gradient><mytracks:length>0.001404914113096157</mytracks:length></extensions></trkpt><trkpt lat="-33.95945706468409" lon="150.9578938556119"><ele>7.453097958209077</ele><time>2026-08-02T03:29:32.99700Z</time><extensions><mytracks:speed>4.299298371392958</mytracks:speed><mytracks:gradient>0</mytracks:gradient><mytracks:length>0.001193318191591511</mytracks:length></extensions></trkpt><trkpt lat="-33.95946302678414" lon="150.9578833221022"><ele>7.35750656702172</ele><time>2026-08-02T03:29:33.99800Z</time><extensions><mytracks:speed>4.224565736751607</mytracks:speed><mytracks:gradient>0</mytracks:gradient><mytracks:length>0.001174284783339954</mytracks:length></extensions></trkpt><trkpt lat="-33.95947168288661" lon="150.9578715500228"><ele>7.312686367520024</ele><time>2026-08-02T03:29:34.99700Z</time><extensions><mytracks:speed>5.232338489662911</mytracks:speed><mytracks:gradient>0</mytracks:gradient><mytracks:length>0.001452230810572194</mytracks:length></extensions></trkpt><trkpt lat="-33.95948048589945" lon="150.9578596027769"><ele>7.34309295631413</ele><time>2026-08-02T03:29:35.99500Z</time><extensions><mytracks:speed>5.325237006640546</mytracks:speed><mytracks:gradient>0</mytracks:gradient><mytracks:length>0.001476846645245986</mytracks:length></extensions></trkpt><trkpt lat="-33.95948896991341" lon="150.9578478801257"><ele>7.381710678599323</ele><time>2026-08-02T03:29:36.99400Z</time><extensions><mytracks:speed>5.18009836107898</mytracks:speed><mytracks:gradient>0</mytracks:gradient><mytracks:length>0.001436631745847105</mytracks:length></extensions></trkpt><trkpt lat="-33.95949791823725" lon="150.9578353559882"><ele>7.3568430242756</ele><time>2026-08-02T03:29:37.99400Z</time><extensions><mytracks:speed>5.511082707879199</mytracks:speed><mytracks:gradient>0</mytracks:gradient><mytracks:length>0.001530785683226889</mytracks:length></extensions></trkpt><trkpt lat="-33.95950658775981" lon="150.9578237157359"><ele>7.344442433840408</ele><time>2026-08-02T03:29:38.99600Z</time><extensions><mytracks:speed>5.195039216918793</mytracks:speed><mytracks:gradient>0</mytracks:gradient><mytracks:length>0.001446011378093334</mytracks:length></extensions></trkpt><trkpt lat="-33.95951411386113" lon="150.9578125775645"><ele>7.392323459935295</ele><time>2026-08-02T03:29:39.99700Z</time><extensions><mytracks:speed>4.764131406442631</mytracks:speed><mytracks:gradient>0</mytracks:gradient><mytracks:length>0.001325699289424003</mytracks:length></extensions></trkpt><trkpt lat="-33.95952195395211" lon="150.9578027170215"><ele>7.584385306181579</ele><time>2026-08-02T03:29:40.99800Z</time><extensions><mytracks:speed>4.533441358645092</mytracks:speed><mytracks:gradient>0</mytracks:gradient><mytracks:length>0.001259459050855296</mytracks:length></extensions></trkpt><trkpt lat="-33.95953084053909" lon="150.957793759745"><ele>7.740993859861915</ele><time>2026-08-02T03:29:41.99700Z</time><extensions><mytracks:speed>4.651741611571176</mytracks:speed><mytracks:gradient>0</mytracks:gradient><mytracks:length>0.00129125965552261</mytracks:length></extensions></trkpt><trkpt lat="-33.95953992858998" lon="150.9577865494203"><ele>7.966307590161204</ele><time>2026-08-02T03:29:42.99600Z</time><extensions><mytracks:speed>4.366430760159061</mytracks:speed><mytracks:gradient>0</mytracks:gradient><mytracks:length>0.001212052746534862</mytracks:length></extensions></trkpt><trkpt lat="-33.95954979573632" lon="150.9577798741427"><ele>8.270893683064823</ele><time>2026-08-02T03:29:43.99600Z</time><extensions><mytracks:speed>4.53285190747968</mytracks:speed><mytracks:gradient>0</mytracks:gradient><mytracks:length>0.001259459050855296</mytracks:length></extensions></trkpt><trkpt lat="-33.95955986800404" lon="150.9577740700779"><ele>8.51456856117839</ele><time>2026-08-02T03:29:44.99700Z</time><extensions><mytracks:speed>4.465341648720472</mytracks:speed><mytracks:gradient>0</mytracks:gradient><mytracks:length>0.001241440110026196</mytracks:length></extensions></trkpt><trkpt lat="-33.95956979172738" lon="150.9577685811233"><ele>8.699093269061217</ele><time>2026-08-02T03:29:45.99800Z</time><extensions><mytracks:speed>4.348056999424588</mytracks:speed><mytracks:gradient>0</mytracks:gradient><mytracks:length>0.001208329073383078</mytracks:length></extensions></trkpt><trkpt lat="-33.9595800038894" lon="150.9577627807231"><ele>8.861304545062323</ele><time>2026-08-02T03:29:46.99800Z</time><extensions><mytracks:speed>4.506501981764178</mytracks:speed><mytracks:gradient>0</mytracks:gradient><mytracks:length>0.001252282587590172</mytracks:length></extensions></trkpt><trkpt lat="-33.95958942794201" lon="150.9577570589792"><ele>9.003763003196331</ele><time>2026-08-02T03:29:47.99800Z</time><extensions><mytracks:speed>4.212942102077329</mytracks:speed><mytracks:gradient>0</mytracks:gradient><mytracks:length>0.001170440960315329</mytracks:length></extensions></trkpt><trkpt lat="-33.95959900422366" lon="150.9577513905064"><ele>9.096447826782645</ele><time>2026-08-02T03:29:48.99900Z</time><extensions><mytracks:speed>4.281322690060033</mytracks:speed><mytracks:gradient>0</mytracks:gradient><mytracks:length>0.001189535874021183</mytracks:length></extensions></trkpt><trkpt lat="-33.95960876989619" lon="150.9577458666791"><ele>9.23821210677014</ele><time>2026-08-02T03:29:50.00000Z</time><extensions><mytracks:speed>4.291307141882519</mytracks:speed><mytracks:gradient>0</mytracks:gradient><mytracks:length>0.001193318191591511</mytracks:length></extensions></trkpt><trkpt lat="-33.95961762318083" lon="150.9577394767096"><ele>9.270419353209842</ele><time>2026-08-02T03:29:51.00000Z</time><extensions><mytracks:speed>4.115512763746763</mytracks:speed><mytracks:gradient>0</mytracks:gradient><mytracks:length>0.00114317236932346</mytracks:length></extensions></trkpt><trkpt lat="-33.95962510678456" lon="150.9577324712513"><ele>9.259324038383964</ele><time>2026-08-02T03:29:51.99900Z</time><extensions><mytracks:speed>3.793579270459384</mytracks:speed><mytracks:gradient>0</mytracks:gradient><mytracks:length>0.001052883387838818</mytracks:length></extensions></trkpt><trkpt lat="-33.95963257146503" lon="150.9577242092714"><ele>9.225329018686134</ele><time>2026-08-02T03:29:52.99900Z</time><extensions><mytracks:speed>4.05785715188267</mytracks:speed><mytracks:gradient>0</mytracks:gradient><mytracks:length>0.001127294204183201</mytracks:length></extensions></trkpt><trkpt lat="-33.95963888181725" lon="150.9577147610281"><ele>9.237132415456397</ele><time>2026-08-02T03:29:53.99900Z</time><extensions><mytracks:speed>4.030803395670421</mytracks:speed><mytracks:gradient>0</mytracks:gradient><mytracks:length>0.001119270655911808</mytracks:length></extensions></trkpt><trkpt lat="-33.9596454172281" lon="150.9577043360018"><ele>9.182440387621646</ele><time>2026-08-02T03:29:54.99900Z</time><extensions><mytracks:speed>4.360705451329335</mytracks:speed><mytracks:gradient>0</mytracks:gradient><mytracks:length>0.001212052746534862</mytracks:length></extensions></trkpt><trkpt lat="-33.95965242934673" lon="150.9576941701049"><ele>9.153693430194172</ele><time>2026-08-02T03:29:55.99900Z</time><extensions><mytracks:speed>4.415077602950456</mytracks:speed><mytracks:gradient>0</mytracks:gradient><mytracks:length>0.001226834423865861</mytracks:length></extensions></trkpt><trkpt lat="-33.95965853042476" lon="150.9576858589471"><ele>9.049666337783423</ele><time>2026-08-02T03:29:57.00000Z</time><extensions><mytracks:speed>3.696197138373215</mytracks:speed><mytracks:gradient>0</mytracks:gradient><mytracks:length>0.001026882254003633</mytracks:length></extensions></trkpt><trkpt lat="-33.95966541595313" lon="150.9576767405251"><ele>8.878995887854805</ele><time>2026-08-02T03:29:58.00000Z</time><extensions><mytracks:speed>4.114390044711195</mytracks:speed><mytracks:gradient>0</mytracks:gradient><mytracks:length>0.00114317236932346</mytracks:length></extensions></trkpt><trkpt lat="-33.95967323228221" lon="150.957665269769"><ele>8.38733531961946</ele><time>2026-08-02T03:29:59.49800Z</time><extensions><mytracks:speed>3.298054107226839</mytracks:speed><mytracks:gradient>0</mytracks:gradient><mytracks:length>0.001372463681551473</mytracks:length></extensions></trkpt><trkpt lat="-33.95967659665398" lon="150.957656198632"><ele>8.116689722179222</ele><time>2026-08-02T03:30:00.49600Z</time><extensions><mytracks:speed>3.301063734939901</mytracks:speed><mytracks:gradient>0</mytracks:gradient><mytracks:length>0.0009155228584749426</mytracks:length></extensions></trkpt><trkpt lat="-33.95968089728615" lon="150.9576436803952"><ele>8.046203502458164</ele><time>2026-08-02T03:30:01.49700Z</time><extensions><mytracks:speed>4.494003793185375</mytracks:speed><mytracks:gradient>0</mytracks:gradient><mytracks:length>0.001248678889219179</mytracks:length></extensions></trkpt><trkpt lat="-33.9596835799967" lon="150.9576314527136"><ele>7.963762506190386</ele><time>2026-08-02T03:30:02.49900Z</time><extensions><mytracks:speed>4.191735981504442</mytracks:speed><mytracks:gradient>0</mytracks:gradient><mytracks:length>0.001166584472202496</mytracks:length></extensions></trkpt><trkpt lat="-33.95968791461912" lon="150.9576184778734"><ele>7.917804607056905</ele><time>2026-08-02T03:30:03.49900Z</time><extensions><mytracks:speed>4.645547050080771</mytracks:speed><mytracks:gradient>0</mytracks:gradient><mytracks:length>0.00129125965552261</mytracks:length></extensions></trkpt><trkpt lat="-33.95969289477174" lon="150.9575994830058"><ele>7.901586806845251</ele><time>2026-08-02T03:30:04.99800Z</time><extensions><mytracks:speed>4.409288796922432</mytracks:speed><mytracks:gradient>0</mytracks:gradient><mytracks:length>0.001835961284766191</mytracks:length></extensions></trkpt><trkpt lat="-33.95969701807384" lon="150.9575862172833"><ele>7.790028429325824</ele><time>2026-08-02T03:30:05.99900Z</time><extensions><mytracks:speed>4.706187751463384</mytracks:speed><mytracks:gradient>0</mytracks:gradient><mytracks:length>0.001308592775457605</mytracks:length></extensions></trkpt><trkpt lat="-33.95970104485001" lon="150.9575739583143"><ele>7.772680940148026</ele><time>2026-08-02T03:30:07.00000Z</time><extensions><mytracks:speed>4.384848298909874</mytracks:speed><mytracks:gradient>0</mytracks:gradient><mytracks:length>0.00121946598229819</mytracks:length></extensions></trkpt><trkpt lat="-33.95970533217002" lon="150.9575598545657"><ele>7.908687831991479</ele><time>2026-08-02T03:30:08.00200Z</time><extensions><mytracks:speed>4.969387569519371</mytracks:speed><mytracks:gradient>0</mytracks:gradient><mytracks:length>0.001382278803128191</mytracks:length></extensions></trkpt><trkpt lat="-33.95971046919116" lon="150.9575473153287"><ele>8.040741495328193</ele><time>2026-08-02T03:30:09.00200Z</time><extensions><mytracks:speed>4.632787404926085</mytracks:speed><mytracks:gradient>0</mytracks:gradient><mytracks:length>0.001287765035703515</mytracks:length></extensions></trkpt><trkpt lat="-33.95971591617903" lon="150.9575348812734"><ele>8.181125310057846</ele><time>2026-08-02T03:30:10.00200Z</time><extensions><mytracks:speed>4.673959937749877</mytracks:speed><mytracks:gradient>0</mytracks:gradient><mytracks:length>0.001298220674454138</mytracks:length></extensions></trkpt><trkpt lat="-33.95972142777629" lon="150.9575231524187"><ele>8.295476623295073</ele><time>2026-08-02T03:30:11.00000Z</time><extensions><mytracks:speed>4.478408030760205</mytracks:speed><mytracks:gradient>0</mytracks:gradient><mytracks:length>0.001241440110026196</mytracks:length></extensions></trkpt><trkpt lat="-33.95972719481929" lon="150.9575104718616"><ele>8.378401378058829</ele><time>2026-08-02T03:30:11.99900Z</time><extensions><mytracks:speed>4.803918340457202</mytracks:speed><mytracks:gradient>0</mytracks:gradient><mytracks:length>0.001332480404200788</mytracks:length></extensions></trkpt><trkpt lat="-33.95973266303987" lon="150.957499031315"><ele>8.472838572610273</ele><time>2026-08-02T03:30:12.99900Z</time><extensions><mytracks:speed>4.376717009318901</mytracks:speed><mytracks:gradient>0</mytracks:gradient><mytracks:length>0.001215765014788054</mytracks:length></extensions></trkpt><trkpt lat="-33.95973787268333" lon="150.9574872130713"><ele>8.448248702529437</ele><time>2026-08-02T03:30:14.00000Z</time><extensions><mytracks:speed>4.436879347181306</mytracks:speed><mytracks:gradient>0</mytracks:gradient><mytracks:length>0.001234158873558046</mytracks:length></extensions></trkpt><trkpt lat="-33.95974217886722" lon="150.9574750871865"><ele>8.391825940189301</ele><time>2026-08-02T03:30:15.00300Z</time><extensions><mytracks:speed>4.366498107053397</mytracks:speed><mytracks:gradient>0</mytracks:gradient><mytracks:length>0.001215765014788054</mytracks:length></extensions></trkpt><trkpt lat="-33.95974637733232" lon="150.9574633145995"><ele>8.286611163184151</ele><time>2026-08-02T03:30:16.00200Z</time><extensions><mytracks:speed>4.258291210910859</mytracks:speed><mytracks:gradient>0</mytracks:gradient><mytracks:length>0.001181934927981888</mytracks:length></extensions></trkpt><trkpt lat="-33.95975014811423" lon="150.9574519822257"><ele>8.218829484586404</ele><time>2026-08-02T03:30:17.00100Z</time><extensions><mytracks:speed>4.046858165109757</mytracks:speed><mytracks:gradient>0</mytracks:gradient><mytracks:length>0.001123289593998423</mytracks:length></extensions></trkpt><trkpt lat="-33.95975390558481" lon="150.9574392373625"><ele>8.111555657216746</ele><time>2026-08-02T03:30:18.00000Z</time><extensions><mytracks:speed>4.486585151896033</mytracks:speed><mytracks:gradient>0</mytracks:gradient><mytracks:length>0.001245064760396722</mytracks:length></extensions></trkpt><trkpt lat="-33.95975863797868" lon="150.9574264694054"><ele>8.054738256148971</ele><time>2026-08-02T03:30:19.00000Z</time><extensions><mytracks:speed>4.638439063476718</mytracks:speed><mytracks:gradient>0</mytracks:gradient><mytracks:length>0.001287765035703515</mytracks:length></extensions></trkpt><trkpt lat="-33.95976407969324" lon="150.9574146841665"><ele>8.040781496418189</ele><time>2026-08-02T03:30:19.99900Z</time><extensions><mytracks:speed>4.470195819165306</mytracks:speed><mytracks:gradient>0</mytracks:gradient><mytracks:length>0.001241440110026196</mytracks:length></extensions></trkpt><trkpt lat="-33.9597688543945" lon="150.9574046861848"><ele>8.196646145434595</ele><time>2026-08-02T03:30:20.99800Z</time><extensions><mytracks:speed>3.825189241662994</mytracks:speed><mytracks:gradient>0</mytracks:gradient><mytracks:length>0.001061408898580907</mytracks:length></extensions></trkpt><trkpt lat="-33.95977308883185" lon="150.957395730031"><ele>8.286396561300604</ele><time>2026-08-02T03:30:21.99600Z</time><extensions><mytracks:speed>3.42535966903782</mytracks:speed><mytracks:gradient>0</mytracks:gradient><mytracks:length>0.000949352979660035</mytracks:length></extensions></trkpt><trkpt lat="-33.95977645865605" lon="150.957390309118"><ele>8.291376342301126</ele><time>2026-08-02T03:30:22.99500Z</time><extensions><mytracks:speed>2.244234673066403</mytracks:speed><mytracks:gradient>0</mytracks:gradient><mytracks:length>0.0006225323801983604</mytracks:length></extensions></trkpt><trkpt lat="-33.95977780327427" lon="150.9573860382769"><ele>8.251184350559001</ele><time>2026-08-02T03:30:23.99500Z</time><extensions><mytracks:speed>1.489526417752906</mytracks:speed><mytracks:gradient>0</mytracks:gradient><mytracks:length>0.0004138133700087314</mytracks:length></extensions></trkpt><trkpt lat="-33.95977830683835" lon="150.9573832929094"><ele>8.227333237054324</ele><time>2026-08-02T03:30:24.99500Z</time><extensions><mytracks:speed>0.9037137869008872</mytracks:speed><mytracks:gradient>0</mytracks:gradient><mytracks:length>0.0002511751890598611</mytracks:length></extensions></trkpt><trkpt lat="-33.9597781158952" lon="150.9573809815343"><ele>8.133660633992539</ele><time>2026-08-02T03:30:25.99400Z</time><extensions><mytracks:speed>0.6842137418863055</mytracks:speed><mytracks:gradient>0</mytracks:gradient><mytracks:length>0.0001898705959320068</mytracks:length></extensions></trkpt><trkpt lat="-33.95977815495867" lon="150.9573791584783"><ele>8.089220608086451</ele><time>2026-08-02T03:30:26.99300Z</time><extensions><mytracks:speed>0.5929875285760526</mytracks:speed><mytracks:gradient>0</mytracks:gradient><mytracks:length>0.0001644327595088082</mytracks:length></extensions></trkpt><trkpt lat="-33.95977848048271" lon="150.957376181547"><ele>8.072957941423324</ele><time>2026-08-02T03:30:27.99300Z</time><extensions><mytracks:speed>0.9661178125537438</mytracks:speed><mytracks:gradient>0</mytracks:gradient><mytracks:length>0.0002685175718629059</mytracks:length></extensions></trkpt><trkpt lat="-33.95977887896074" lon="150.9573733092454"><ele>8.086555748315289</ele><time>2026-08-02T03:30:28.99600Z</time><extensions><mytracks:speed>1.022354301570419</mytracks:speed><mytracks:gradient>0</mytracks:gradient><mytracks:length>0.0002848058938980103</mytracks:length></extensions></trkpt><trkpt lat="-33.95977939759746" lon="150.957371216734"><ele>8.162284181212636</ele><time>2026-08-02T03:30:29.99900Z</time><extensions><mytracks:speed>0.76174970597903</mytracks:speed><mytracks:gradient>0</mytracks:gradient><mytracks:length>0.0002122817797161812</mytracks:length></extensions></trkpt><trkpt lat="-33.9597804698537" lon="150.9573691327924"><ele>8.252066399522562</ele><time>2026-08-02T03:30:31.00100Z</time><extensions><mytracks:speed>0.7632938437790286</mytracks:speed><mytracks:gradient>0</mytracks:gradient><mytracks:length>0.0002122817797161812</mytracks:length></extensions></trkpt><trkpt lat="-33.95978118090569" lon="150.9573680040913"><ele>8.324461073134607</ele><time>2026-08-02T03:30:32.00100Z</time><extensions><mytracks:speed>0.4832955058054214</mytracks:speed><mytracks:gradient>0</mytracks:gradient><mytracks:length>0.0001342587859314529</mytracks:length></extensions></trkpt><trkpt lat="-33.9597814361047" lon="150.9573676567015"><ele>8.384984925659586</ele><time>2026-08-02T03:30:33.00000Z</time><extensions><mytracks:speed>0.4838284577107747</mytracks:speed><mytracks:gradient>0</mytracks:gradient><mytracks:length>0.0001342587859314529</mytracks:length></extensions></trkpt><trkpt lat="-33.95980274312566" lon="150.9573280545712"><ele>8.511744931684662</ele><time>2026-08-02T03:30:39.38400Z</time><extensions><mytracks:speed>2.45561632471646</mytracks:speed><mytracks:gradient>0</mytracks:gradient><mytracks:length>0.004354623235479437</mytracks:length></extensions></trkpt><trkpt lat="-33.95992642020063" lon="150.9571035467679"><ele>9.187911542132497</ele><time>2026-08-02T03:31:14.99800Z</time><extensions><mytracks:speed>2.51257244948104</mytracks:speed><mytracks:gradient>0</mytracks:gradient><mytracks:length>0.02485691833046701</mytracks:length></extensions></trkpt><trkpt lat="-33.95993321338612" lon="150.9570917921508"><ele>9.035405613582164</ele><time>2026-08-02T03:31:16.00600Z</time><extensions><mytracks:speed>4.722736989470239</mytracks:speed><mytracks:gradient>0</mytracks:gradient><mytracks:length>0.001322295691280666</mytracks:length></extensions></trkpt><trkpt lat="-33.9599401686589" lon="150.9570798802553"><ele>8.880738697986377</ele><time>2026-08-02T03:31:17.00700Z</time><extensions><mytracks:speed>4.840434222681337</mytracks:speed><mytracks:gradient>0</mytracks:gradient><mytracks:length>0.001345940143832062</mytracks:length></extensions></trkpt><trkpt lat="-33.95994719091758" lon="150.9570676142714"><ele>8.76477493651506</ele><time>2026-08-02T03:31:18.00800Z</time><extensions><mytracks:speed>4.948523623136074</mytracks:speed><mytracks:gradient>0</mytracks:gradient><mytracks:length>0.00137574316933711</mytracks:length></extensions></trkpt><trkpt lat="-33.95995381031074" lon="150.9570555492868"><ele>8.652129577490815</ele><time>2026-08-02T03:31:19.00800Z</time><extensions><mytracks:speed>4.808528381242819</mytracks:speed><mytracks:gradient>0</mytracks:gradient><mytracks:length>0.001335858053229829</mytracks:length></extensions></trkpt><trkpt lat="-33.95996038460839" lon="150.9570435126861"><ele>8.638339908206344</ele><time>2026-08-02T03:31:20.00700Z</time><extensions><mytracks:speed>4.791157034826329</mytracks:speed><mytracks:gradient>0</mytracks:gradient><mytracks:length>0.00132909417152405</mytracks:length></extensions></trkpt><trkpt lat="-33.95996735247628" lon="150.9570314423833"><ele>8.651800150929544</ele><time>2026-08-02T03:31:21.00600Z</time><extensions><mytracks:speed>4.887852842247325</mytracks:speed><mytracks:gradient>0</mytracks:gradient><mytracks:length>0.001355947271533209</mytracks:length></extensions></trkpt><trkpt lat="-33.95997415848649" lon="150.9570200191415"><ele>8.723290769072619</ele><time>2026-08-02T03:31:22.00500Z</time><extensions><mytracks:speed>4.663119873613144</mytracks:speed><mytracks:gradient>0</mytracks:gradient><mytracks:length>0.001294744843117849</mytracks:length></extensions></trkpt><trkpt lat="-33.95998049175667" lon="150.957008966527"><ele>8.776554806005471</ele><time>2026-08-02T03:31:23.00500Z</time><extensions><mytracks:speed>4.471714345793366</mytracks:speed><mytracks:gradient>0</mytracks:gradient><mytracks:length>0.001241440110026196</mytracks:length></extensions></trkpt><trkpt lat="-33.95998700294145" lon="150.9569973300019"><ele>8.833972744053437</ele><time>2026-08-02T03:31:24.00300Z</time><extensions><mytracks:speed>4.66706617438931</mytracks:speed><mytracks:gradient>0</mytracks:gradient><mytracks:length>0.001294744843117849</mytracks:length></extensions></trkpt><trkpt lat="-33.95999329599391" lon="150.9569865261128"><ele>8.897077976264873</ele><time>2026-08-02T03:31:25.00200Z</time><extensions><mytracks:speed>4.382228830237048</mytracks:speed><mytracks:gradient>0</mytracks:gradient><mytracks:length>0.001215765014788054</mytracks:length></extensions></trkpt><trkpt lat="-33.9599988020571" lon="150.9569752397553"><ele>8.914448322075634</ele><time>2026-08-02T03:31:26.00200Z</time><extensions><mytracks:speed>4.336045399704681</mytracks:speed><mytracks:gradient>0</mytracks:gradient><mytracks:length>0.001204593889567316</mytracks:length></extensions></trkpt><trkpt lat="-33.96000437873201" lon="150.9569631684842"><ele>8.990840459609284</ele><time>2026-08-02T03:31:27.00400Z</time><extensions><mytracks:speed>4.591499912000179</mytracks:speed><mytracks:gradient>0</mytracks:gradient><mytracks:length>0.001277223807631534</mytracks:length></extensions></trkpt><trkpt lat="-33.96000940674773" lon="150.9569512369906"><ele>9.054051136193085</ele><time>2026-08-02T03:31:28.00600Z</time><extensions><mytracks:speed>4.4346140327623</mytracks:speed><mytracks:gradient>0</mytracks:gradient><mytracks:length>0.001234158873558046</mytracks:length></extensions></trkpt><trkpt lat="-33.96001358858622" lon="150.9569390718397"><ele>9.128004058867443</ele><time>2026-08-02T03:31:29.00400Z</time><extensions><mytracks:speed>4.368498076826468</mytracks:speed><mytracks:gradient>0</mytracks:gradient><mytracks:length>0.001212052746534862</mytracks:length></extensions></trkpt><trkpt lat="-33.96001822126239" lon="150.9569267217001"><ele>9.008299562026775</ele><time>2026-08-02T03:31:30.00200Z</time><extensions><mytracks:speed>4.504695227901635</mytracks:speed><mytracks:gradient>0</mytracks:gradient><mytracks:length>0.001248678889219179</mytracks:length></extensions></trkpt><trkpt lat="-33.96002256046569" lon="150.9569149876011"><ele>8.96265803831113</ele><time>2026-08-02T03:31:31.00100Z</time><extensions><mytracks:speed>4.289842987033413</mytracks:speed><mytracks:gradient>0</mytracks:gradient><mytracks:length>0.001189535874021183</mytracks:length></extensions></trkpt><trkpt lat="-33.96002781733648" lon="150.9569022224421"><ele>8.805053684504575</ele><time>2026-08-02T03:31:31.99900Z</time><extensions><mytracks:speed>4.741038295777996</mytracks:speed><mytracks:gradient>0</mytracks:gradient><mytracks:length>0.001315462076070468</mytracks:length></extensions></trkpt><trkpt lat="-33.960033345547" lon="150.9568898925336"><ele>8.680012649899009</ele><time>2026-08-02T03:31:33.00100Z</time><extensions><mytracks:speed>4.655909132834052</mytracks:speed><mytracks:gradient>0</mytracks:gradient><mytracks:length>0.001294744843117849</mytracks:length></extensions></trkpt><trkpt lat="-33.96003901289954" lon="150.956878305019"><ele>8.608478187677802</ele><time>2026-08-02T03:31:34.00200Z</time><extensions><mytracks:speed>4.449458747566578</mytracks:speed><mytracks:gradient>0</mytracks:gradient><mytracks:length>0.001237804845677201</mytracks:length></extensions></trkpt><trkpt lat="-33.96004458680369" lon="150.9568662399505"><ele>8.632318625376605</ele><time>2026-08-02T03:31:35.00300Z</time><extensions><mytracks:speed>4.579074461601397</mytracks:speed><mytracks:gradient>0</mytracks:gradient><mytracks:length>0.001273690678297089</mytracks:length></extensions></trkpt><trkpt lat="-33.96005043288798" lon="150.956853298366"><ele>8.637095274738474</ele><time>2026-08-02T03:31:36.00200Z</time><extensions><mytracks:speed>4.898846943765144</mytracks:speed><mytracks:gradient>0</mytracks:gradient><mytracks:length>0.001359266608866063</mytracks:length></extensions></trkpt><trkpt lat="-33.96005568740372" lon="150.9568418334543"><ele>8.744405262545214</ele><time>2026-08-02T03:31:37.00100Z</time><extensions><mytracks:speed>4.342485969469668</mytracks:speed><mytracks:gradient>0</mytracks:gradient><mytracks:length>0.001204593889567316</mytracks:length></extensions></trkpt><trkpt lat="-33.96006158055508" lon="150.9568297109982"><ele>8.762403181667805</ele><time>2026-08-02T03:31:38.00100Z</time><extensions><mytracks:speed>4.662446497055344</mytracks:speed><mytracks:gradient>0</mytracks:gradient><mytracks:length>0.001294744843117849</mytracks:length></extensions></trkpt><trkpt lat="-33.96006839756975" lon="150.9568170245691"><ele>8.702664804628181</ele><time>2026-08-02T03:31:39.00100Z</time><extensions><mytracks:speed>5.020405249487298</mytracks:speed><mytracks:gradient>0</mytracks:gradient><mytracks:length>0.001395258231574743</mytracks:length></extensions></trkpt><trkpt lat="-33.96007481691461" lon="150.9568042761211"><ele>8.70375999655209</ele><time>2026-08-02T03:31:40.00100Z</time><extensions><mytracks:speed>4.964323294492055</mytracks:speed><mytracks:gradient>0</mytracks:gradient><mytracks:length>0.001379014858069923</mytracks:length></extensions></trkpt><trkpt lat="-33.96008114959302" lon="150.9567911184907"><ele>8.750949333760634</ele><time>2026-08-02T03:31:41.00000Z</time><extensions><mytracks:speed>5.061905135132855</mytracks:speed><mytracks:gradient>0</mytracks:gradient><mytracks:length>0.001404914113096157</mytracks:length></extensions></trkpt><trkpt lat="-33.96008734455295" lon="150.9567778091647"><ele>8.701181378151428</ele><time>2026-08-02T03:31:42.00000Z</time><extensions><mytracks:speed>5.060990348168243</mytracks:speed><mytracks:gradient>0</mytracks:gradient><mytracks:length>0.001404914113096157</mytracks:length></extensions></trkpt><trkpt lat="-33.96009416009809" lon="150.9567626643073"><ele>8.636446231868701</ele><time>2026-08-02T03:31:43.00000Z</time><extensions><mytracks:speed>5.718407048319053</mytracks:speed><mytracks:gradient>0</mytracks:gradient><mytracks:length>0.00158857137830514</mytracks:length></extensions></trkpt><trkpt lat="-33.96010013828015" lon="150.9567490751928"><ele>8.643864623216382</ele><time>2026-08-02T03:31:44.00100Z</time><extensions><mytracks:speed>5.111043337752446</mytracks:speed><mytracks:gradient>0</mytracks:gradient><mytracks:length>0.00142086143560033</mytracks:length></extensions></trkpt><trkpt lat="-33.960106708092" lon="150.9567353670415"><ele>8.617813441243223</ele><time>2026-08-02T03:31:44.99900Z</time><extensions><mytracks:speed>5.26710389293439</mytracks:speed><mytracks:gradient>0</mytracks:gradient><mytracks:length>0.001461510335089989</mytracks:length></extensions></trkpt><trkpt lat="-33.96011373895409" lon="150.9567223038351"><ele>8.556395642981396</ele><time>2026-08-02T03:31:45.99900Z</time><extensions><mytracks:speed>5.175149544655532</mytracks:speed><mytracks:gradient>0</mytracks:gradient><mytracks:length>0.001436631745847105</mytracks:length></extensions></trkpt><trkpt lat="-33.96012050291216" lon="150.9567097936943"><ele>8.50151631229414</ele><time>2026-08-02T03:31:46.99900Z</time><extensions><mytracks:speed>4.952647070339742</mytracks:speed><mytracks:gradient>0</mytracks:gradient><mytracks:length>0.00137574316933711</mytracks:length></extensions></trkpt><trkpt lat="-33.96012590619544" lon="150.9566979701632"><ele>8.481929569590658</ele><time>2026-08-02T03:31:48.00000Z</time><extensions><mytracks:speed>4.478418109260383</mytracks:speed><mytracks:gradient>0</mytracks:gradient><mytracks:length>0.001245064760396722</mytracks:length></extensions></trkpt><trkpt lat="-33.9601321569614" lon="150.9566835428054"><ele>8.388501509874001</ele><time>2026-08-02T03:31:49.00100Z</time><extensions><mytracks:speed>5.39497784060005</mytracks:speed><mytracks:gradient>0</mytracks:gradient><mytracks:length>0.001501058859596609</mytracks:length></extensions></trkpt><trkpt lat="-33.96013762289901" lon="150.9566701392426"><ele>8.307899666405406</ele><time>2026-08-02T03:31:50.00200Z</time><extensions><mytracks:speed>4.97071307501704</mytracks:speed><mytracks:gradient>0</mytracks:gradient><mytracks:length>0.001382278803128191</mytracks:length></extensions></trkpt><trkpt lat="-33.96014293994222" lon="150.9566569760914"><ele>8.206475151363383</ele><time>2026-08-02T03:31:51.00200Z</time><extensions><mytracks:speed>4.882388563346495</mytracks:speed><mytracks:gradient>0</mytracks:gradient><mytracks:length>0.001355947271533209</mytracks:length></extensions></trkpt><trkpt lat="-33.96014777092341" lon="150.9566452275773"><ele>8.146331727320861</ele><time>2026-08-02T03:31:52.00200Z</time><extensions><mytracks:speed>4.378179415822133</mytracks:speed><mytracks:gradient>0</mytracks:gradient><mytracks:length>0.001215765014788054</mytracks:length></extensions></trkpt><trkpt lat="-33.96015299744142" lon="150.9566349661747"><ele>8.128627770166391</ele><time>2026-08-02T03:31:53.00200Z</time><extensions><mytracks:speed>4.00155419793033</mytracks:speed><mytracks:gradient>0</mytracks:gradient><mytracks:length>0.001111189173626823</mytracks:length></extensions></trkpt><trkpt lat="-33.96015969484377" lon="150.9566261932553"><ele>8.190366401860524</ele><time>2026-08-02T03:31:54.00100Z</time><extensions><mytracks:speed>3.960280615119848</mytracks:speed><mytracks:gradient>0</mytracks:gradient><mytracks:length>0.00109895552557225</mytracks:length></extensions></trkpt><trkpt lat="-33.96016696440604" lon="150.9566183888549"><ele>8.213522392236618</ele><time>2026-08-02T03:31:55.00000Z</time><extensions><mytracks:speed>3.91361155003934</mytracks:speed><mytracks:gradient>0</mytracks:gradient><mytracks:length>0.001086584149887204</mytracks:length></extensions></trkpt><trkpt lat="-33.96017461690642" lon="150.9566120919969"><ele>8.30681705862094</ele><time>2026-08-02T03:31:56.00000Z</time><extensions><mytracks:speed>3.697565558849619</mytracks:speed><mytracks:gradient>0</mytracks:gradient><mytracks:length>0.001026882254003633</mytracks:length></extensions></trkpt><trkpt lat="-33.96018300784645" lon="150.95660550603"><ele>8.400505215198768</ele><time>2026-08-02T03:31:56.99900Z</time><extensions><mytracks:speed>3.989418426427871</mytracks:speed><mytracks:gradient>0</mytracks:gradient><mytracks:length>0.001107126311125143</mytracks:length></extensions></trkpt><trkpt lat="-33.96019171751526" lon="150.9565985785731"><ele>8.619924687726954</ele><time>2026-08-02T03:31:57.99900Z</time><extensions><mytracks:speed>4.171593895655008</mytracks:speed><mytracks:gradient>0</mytracks:gradient><mytracks:length>0.001158832994518273</mytracks:length></extensions></trkpt><trkpt lat="-33.96019842038387" lon="150.9565917932777"><ele>8.811702710932543</ele><time>2026-08-02T03:31:58.99900Z</time><extensions><mytracks:speed>3.502159292506838</mytracks:speed><mytracks:gradient>0</mytracks:gradient><mytracks:length>0.0009727973242093424</mytracks:length></extensions></trkpt><trkpt lat="-33.96020518280663" lon="150.9565833096485"><ele>8.847108393922968</ele><time>2026-08-02T03:31:59.99900Z</time><extensions><mytracks:speed>3.910698762841943</mytracks:speed><mytracks:gradient>0</mytracks:gradient><mytracks:length>0.001086584149887204</mytracks:length></extensions></trkpt><trkpt lat="-33.96021099392539" lon="150.9565729360538"><ele>8.840482187942067</ele><time>2026-08-02T03:32:01.00000Z</time><extensions><mytracks:speed>4.140181113003401</mytracks:speed><mytracks:gradient>0</mytracks:gradient><mytracks:length>0.001151029316561659</mytracks:length></extensions></trkpt><trkpt lat="-33.96021812637243" lon="150.9565616486767"><ele>8.833101793246607</ele><time>2026-08-02T03:32:01.99900Z</time><extensions><mytracks:speed>4.716979362360223</mytracks:speed><mytracks:gradient>0</mytracks:gradient><mytracks:length>0.001308592775457605</mytracks:length></extensions></trkpt><trkpt lat="-33.96022537684201" lon="150.9565519827815"><ele>8.675782486517809</ele><time>2026-08-02T03:32:02.99800Z</time><extensions><mytracks:speed>4.328294896745599</mytracks:speed><mytracks:gradient>0</mytracks:gradient><mytracks:length>0.001200847087677287</mytracks:length></extensions></trkpt><trkpt lat="-33.96023346214731" lon="150.9565416434855"><ele>8.490005769328606</ele><time>2026-08-02T03:32:03.99600Z</time><extensions><mytracks:speed>4.740958516886415</mytracks:speed><mytracks:gradient>0</mytracks:gradient><mytracks:length>0.001315462076070468</mytracks:length></extensions></trkpt><trkpt lat="-33.96024717267625" lon="150.9565278308912"><ele>8.514741846438071</ele><time>2026-08-02T03:32:05.49700Z</time><extensions><mytracks:speed>4.766897021059211</mytracks:speed><mytracks:gradient>0</mytracks:gradient><mytracks:length>0.001986848592709958</mytracks:length></extensions></trkpt><trkpt lat="-33.96025587894712" lon="150.9565210308898"><ele>8.514882331746202</ele><time>2026-08-02T03:32:06.49700Z</time><extensions><mytracks:speed>4.144912161208971</mytracks:speed><mytracks:gradient>0</mytracks:gradient><mytracks:length>0.001151029316561659</mytracks:length></extensions></trkpt><trkpt lat="-33.96026512116241" lon="150.9565119076674"><ele>8.531798966388692</ele><time>2026-08-02T03:32:07.49700Z</time><extensions><mytracks:speed>4.784367155148377</mytracks:speed><mytracks:gradient>0</mytracks:gradient><mytracks:length>0.00132909417152405</mytracks:length></extensions></trkpt><trkpt lat="-33.96027398443385" lon="150.9565033822785"><ele>8.535206253039526</ele><time>2026-08-02T03:32:08.49700Z</time><extensions><mytracks:speed>4.545355187429122</mytracks:speed><mytracks:gradient>0</mytracks:gradient><mytracks:length>0.001263031991511386</mytracks:length></extensions></trkpt><trkpt lat="-33.96028257319946" lon="150.9564959926232"><ele>8.589035194583069</ele><time>2026-08-02T03:32:09.49800Z</time><extensions><mytracks:speed>4.223613267427208</mytracks:speed><mytracks:gradient>0</mytracks:gradient><mytracks:length>0.001174284783339954</mytracks:length></extensions></trkpt><trkpt lat="-33.96029535735506" lon="150.9564824112553"><ele>8.798538449234455</ele><time>2026-08-02T03:32:11.49600Z</time><extensions><mytracks:speed>3.416246499572468</mytracks:speed><mytracks:gradient>0</mytracks:gradient><mytracks:length>0.001896331091649787</mytracks:length></extensions></trkpt><trkpt lat="-33.9603017901123" lon="150.9564759272444"><ele>8.963725660773578</ele><time>2026-08-02T03:32:12.49700Z</time><extensions><mytracks:speed>3.363305765926031</mytracks:speed><mytracks:gradient>0</mytracks:gradient><mytracks:length>0.0009350042500383114</mytracks:length></extensions></trkpt><trkpt lat="-33.96031692701963" lon="150.95645909345"><ele>8.986956523620522</ele><time>2026-08-02T03:32:14.50100Z</time><extensions><mytracks:speed>4.11493532536418</mytracks:speed><mytracks:gradient>0</mytracks:gradient><mytracks:length>0.002290283319927532</mytracks:length></extensions></trkpt><trkpt lat="-33.9603253469404" lon="150.9564494918023"><ele>9.058225292077186</ele><time>2026-08-02T03:32:15.50100Z</time><extensions><mytracks:speed>4.633839001739547</mytracks:speed><mytracks:gradient>0</mytracks:gradient><mytracks:length>0.001287765035703515</mytracks:length></extensions></trkpt><trkpt lat="-33.96034064839912" lon="150.9564345955528"><ele>8.949049849440547</ele><time>2026-08-02T03:32:17.50000Z</time><extensions><mytracks:speed>3.935762898605172</mytracks:speed><mytracks:gradient>0</mytracks:gradient><mytracks:length>0.002185574689628288</mytracks:length></extensions></trkpt><trkpt lat="-33.96034910767912" lon="150.9564301756744"><ele>9.016858144677691</ele><time>2026-08-02T03:32:18.50100Z</time><extensions><mytracks:speed>3.695761924222102</mytracks:speed><mytracks:gradient>0</mytracks:gradient><mytracks:length>0.001026882254003633</mytracks:length></extensions></trkpt><trkpt lat="-33.96036157456194" lon="150.9564240805002"><ele>8.891825548574865</ele><time>2026-08-02T03:32:20.00100Z</time><extensions><mytracks:speed>3.586640188794779</mytracks:speed><mytracks:gradient>0</mytracks:gradient><mytracks:length>0.00149504256741194</mytracks:length></extensions></trkpt><trkpt lat="-33.96037039907468" lon="150.9564198996906"><ele>8.893515345707286</ele><time>2026-08-02T03:32:20.99900Z</time><extensions><mytracks:speed>3.813252544550681</mytracks:speed><mytracks:gradient>0</mytracks:gradient><mytracks:length>0.001057154737579528</mytracks:length></extensions></trkpt><trkpt lat="-33.96038065193213" lon="150.9564138978877"><ele>8.940754913736956</ele><time>2026-08-02T03:32:21.99800Z</time><extensions><mytracks:speed>4.578727476196143</mytracks:speed><mytracks:gradient>0</mytracks:gradient><mytracks:length>0.001270147721007681</mytracks:length></extensions></trkpt><trkpt lat="-33.96039007951042" lon="150.9564067440199"><ele>9.094045491588084</ele><time>2026-08-02T03:32:22.99700Z</time><extensions><mytracks:speed>4.485645253283561</mytracks:speed><mytracks:gradient>0</mytracks:gradient><mytracks:length>0.001245064760396722</mytracks:length></extensions></trkpt><trkpt lat="-33.96039980728588" lon="150.9563981434578"><ele>9.299753028721694</ele><time>2026-08-02T03:32:23.99700Z</time><extensions><mytracks:speed>4.819821087341291</mytracks:speed><mytracks:gradient>0</mytracks:gradient><mytracks:length>0.001339227183557324</mytracks:length></extensions></trkpt><trkpt lat="-33.96040965910988" lon="150.956389078755"><ele>9.429202993756688</ele><time>2026-08-02T03:32:25.00000Z</time><extensions><mytracks:speed>4.941125746827614</mytracks:speed><mytracks:gradient>0</mytracks:gradient><mytracks:length>0.00137574316933711</mytracks:length></extensions></trkpt><trkpt lat="-33.9604196573712" lon="150.9563798680821"><ele>9.421902572541551</ele><time>2026-08-02T03:32:26.00100Z</time><extensions><mytracks:speed>5.019094385316801</mytracks:speed><mytracks:gradient>0</mytracks:gradient><mytracks:length>0.001395258231574743</mytracks:length></extensions></trkpt><trkpt lat="-33.96042860639151" lon="150.9563722562359"><ele>9.433263925257366</ele><time>2026-08-02T03:32:27.00200Z</time><extensions><mytracks:speed>4.371722871353175</mytracks:speed><mytracks:gradient>0</mytracks:gradient><mytracks:length>0.001215765014788054</mytracks:length></extensions></trkpt><trkpt lat="-33.96043712537288" lon="150.9563660314211"><ele>9.354338934448782</ele><time>2026-08-02T03:32:28.00200Z</time><extensions><mytracks:speed>3.984188067567451</mytracks:speed><mytracks:gradient>0</mytracks:gradient><mytracks:length>0.001107126311125143</mytracks:length></extensions></trkpt><trkpt lat="-33.9604451062753" lon="150.9563609683792"><ele>9.2339343862528</ele><time>2026-08-02T03:32:29.00100Z</time><extensions><mytracks:speed>3.620864033044849</mytracks:speed><mytracks:gradient>0</mytracks:gradient><mytracks:length>0.001004700756239445</mytracks:length></extensions></trkpt><trkpt lat="-33.96045281116395" lon="150.9563571378953"><ele>9.172372576527952</ele><time>2026-08-02T03:32:30.00000Z</time><extensions><mytracks:speed>3.333977061835231</mytracks:speed><mytracks:gradient>0</mytracks:gradient><mytracks:length>0.0009253148253377968</mytracks:length></extensions></trkpt><trkpt lat="-33.96046234290142" lon="150.9563533911896"><ele>9.104427517868793</ele><time>2026-08-02T03:32:30.99800Z</time><extensions><mytracks:speed>4.035926252096938</mytracks:speed><mytracks:gradient>0</mytracks:gradient><mytracks:length>0.001119270655911808</mytracks:length></extensions></trkpt><trkpt lat="-33.96047082061013" lon="150.9563488216565"><ele>8.949625646147918</ele><time>2026-08-02T03:32:31.99800Z</time><extensions><mytracks:speed>3.714926785799072</mytracks:speed><mytracks:gradient>0</mytracks:gradient><mytracks:length>0.001031261302671383</mytracks:length></extensions></trkpt><trkpt lat="-33.96048029061612" lon="150.9563429770025"><ele>8.846039325113709</ele><time>2026-08-02T03:32:32.99900Z</time><extensions><mytracks:speed>4.262942662495728</mytracks:speed><mytracks:gradient>0</mytracks:gradient><mytracks:length>0.001185741491550095</mytracks:length></extensions></trkpt><trkpt lat="-33.96048989846584" lon="150.956336568139"><ele>8.676502907704005</ele><time>2026-08-02T03:32:34.00100Z</time><extensions><mytracks:speed>4.382963313213746</mytracks:speed><mytracks:gradient>0</mytracks:gradient><mytracks:length>0.00121946598229819</mytracks:length></extensions></trkpt><trkpt lat="-33.96049897433069" lon="150.9563297649079"><ele>8.658348066541912</ele><time>2026-08-02T03:32:35.00100Z</time><extensions><mytracks:speed>4.267288247993389</mytracks:speed><mytracks:gradient>0</mytracks:gradient><mytracks:length>0.001185741491550095</mytracks:length></extensions></trkpt><trkpt lat="-33.96050698066053" lon="150.956322605154"><ele>8.436136513074487</ele><time>2026-08-02T03:32:36.00000Z</time><extensions><mytracks:speed>3.989205654677985</mytracks:speed><mytracks:gradient>0</mytracks:gradient><mytracks:length>0.001107126311125143</mytracks:length></extensions></trkpt><trkpt lat="-33.96051552204663" lon="150.9563145986303"><ele>8.471871403571662</ele><time>2026-08-02T03:32:37.00000Z</time><extensions><mytracks:speed>4.311907973609931</mytracks:speed><mytracks:gradient>0</mytracks:gradient><mytracks:length>0.001197088558621761</mytracks:length></extensions></trkpt><trkpt lat="-33.96052392147477" lon="150.9563068493887"><ele>8.451846377245413</ele><time>2026-08-02T03:32:37.99900Z</time><extensions><mytracks:speed>4.242105335502308</mytracks:speed><mytracks:gradient>0</mytracks:gradient><mytracks:length>0.001178116065243004</mytracks:length></extensions></trkpt><trkpt lat="-33.96053375025658" lon="150.956299717943"><ele>8.559494105049106</ele><time>2026-08-02T03:32:38.99800Z</time><extensions><mytracks:speed>4.590057282209609</mytracks:speed><mytracks:gradient>0</mytracks:gradient><mytracks:length>0.001273690678297089</mytracks:length></extensions></trkpt><trkpt lat="-33.96054425533287" lon="150.9562921051912"><ele>8.499489818933842</ele><time>2026-08-02T03:32:39.99700Z</time><extensions><mytracks:speed>4.910697595024767</mytracks:speed><mytracks:gradient>0</mytracks:gradient><mytracks:length>0.001362577860079247</mytracks:length></extensions></trkpt><trkpt lat="-33.96055379789318" lon="150.9562847265205"><ele>8.783808063461782</ele><time>2026-08-02T03:32:40.99600Z</time><extensions><mytracks:speed>4.539557777895002</mytracks:speed><mytracks:gradient>0</mytracks:gradient><mytracks:length>0.001259459050855296</mytracks:length></extensions></trkpt><trkpt lat="-33.96056337391644" lon="150.956277694181"><ele>9.000867697191984</ele><time>2026-08-02T03:32:41.99600Z</time><extensions><mytracks:speed>4.484543675453736</mytracks:speed><mytracks:gradient>0</mytracks:gradient><mytracks:length>0.001245064760396722</mytracks:length></extensions></trkpt><trkpt lat="-33.96057477707664" lon="150.9562711258535"><ele>9.229358795761605</ele><time>2026-08-02T03:32:42.99600Z</time><extensions><mytracks:speed>5.054039124872319</mytracks:speed><mytracks:gradient>0</mytracks:gradient><mytracks:length>0.001404914113096157</mytracks:length></extensions></trkpt><trkpt lat="-33.96058491112283" lon="150.9562647575408"><ele>9.475891982230358</ele><time>2026-08-02T03:32:43.99600Z</time><extensions><mytracks:speed>4.574088007000499</mytracks:speed><mytracks:gradient>0</mytracks:gradient><mytracks:length>0.001270147721007681</mytracks:length></extensions></trkpt><trkpt lat="-33.96059451140013" lon="150.9562589979311"><ele>9.741296953344762</ele><time>2026-08-02T03:32:44.99600Z</time><extensions><mytracks:speed>4.295248612087634</mytracks:speed><mytracks:gradient>0</mytracks:gradient><mytracks:length>0.001193318191591511</mytracks:length></extensions></trkpt><trkpt lat="-33.96060550756267" lon="150.9562524747533"><ele>10.04618525701807</ele><time>2026-08-02T03:32:45.99800Z</time><extensions><mytracks:speed>4.89800622155107</mytracks:speed><mytracks:gradient>0</mytracks:gradient><mytracks:length>0.001362577860079247</mytracks:length></extensions></trkpt><trkpt lat="-33.96061792388054" lon="150.9562472836018"><ele>10.14600708288637</ele><time>2026-08-02T03:32:46.99900Z</time><extensions><mytracks:speed>5.255763923899641</mytracks:speed><mytracks:gradient>0</mytracks:gradient><mytracks:length>0.001461510335089989</mytracks:length></extensions></trkpt><trkpt lat="-33.96062928527726" lon="150.9562413578662"><ele>10.16368384324871</ele><time>2026-08-02T03:32:47.99900Z</time><extensions><mytracks:speed>4.950034756297287</mytracks:speed><mytracks:gradient>0</mytracks:gradient><mytracks:length>0.00137574316933711</mytracks:length></extensions></trkpt><trkpt lat="-33.96064139430592" lon="150.9562355352104"><ele>10.0763034713923</ele><time>2026-08-02T03:32:48.99800Z</time><extensions><mytracks:speed>5.23227294346966</mytracks:speed><mytracks:gradient>0</mytracks:gradient><mytracks:length>0.001452230810572194</mytracks:length></extensions></trkpt><trkpt lat="-33.960654145884" lon="150.9562302055569"><ele>9.896161801423668</ele><time>2026-08-02T03:32:49.99600Z</time><extensions><mytracks:speed>5.417439759122824</mytracks:speed><mytracks:gradient>0</mytracks:gradient><mytracks:length>0.001501058859596609</mytracks:length></extensions></trkpt><trkpt lat="-33.96066525576526" lon="150.9562251560891"><ele>9.646485676796882</ele><time>2026-08-02T03:32:50.99400Z</time><extensions><mytracks:speed>4.767518684836189</mytracks:speed><mytracks:gradient>0</mytracks:gradient><mytracks:length>0.001322295691280666</mytracks:length></extensions></trkpt><trkpt lat="-33.96067489960223" lon="150.9562196480849"><ele>9.531403446895972</ele><time>2026-08-02T03:32:51.99400Z</time><extensions><mytracks:speed>4.282083102787538</mytracks:speed><mytracks:gradient>0</mytracks:gradient><mytracks:length>0.001189535874021183</mytracks:length></extensions></trkpt><trkpt lat="-33.96068415106421" lon="150.9562136967528"><ele>9.522506093059086</ele><time>2026-08-02T03:32:52.99500Z</time><extensions><mytracks:speed>4.197364894082218</mytracks:speed><mytracks:gradient>0</mytracks:gradient><mytracks:length>0.001166584472202496</mytracks:length></extensions></trkpt><trkpt lat="-33.96069409586021" lon="150.9562073939306"><ele>9.500570657417134</ele><time>2026-08-02T03:32:53.99400Z</time><extensions><mytracks:speed>4.485299045947166</mytracks:speed><mytracks:gradient>0</mytracks:gradient><mytracks:length>0.001245064760396722</mytracks:length></extensions></trkpt><trkpt lat="-33.96070444414297" lon="150.95620079751"><ele>9.543434275496065</ele><time>2026-08-02T03:32:54.99300Z</time><extensions><mytracks:speed>4.691468694241555</mytracks:speed><mytracks:gradient>0</mytracks:gradient><mytracks:length>0.001301687224482153</mytracks:length></extensions></trkpt><trkpt lat="-33.96071559124886" lon="150.9561938328671"><ele>9.594449755081653</ele><time>2026-08-02T03:32:55.99300Z</time><extensions><mytracks:speed>5.023254792187887</mytracks:speed><mytracks:gradient>0</mytracks:gradient><mytracks:length>0.001395258231574743</mytracks:length></extensions></trkpt><trkpt lat="-33.9607261505009" lon="150.956186771772"><ele>9.595167314870345</ele><time>2026-08-02T03:32:56.99400Z</time><extensions><mytracks:speed>4.82750736083451</mytracks:speed><mytracks:gradient>0</mytracks:gradient><mytracks:length>0.001342587859314532</mytracks:length></extensions></trkpt><trkpt lat="-33.96073592626312" lon="150.9561809518218"><ele>9.6823958338267</ele><time>2026-08-02T03:32:57.99700Z</time><extensions><mytracks:speed>4.352191640525631</mytracks:speed><mytracks:gradient>0</mytracks:gradient><mytracks:length>0.001212052746534862</mytracks:length></extensions></trkpt><trkpt lat="-33.96074521003545" lon="150.9561751305946"><ele>9.727552821388301</ele><time>2026-08-02T03:32:58.99800Z</time><extensions><mytracks:speed>4.181187086631757</mytracks:speed><mytracks:gradient>0</mytracks:gradient><mytracks:length>0.001162715192978952</mytracks:length></extensions></trkpt><trkpt lat="-33.96075372039108" lon="150.9561680700252"><ele>9.671749307633389</ele><time>2026-08-02T03:32:59.99600Z</time><extensions><mytracks:speed>4.152864149341585</mytracks:speed><mytracks:gradient>0</mytracks:gradient><mytracks:length>0.001151029316561659</mytracks:length></extensions></trkpt><trkpt lat="-33.96076173026921" lon="150.9561619307676"><ele>9.612055971700432</ele><time>2026-08-02T03:33:00.99400Z</time><extensions><mytracks:speed>3.79840617017948</mytracks:speed><mytracks:gradient>0</mytracks:gradient><mytracks:length>0.001052883387838818</mytracks:length></extensions></trkpt><trkpt lat="-33.96077048461085" lon="150.9561562458113"><ele>9.665451031089802</ele><time>2026-08-02T03:33:01.99300Z</time><extensions><mytracks:speed>3.987218976915662</mytracks:speed><mytracks:gradient>0</mytracks:gradient><mytracks:length>0.001107126311125143</mytracks:length></extensions></trkpt><trkpt lat="-33.96077974183486" lon="150.9561502641748"><ele>9.670335713511387</ele><time>2026-08-02T03:33:02.99600Z</time><extensions><mytracks:speed>4.202633746551188</mytracks:speed><mytracks:gradient>0</mytracks:gradient><mytracks:length>0.001170440960315329</mytracks:length></extensions></trkpt><trkpt lat="-33.96078841727026" lon="150.9561440841219"><ele>9.746187020861424</ele><time>2026-08-02T03:33:04.00100Z</time><extensions><mytracks:speed>4.010132569787837</mytracks:speed><mytracks:gradient>0</mytracks:gradient><mytracks:length>0.001119270655911808</mytracks:length></extensions></trkpt><trkpt lat="-33.96079590779284" lon="150.9561392625024"><ele>9.794124053495555</ele><time>2026-08-02T03:33:05.00300Z</time><extensions><mytracks:speed>3.376691284938409</mytracks:speed><mytracks:gradient>0</mytracks:gradient><mytracks:length>0.0009398115015201715</mytracks:length></extensions></trkpt><trkpt lat="-33.96080383575949" lon="150.9561353278874"><ele>9.796698499292765</ele><time>2026-08-02T03:33:06.00300Z</time><extensions><mytracks:speed>3.415352868571192</mytracks:speed><mytracks:gradient>0</mytracks:gradient><mytracks:length>0.000949352979660035</mytracks:length></extensions></trkpt><trkpt lat="-33.9608123579841" lon="150.9561304500594"><ele>9.741930568217857</ele><time>2026-08-02T03:33:07.00300Z</time><extensions><mytracks:speed>3.775980056068243</mytracks:speed><mytracks:gradient>0</mytracks:gradient><mytracks:length>0.001048594639308752</mytracks:length></extensions></trkpt><trkpt lat="-33.96082033892862" lon="150.9561253633007"><ele>9.669302080415223</ele><time>2026-08-02T03:33:08.00200Z</time><extensions><mytracks:speed>3.621303111039909</mytracks:speed><mytracks:gradient>0</mytracks:gradient><mytracks:length>0.001004700756239445</mytracks:length></extensions></trkpt><trkpt lat="-33.96082705453244" lon="150.9561203458246"><ele>9.554020899533047</ele><time>2026-08-02T03:33:09.00200Z</time><extensions><mytracks:speed>3.151144076987071</mytracks:speed><mytracks:gradient>0</mytracks:gradient><mytracks:length>0.0008752602001639161</mytracks:length></extensions></trkpt><trkpt lat="-33.96083517971095" lon="150.9561153553499"><ele>9.567914157902734</ele><time>2026-08-02T03:33:10.00100Z</time><extensions><mytracks:speed>3.635318943811697</mytracks:speed><mytracks:gradient>0</mytracks:gradient><mytracks:length>0.001009176060154029</mytracks:length></extensions></trkpt><trkpt lat="-33.96084288655413" lon="150.9561086682007"><ele>9.57028286551364</ele><time>2026-08-02T03:33:11.00100Z</time><extensions><mytracks:speed>3.805806960916138</mytracks:speed><mytracks:gradient>0</mytracks:gradient><mytracks:length>0.001057154737579528</mytracks:length></extensions></trkpt><trkpt lat="-33.96085075026672" lon="150.9561016807297"><ele>9.443831875465204</ele><time>2026-08-02T03:33:12.00100Z</time><extensions><mytracks:speed>3.896789698036931</mytracks:speed><mytracks:gradient>0</mytracks:gradient><mytracks:length>0.001082428937153014</mytracks:length></extensions></trkpt><trkpt lat="-33.96085907778341" lon="150.9560953519368"><ele>9.394433472514695</ele><time>2026-08-02T03:33:13.00100Z</time><extensions><mytracks:speed>3.942022997954604</mytracks:speed><mytracks:gradient>0</mytracks:gradient><mytracks:length>0.001094847266236659</mytracks:length></extensions></trkpt><trkpt lat="-33.9608693768198" lon="150.9560888754326"><ele>9.345790835334938</ele><time>2026-08-02T03:33:14.00200Z</time><extensions><mytracks:speed>4.64495162880768</mytracks:speed><mytracks:gradient>0</mytracks:gradient><mytracks:length>0.00129125965552261</mytracks:length></extensions></trkpt><trkpt lat="-33.96087959554638" lon="150.9560816344953"><ele>9.292377552863671</ele><time>2026-08-02T03:33:15.00200Z</time><extensions><mytracks:speed>4.744771713065705</mytracks:speed><mytracks:gradient>0</mytracks:gradient><mytracks:length>0.001318883309614433</mytracks:length></extensions></trkpt><trkpt lat="-33.96088965580913" lon="150.956074617269"><ele>9.241225843235942</ele><time>2026-08-02T03:33:16.00200Z</time><extensions><mytracks:speed>4.648836790450805</mytracks:speed><mytracks:gradient>0</mytracks:gradient><mytracks:length>0.00129125965552261</mytracks:length></extensions></trkpt><trkpt lat="-33.96089723194584" lon="150.9560697849125"><ele>9.314449924103229</ele><time>2026-08-02T03:33:17.00200Z</time><extensions><mytracks:speed>3.436396957909334</mytracks:speed><mytracks:gradient>0</mytracks:gradient><mytracks:length>0.0009540879366123862</mytracks:length></extensions></trkpt><trkpt lat="-33.96090435904082" lon="150.9560650217045"><ele>9.260664325046248</ele><time>2026-08-02T03:33:18.00000Z</time><extensions><mytracks:speed>3.246918731092868</mytracks:speed><mytracks:gradient>0</mytracks:gradient><mytracks:length>0.0009006353157579643</mytracks:length></extensions></trkpt><trkpt lat="-33.96091195160198" lon="150.9560585136379"><ele>9.249498314301684</ele><time>2026-08-02T03:33:19.00000Z</time><extensions><mytracks:speed>3.713111691871763</mytracks:speed><mytracks:gradient>0</mytracks:gradient><mytracks:length>0.001031261302671383</mytracks:length></extensions></trkpt><trkpt lat="-33.96091920092453" lon="150.9560521979892"><ele>9.282839861520785</ele><time>2026-08-02T03:33:20.00000Z</time><extensions><mytracks:speed>3.585064098206002</mytracks:speed><mytracks:gradient>0</mytracks:gradient><mytracks:length>0.0009956898051041428</mytracks:length></extensions></trkpt><trkpt lat="-33.96092653964481" lon="150.9560466210123"><ele>9.401264857847334</ele><time>2026-08-02T03:33:20.99600Z</time><extensions><mytracks:speed>3.481218415067779</mytracks:speed><mytracks:gradient>0</mytracks:gradient><mytracks:length>0.0009634880447566896</mytracks:length></extensions></trkpt><trkpt lat="-33.96093597882103" lon="150.9560380512992"><ele>9.504239538814817</ele><time>2026-08-02T03:33:21.99400Z</time><extensions><mytracks:speed>4.748411593386109</mytracks:speed><mytracks:gradient>0</mytracks:gradient><mytracks:length>0.001315462076070468</mytracks:length></extensions></trkpt><trkpt lat="-33.96094560132781" lon="150.9560291308054"><ele>9.535430723416981</ele><time>2026-08-02T03:33:22.99200Z</time><extensions><mytracks:speed>4.879704750859799</mytracks:speed><mytracks:gradient>0</mytracks:gradient><mytracks:length>0.001352619788550522</mytracks:length></extensions></trkpt><trkpt lat="-33.96095378901322" lon="150.9560231854923"><ele>9.596717732753671</ele><time>2026-08-02T03:33:23.99200Z</time><extensions><mytracks:speed>3.820689902500742</mytracks:speed><mytracks:gradient>0</mytracks:gradient><mytracks:length>0.001061408898580907</mytracks:length></extensions></trkpt><trkpt lat="-33.96096355772912" lon="150.9560158802252"><ele>9.623730805837436</ele><time>2026-08-02T03:33:24.99400Z</time><extensions><mytracks:speed>4.589181965093974</mytracks:speed><mytracks:gradient>0</mytracks:gradient><mytracks:length>0.001277223807631534</mytracks:length></extensions></trkpt><trkpt lat="-33.96097413611786" lon="150.9560062399703"><ele>9.538462817282769</ele><time>2026-08-02T03:33:25.99500Z</time><extensions><mytracks:speed>5.289111336429644</mytracks:speed><mytracks:gradient>0</mytracks:gradient><mytracks:length>0.001470731311958284</mytracks:length></extensions></trkpt><trkpt lat="-33.96098435262445" lon="150.9559981352954"><ele>9.393036416876825</ele><time>2026-08-02T03:33:26.99600Z</time><extensions><mytracks:speed>4.886881124064862</mytracks:speed><mytracks:gradient>0</mytracks:gradient><mytracks:length>0.001359266608866063</mytracks:length></extensions></trkpt><trkpt lat="-33.96099538035934" lon="150.9559905712702"><ele>9.243445380888074</ele><time>2026-08-02T03:33:27.99800Z</time><extensions><mytracks:speed>5.083742404769565</mytracks:speed><mytracks:gradient>0</mytracks:gradient><mytracks:length>0.001414504081852167</mytracks:length></extensions></trkpt><trkpt lat="-33.96100632909361" lon="150.9559818337109"><ele>9.092122379856955</ele><time>2026-08-02T03:33:28.99900Z</time><extensions><mytracks:speed>5.245789128466368</mytracks:speed><mytracks:gradient>0</mytracks:gradient><mytracks:length>0.001458423720588416</mytracks:length></extensions></trkpt><trkpt lat="-33.9610156360546" lon="150.955975234365"><ele>8.94744880819135</ele><time>2026-08-02T03:33:29.99800Z</time><extensions><mytracks:speed>4.325510670388789</mytracks:speed><mytracks:gradient>0</mytracks:gradient><mytracks:length>0.001200847087677287</mytracks:length></extensions></trkpt><trkpt lat="-33.9610239306917" lon="150.9559713129877"><ele>8.827068794051772</ele><time>2026-08-02T03:33:30.99900Z</time><extensions><mytracks:speed>3.548447720514519</mytracks:speed><mytracks:gradient>0</mytracks:gradient><mytracks:length>0.0009865965570528504</mytracks:length></extensions></trkpt><trkpt lat="-33.96103206128642" lon="150.9559672752091"><ele>8.7334105449783</ele><time>2026-08-02T03:33:32.00000Z</time><extensions><mytracks:speed>3.516269889270854</mytracks:speed><mytracks:gradient>0</mytracks:gradient><mytracks:length>0.0009774187151823676</mytracks:length></extensions></trkpt><trkpt lat="-33.96103945672326" lon="150.9559618328243"><ele>8.714487365007189</ele><time>2026-08-02T03:33:32.99900Z</time><extensions><mytracks:speed>3.471805438211643</mytracks:speed><mytracks:gradient>0</mytracks:gradient><mytracks:length>0.0009634880447566896</mytracks:length></extensions></trkpt><trkpt lat="-33.96104753353985" lon="150.9559566368262"><ele>8.687832245782968</ele><time>2026-08-02T03:33:33.99700Z</time><extensions><mytracks:speed>3.654479297851197</mytracks:speed><mytracks:gradient>0</mytracks:gradient><mytracks:length>0.001013631605262928</mytracks:length></extensions></trkpt><trkpt lat="-33.96105649475506" lon="150.9559506520762"><ele>8.643088645866055</ele><time>2026-08-02T03:33:34.99600Z</time><extensions><mytracks:speed>4.122553386392442</mytracks:speed><mytracks:gradient>0</mytracks:gradient><mytracks:length>0.00114317236932346</mytracks:length></extensions></trkpt><trkpt lat="-33.96106521902765" lon="150.9559449891569"><ele>8.634940337402755</ele><time>2026-08-02T03:33:35.99500Z</time><extensions><mytracks:speed>3.960015040485052</mytracks:speed><mytracks:gradient>0</mytracks:gradient><mytracks:length>0.00109895552557225</mytracks:length></extensions></trkpt><trkpt lat="-33.9610732857759" lon="150.9559408345212"><ele>8.660702172388097</ele><time>2026-08-02T03:33:36.99600Z</time><extensions><mytracks:speed>3.531060104872634</mytracks:speed><mytracks:gradient>0</mytracks:gradient><mytracks:length>0.0009820183580710924</mytracks:length></extensions></trkpt><trkpt lat="-33.96108201715509" lon="150.9559371857596"><ele>8.700509548392791</ele><time>2026-08-02T03:33:37.99700Z</time><extensions><mytracks:speed>3.709617609601858</mytracks:speed><mytracks:gradient>0</mytracks:gradient><mytracks:length>0.001031261302671383</mytracks:length></extensions></trkpt><trkpt lat="-33.96109029131587" lon="150.9559323901563"><ele>8.747934596788275</ele><time>2026-08-02T03:33:38.99700Z</time><extensions><mytracks:speed>3.6617744637565</mytracks:speed><mytracks:gradient>0</mytracks:gradient><mytracks:length>0.001018067650987789</mytracks:length></extensions></trkpt><trkpt lat="-33.9610974671969" lon="150.955927450176"><ele>8.888959703609308</ele><time>2026-08-02T03:33:39.99800Z</time><extensions><mytracks:speed>3.313224120837494</mytracks:speed><mytracks:gradient>0</mytracks:gradient><mytracks:length>0.000920431863415225</mytracks:length></extensions></trkpt><trkpt lat="-33.96110538789292" lon="150.9559208290399"><ele>9.008128492828359</ele><time>2026-08-02T03:33:40.99600Z</time><extensions><mytracks:speed>3.859460347045152</mytracks:speed><mytracks:gradient>0</mytracks:gradient><mytracks:length>0.001069866473718343</mytracks:length></extensions></trkpt><trkpt lat="-33.96111443699881" lon="150.955913124236"><ele>9.034729312001392</ele><time>2026-08-02T03:33:41.99500Z</time><extensions><mytracks:speed>4.432893656439125</mytracks:speed><mytracks:gradient>0</mytracks:gradient><mytracks:length>0.001230502098487512</mytracks:length></extensions></trkpt><trkpt lat="-33.96112366968187" lon="150.9559051748042"><ele>8.975701264775298</ele><time>2026-08-02T03:33:42.99600Z</time><extensions><mytracks:speed>4.542531089067095</mytracks:speed><mytracks:gradient>0</mytracks:gradient><mytracks:length>0.001263031991511386</mytracks:length></extensions></trkpt><trkpt lat="-33.96113380124346" lon="150.9558972273685"><ele>8.881316266768009</ele><time>2026-08-02T03:33:43.99900Z</time><extensions><mytracks:speed>4.819868410385899</mytracks:speed><mytracks:gradient>0</mytracks:gradient><mytracks:length>0.001342587859314532</mytracks:length></extensions></trkpt><trkpt lat="-33.96114397603351" lon="150.9558904119135"><ele>8.788347899628416</ele><time>2026-08-02T03:33:45.00200Z</time><extensions><mytracks:speed>4.645527687732697</mytracks:speed><mytracks:gradient>0</mytracks:gradient><mytracks:length>0.001294744843117849</mytracks:length></extensions></trkpt><trkpt lat="-33.96115447510262" lon="150.9558841103227"><ele>8.632969837946606</ele><time>2026-08-02T03:33:46.00300Z</time><extensions><mytracks:speed>4.680908530113263</mytracks:speed><mytracks:gradient>0</mytracks:gradient><mytracks:length>0.001301687224482153</mytracks:length></extensions></trkpt><trkpt lat="-33.961164643259" lon="150.9558768314813"><ele>8.549184915338293</ele><time>2026-08-02T03:33:47.00300Z</time><extensions><mytracks:speed>4.72571872967517</mytracks:speed><mytracks:gradient>0</mytracks:gradient><mytracks:length>0.001312031921402727</mytracks:length></extensions></trkpt><trkpt lat="-33.96117444569975" lon="150.9558697032785"><ele>8.611914860156705</ele><time>2026-08-02T03:33:48.00100Z</time><extensions><mytracks:speed>4.590291182006458</mytracks:speed><mytracks:gradient>0</mytracks:gradient><mytracks:length>0.001273690678297089</mytracks:length></extensions></trkpt><trkpt lat="-33.9611845463216" lon="150.9558640166492"><ele>8.70526903549556</ele><time>2026-08-02T03:33:49.00000Z</time><extensions><mytracks:speed>4.461494674581191</mytracks:speed><mytracks:gradient>0</mytracks:gradient><mytracks:length>0.001237804845677201</mytracks:length></extensions></trkpt><trkpt lat="-33.9611956349591" lon="150.9558568409473"><ele>8.725171316243539</ele><time>2026-08-02T03:33:49.99900Z</time><extensions><mytracks:speed>5.053141473071731</mytracks:speed><mytracks:gradient>0</mytracks:gradient><mytracks:length>0.001401702876638579</mytracks:length></extensions></trkpt><trkpt lat="-33.9612064302327" lon="150.9558485693188"><ele>8.766652116681337</ele><time>2026-08-02T03:33:50.99700Z</time><extensions><mytracks:speed>5.133470164593835</mytracks:speed><mytracks:gradient>0</mytracks:gradient><mytracks:length>0.001424029469490054</mytracks:length></extensions></trkpt><trkpt lat="-33.96121626194937" lon="150.9558410983654"><ele>8.816817809258929</ele><time>2026-08-02T03:33:51.99700Z</time><extensions><mytracks:speed>4.662862955563813</mytracks:speed><mytracks:gradient>0</mytracks:gradient><mytracks:length>0.001294744843117849</mytracks:length></extensions></trkpt><trkpt lat="-33.96122603196946" lon="150.955832509562"><ele>8.816458134046048</ele><time>2026-08-02T03:33:52.99800Z</time><extensions><mytracks:speed>4.840764542594768</mytracks:speed><mytracks:gradient>0</mytracks:gradient><mytracks:length>0.001345940143832062</mytracks:length></extensions></trkpt><trkpt lat="-33.9612355650812" lon="150.9558229471277"><ele>8.845526834353951</ele><time>2026-08-02T03:33:54.00000Z</time><extensions><mytracks:speed>4.956033922964457</mytracks:speed><mytracks:gradient>0</mytracks:gradient><mytracks:length>0.001379014858069923</mytracks:length></extensions></trkpt><trkpt lat="-33.96124487302025" lon="150.9558147058266"><ele>8.842753632630997</ele><time>2026-08-02T03:33:55.00100Z</time><extensions><mytracks:speed>4.605227475586663</mytracks:speed><mytracks:gradient>0</mytracks:gradient><mytracks:length>0.001280747190346591</mytracks:length></extensions></trkpt><trkpt lat="-33.96125369632622" lon="150.95580775091"><ele>8.935264188003915</ele><time>2026-08-02T03:33:56.00100Z</time><extensions><mytracks:speed>4.214646569084108</mytracks:speed><mytracks:gradient>0</mytracks:gradient><mytracks:length>0.001170440960315329</mytracks:length></extensions></trkpt><trkpt lat="-33.9612630250661" lon="150.9558010794605"><ele>9.038748453590639</ele><time>2026-08-02T03:33:57.00000Z</time><extensions><mytracks:speed>4.337313057406528</mytracks:speed><mytracks:gradient>0</mytracks:gradient><mytracks:length>0.001204593889567316</mytracks:length></extensions></trkpt><trkpt lat="-33.96127183051992" lon="150.9557961591995"><ele>9.15505269348148</ele><time>2026-08-02T03:33:58.00000Z</time><extensions><mytracks:speed>3.882572906268963</mytracks:speed><mytracks:gradient>0</mytracks:gradient><mytracks:length>0.001078257711860346</mytracks:length></extensions></trkpt><trkpt lat="-33.96128096683866" lon="150.9557912732331"><ele>9.093062456348852</ele><time>2026-08-02T03:33:59.00000Z</time><extensions><mytracks:speed>3.987420123600073</mytracks:speed><mytracks:gradient>0</mytracks:gradient><mytracks:length>0.001107126311125143</mytracks:length></extensions></trkpt><trkpt lat="-33.96128983633356" lon="150.9557857420034"><ele>9.072093823840692</ele><time>2026-08-02T03:34:00.00000Z</time><extensions><mytracks:speed>4.000660650123974</mytracks:speed><mytracks:gradient>0</mytracks:gradient><mytracks:length>0.001111189173626823</mytracks:length></extensions></trkpt><trkpt lat="-33.96129971316826" lon="150.9557795569169"><ele>8.951998008128877</ele><time>2026-08-02T03:34:00.99900Z</time><extensions><mytracks:speed>4.459702481474686</mytracks:speed><mytracks:gradient>0</mytracks:gradient><mytracks:length>0.001237804845677201</mytracks:length></extensions></trkpt><trkpt lat="-33.96130961124436" lon="150.9557716355783"><ele>8.822540257616767</ele><time>2026-08-02T03:34:01.99900Z</time><extensions><mytracks:speed>4.7743518029862</mytracks:speed><mytracks:gradient>0</mytracks:gradient><mytracks:length>0.001325699289424003</mytracks:length></extensions></trkpt><trkpt lat="-33.96132054013454" lon="150.9557619208937"><ele>8.692812253110539</ele><time>2026-08-02T03:34:02.99900Z</time><extensions><mytracks:speed>5.43501201955636</mytracks:speed><mytracks:gradient>0</mytracks:gradient><mytracks:length>0.001510038354603338</mytracks:length></extensions></trkpt><trkpt lat="-33.96133033579625" lon="150.9557541551269"><ele>8.814304882522434</ele><time>2026-08-02T03:34:03.99900Z</time><extensions><mytracks:speed>4.683349510148775</mytracks:speed><mytracks:gradient>0</mytracks:gradient><mytracks:length>0.001301687224482153</mytracks:length></extensions></trkpt><trkpt lat="-33.96133995285908" lon="150.9557469787159"><ele>8.871287074503545</ele><time>2026-08-02T03:34:05.00000Z</time><extensions><mytracks:speed>4.530401737105237</mytracks:speed><mytracks:gradient>0</mytracks:gradient><mytracks:length>0.001259459050855296</mytracks:length></extensions></trkpt><trkpt lat="-33.96134948174045" lon="150.9557393395767"><ele>8.986529165370664</ele><time>2026-08-02T03:34:06.00100Z</time><extensions><mytracks:speed>4.568605084228418</mytracks:speed><mytracks:gradient>0</mytracks:gradient><mytracks:length>0.001270147721007681</mytracks:length></extensions></trkpt><trkpt lat="-33.9613594706891" lon="150.9557330339541"><ele>9.065673051309004</ele><time>2026-08-02T03:34:07.00000Z</time><extensions><mytracks:speed>4.511106731121174</mytracks:speed><mytracks:gradient>0</mytracks:gradient><mytracks:length>0.001252282587590172</mytracks:length></extensions></trkpt><trkpt lat="-33.96136908450892" lon="150.9557283102213"><ele>9.142265986700421</ele><time>2026-08-02T03:34:07.99900Z</time><extensions><mytracks:speed>4.178543840010807</mytracks:speed><mytracks:gradient>0</mytracks:gradient><mytracks:length>0.001158832994518273</mytracks:length></extensions></trkpt><trkpt lat="-33.96137873162473" lon="150.9557217787641"><ele>9.084721909328303</ele><time>2026-08-02T03:34:08.99700Z</time><extensions><mytracks:speed>4.436607426677427</mytracks:speed><mytracks:gradient>0</mytracks:gradient><mytracks:length>0.001230502098487512</mytracks:length></extensions></trkpt><trkpt lat="-33.96139108015444" lon="150.9557130497418"><ele>9.101733364065325</ele><time>2026-08-02T03:34:09.99600Z</time><extensions><mytracks:speed>5.743428442273489</mytracks:speed><mytracks:gradient>0</mytracks:gradient><mytracks:length>0.00159423475234047</mytracks:length></extensions></trkpt><trkpt lat="-33.96140721936107" lon="150.9557031075967"><ele>9.164292857757916</ele><time>2026-08-02T03:34:11.49900Z</time><extensions><mytracks:speed>4.830031541066905</mytracks:speed><mytracks:gradient>0</mytracks:gradient><mytracks:length>0.002016118193646434</mytracks:length></extensions></trkpt><trkpt lat="-33.96141773321443" lon="150.9556961860238"><ele>9.18504762342136</ele><time>2026-08-02T03:34:12.50000Z</time><extensions><mytracks:speed>4.792739825432203</mytracks:speed><mytracks:gradient>0</mytracks:gradient><mytracks:length>0.001332480404200788</mytracks:length></extensions></trkpt><trkpt lat="-33.96142863376799" lon="150.9556899256916"><ele>9.204690313742567</ele><time>2026-08-02T03:34:13.50100Z</time><extensions><mytracks:speed>4.828451353980503</mytracks:speed><mytracks:gradient>0</mytracks:gradient><mytracks:length>0.001342587859314532</mytracks:length></extensions></trkpt><trkpt lat="-33.96143660059558" lon="150.9556859946925"><ele>9.150504106681177</ele><time>2026-08-02T03:34:14.50200Z</time><extensions><mytracks:speed>3.44930855248561</mytracks:speed><mytracks:gradient>0</mytracks:gradient><mytracks:length>0.0009587995106325278</mytracks:length></extensions></trkpt><trkpt lat="-33.9614459697624" lon="150.9556806733425"><ele>9.050024563257995</ele><time>2026-08-02T03:34:15.50000Z</time><extensions><mytracks:speed>4.16483842122781</mytracks:speed><mytracks:gradient>0</mytracks:gradient><mytracks:length>0.001154937746540606</mytracks:length></extensions></trkpt><trkpt lat="-33.96146439961059" lon="150.9556658068386"><ele>8.983958892040537</ele><time>2026-08-02T03:34:17.49800Z</time><extensions><mytracks:speed>4.443643395854962</mytracks:speed><mytracks:gradient>0</mytracks:gradient><mytracks:length>0.002466491392632139</mytracks:length></extensions></trkpt><trkpt lat="-33.96147309821254" lon="150.9556579482601"><ele>9.068294821262505</ele><time>2026-08-02T03:34:18.50000Z</time><extensions><mytracks:speed>4.342897680694929</mytracks:speed><mytracks:gradient>0</mytracks:gradient><mytracks:length>0.001208329073383078</mytracks:length></extensions></trkpt><trkpt lat="-33.96148541783041" lon="150.9556469651198"><ele>9.19669358604628</ele><time>2026-08-02T03:34:19.99900Z</time><extensions><mytracks:speed>4.090016270336802</mytracks:speed><mytracks:gradient>0</mytracks:gradient><mytracks:length>0.001703553015777859</mytracks:length></extensions></trkpt><trkpt lat="-33.96149735500859" lon="150.9556374406697"><ele>9.311918711009142</ele><time>2026-08-02T03:34:21.49800Z</time><extensions><mytracks:speed>3.828661500725873</mytracks:speed><mytracks:gradient>0</mytracks:gradient><mytracks:length>0.00159423475234047</mytracks:length></extensions></trkpt><trkpt lat="-33.96151266667962" lon="150.955622136908"><ele>9.132338295539874</ele><time>2026-08-02T03:34:23.50000Z</time><extensions><mytracks:speed>3.974873492300285</mytracks:speed><mytracks:gradient>0</mytracks:gradient><mytracks:length>0.002210178556936637</mytracks:length></extensions></trkpt><trkpt lat="-33.96152084766494" lon="150.9556118888953"><ele>9.034658329487657</ele><time>2026-08-02T03:34:24.50100Z</time><extensions><mytracks:speed>4.706789758282954</mytracks:speed><mytracks:gradient>0</mytracks:gradient><mytracks:length>0.001308592775457605</mytracks:length></extensions></trkpt><trkpt lat="-33.961533888309" lon="150.9555976571923"><ele>8.844352084935082</ele><time>2026-08-02T03:34:26.00000Z</time><extensions><mytracks:speed>4.693290149174342</mytracks:speed><mytracks:gradient>0</mytracks:gradient><mytracks:length>0.001954837430364741</mytracks:length></extensions></trkpt><trkpt lat="-33.96154206823905" lon="150.9555900781953"><ele>8.793296456345479</ele><time>2026-08-02T03:34:27.00000Z</time><extensions><mytracks:speed>4.131221792593792</mytracks:speed><mytracks:gradient>0</mytracks:gradient><mytracks:length>0.00114710756984012</mytracks:length></extensions></trkpt><trkpt lat="-33.96154972758985" lon="150.9555842058377"><ele>8.606525030064001</ele><time>2026-08-02T03:34:28.00000Z</time><extensions><mytracks:speed>3.634577576843015</mytracks:speed><mytracks:gradient>0</mytracks:gradient><mytracks:length>0.001009176060154029</mytracks:length></extensions></trkpt><trkpt lat="-33.9615577831589" lon="150.9555785324621"><ele>8.392378505324299</ele><time>2026-08-02T03:34:29.00000Z</time><extensions><mytracks:speed>3.72532535347177</mytracks:speed><mytracks:gradient>0</mytracks:gradient><mytracks:length>0.001035621835028294</mytracks:length></extensions></trkpt><trkpt lat="-33.96156560454619" lon="150.955573292276"><ele>8.132183057252822</ele><time>2026-08-02T03:34:30.00000Z</time><extensions><mytracks:speed>3.586584727352754</mytracks:speed><mytracks:gradient>0</mytracks:gradient><mytracks:length>0.0009956898051041428</mytracks:length></extensions></trkpt><trkpt lat="-33.96157278880237" lon="150.9555685071533"><ele>7.949364165280223</ele><time>2026-08-02T03:34:31.00100Z</time><extensions><mytracks:speed>3.293555610022996</mytracks:speed><mytracks:gradient>0</mytracks:gradient><mytracks:length>0.0009155228584749426</mytracks:length></extensions></trkpt><trkpt lat="-33.96158034417536" lon="150.9555629879704"><ele>7.730343239062757</ele><time>2026-08-02T03:34:32.00100Z</time><extensions><mytracks:speed>3.551044898274714</mytracks:speed><mytracks:gradient>0</mytracks:gradient><mytracks:length>0.0009865965570528504</mytracks:length></extensions></trkpt><trkpt lat="-33.9615895332249" lon="150.9555566846637"><ele>7.550906302034622</ele><time>2026-08-02T03:34:33.00100Z</time><extensions><mytracks:speed>4.226866415171536</mytracks:speed><mytracks:gradient>0</mytracks:gradient><mytracks:length>0.001174284783339954</mytracks:length></extensions></trkpt><trkpt lat="-33.961598394733" lon="150.9555511120677"><ele>7.399810619382273</ele><time>2026-08-02T03:34:34.00100Z</time><extensions><mytracks:speed>3.998240583074275</mytracks:speed><mytracks:gradient>0</mytracks:gradient><mytracks:length>0.001111189173626823</mytracks:length></extensions></trkpt><trkpt lat="-33.96160673214018" lon="150.9555467972171"><ele>7.351781443771028</ele><time>2026-08-02T03:34:35.00000Z</time><extensions><mytracks:speed>3.63890691979011</mytracks:speed><mytracks:gradient>0</mytracks:gradient><mytracks:length>0.001009176060154029</mytracks:length></extensions></trkpt><trkpt lat="-33.96161492793606" lon="150.9555439461038"><ele>7.323252910470533</ele><time>2026-08-02T03:34:35.99900Z</time><extensions><mytracks:speed>3.436251057199577</mytracks:speed><mytracks:gradient>0</mytracks:gradient><mytracks:length>0.0009540879366123862</mytracks:length></extensions></trkpt><trkpt lat="-33.96162264643274" lon="150.9555406136679"><ele>7.363775463190231</ele><time>2026-08-02T03:34:36.99800Z</time><extensions><mytracks:speed>3.28227192291066</mytracks:speed><mytracks:gradient>0</mytracks:gradient><mytracks:length>0.000910587389320891</mytracks:length></extensions></trkpt><trkpt lat="-33.96163046490962" lon="150.9555364903547"><ele>7.421113305383952</ele><time>2026-08-02T03:34:37.99700Z</time><extensions><mytracks:speed>3.420924202595751</mytracks:speed><mytracks:gradient>0</mytracks:gradient><mytracks:length>0.000949352979660035</mytracks:length></extensions></trkpt><trkpt lat="-33.96163879634504" lon="150.9555315920556"><ele>7.489761713674217</ele><time>2026-08-02T03:34:38.99800Z</time><extensions><mytracks:speed>3.710570973956522</mytracks:speed><mytracks:gradient>0</mytracks:gradient><mytracks:length>0.001031261302671383</mytracks:length></extensions></trkpt><trkpt lat="-33.96164788807162" lon="150.9555248290084"><ele>7.551958180911334</ele><time>2026-08-02T03:34:39.99900Z</time><extensions><mytracks:speed>4.291454318195443</mytracks:speed><mytracks:gradient>0</mytracks:gradient><mytracks:length>0.001193318191591511</mytracks:length></extensions></trkpt><trkpt lat="-33.96165715666357" lon="150.9555159974153"><ele>7.73696084460602</ele><time>2026-08-02T03:34:41.00000Z</time><extensions><mytracks:speed>4.715621949827677</mytracks:speed><mytracks:gradient>0</mytracks:gradient><mytracks:length>0.001312031921402727</mytracks:length></extensions></trkpt><trkpt lat="-33.96166530640763" lon="150.9555085917922"><ele>8.021816608768763</ele><time>2026-08-02T03:34:42.00000Z</time><extensions><mytracks:speed>4.086220299011821</mytracks:speed><mytracks:gradient>0</mytracks:gradient><mytracks:length>0.001135261046801494</mytracks:length></extensions></trkpt><trkpt lat="-33.96167201010929" lon="150.9555024298415"><ele>8.427664954332396</ele><time>2026-08-02T03:34:42.99700Z</time><extensions><mytracks:speed>3.379322533142167</mytracks:speed><mytracks:gradient>0</mytracks:gradient><mytracks:length>0.0009350042500383114</mytracks:length></extensions></trkpt><trkpt lat="-33.96167857347686" lon="150.9554964624775"><ele>8.839809795402669</ele><time>2026-08-02T03:34:43.99300Z</time><extensions><mytracks:speed>3.271169178867413</mytracks:speed><mytracks:gradient>0</mytracks:gradient><mytracks:length>0.0009056250232796916</mytracks:length></extensions></trkpt><trkpt lat="-33.96168620446146" lon="150.9554919225701"><ele>9.116088524852842</ele><time>2026-08-02T03:34:44.98900Z</time><extensions><mytracks:speed>3.414160494494141</mytracks:speed><mytracks:gradient>0</mytracks:gradient><mytracks:length>0.0009445942881414714</mytracks:length></extensions></trkpt><trkpt lat="-33.96169348223222" lon="150.9554888893084"><ele>9.320895590981847</ele><time>2026-08-02T03:34:45.98900Z</time><extensions><mytracks:speed>3.077510902316936</mytracks:speed><mytracks:gradient>0</mytracks:gradient><mytracks:length>0.0008544176816940314</mytracks:length></extensions></trkpt><trkpt lat="-33.96170229122344" lon="150.9554846744163"><ele>9.372409358770611</ele><time>2026-08-02T03:34:46.99200Z</time><extensions><mytracks:speed>3.792430710788866</mytracks:speed><mytracks:gradient>0</mytracks:gradient><mytracks:length>0.001057154737579528</mytracks:length></extensions></trkpt><trkpt lat="-33.96171258301977" lon="150.9554792439122"><ele>9.337250472881882</ele><time>2026-08-02T03:34:47.99400Z</time><extensions><mytracks:speed>4.486865168507308</mytracks:speed><mytracks:gradient>0</mytracks:gradient><mytracks:length>0.001248678889219179</mytracks:length></extensions></trkpt><trkpt lat="-33.9617220838507" lon="150.9554740748255"><ele>9.139252453576495</ele><time>2026-08-02T03:34:48.99600Z</time><extensions><mytracks:speed>4.177189867145018</mytracks:speed><mytracks:gradient>0</mytracks:gradient><mytracks:length>0.001162715192978952</mytracks:length></extensions></trkpt><trkpt lat="-33.96173120520695" lon="150.9554662189399"><ele>8.993789702971412</ele><time>2026-08-02T03:34:49.99500Z</time><extensions><mytracks:speed>4.502195922626519</mytracks:speed><mytracks:gradient>0</mytracks:gradient><mytracks:length>0.001248678889219179</mytracks:length></extensions></trkpt><trkpt lat="-33.9617419638612" lon="150.9554568207592"><ele>8.736193684398211</ele><time>2026-08-02T03:34:50.99200Z</time><extensions><mytracks:speed>5.338788902008531</mytracks:speed><mytracks:gradient>0</mytracks:gradient><mytracks:length>0.001479894835579277</mytracks:length></extensions></trkpt><trkpt lat="-33.96175256115465" lon="150.9554450449874"><ele>8.525171230509795</ele><time>2026-08-02T03:34:51.99300Z</time><extensions><mytracks:speed>5.77476995766563</mytracks:speed><mytracks:gradient>0</mytracks:gradient><mytracks:length>0.001605501569220552</mytracks:length></extensions></trkpt><trkpt lat="-33.96176151437196" lon="150.9554327645747"><ele>8.450331390406504</ele><time>2026-08-02T03:34:52.99300Z</time><extensions><mytracks:speed>5.426596375602216</mytracks:speed><mytracks:gradient>0</mytracks:gradient><mytracks:length>0.00150705113435917</mytracks:length></extensions></trkpt><trkpt lat="-33.96177041905378" lon="150.9554202865197"><ele>8.579447519851858</ele><time>2026-08-02T03:34:53.99200Z</time><extensions><mytracks:speed>5.474516713786232</mytracks:speed><mytracks:gradient>0</mytracks:gradient><mytracks:length>0.001518964767456058</mytracks:length></extensions></trkpt><trkpt lat="-33.96177831883544" lon="150.9554089716474"><ele>8.691577391518072</ele><time>2026-08-02T03:34:54.99200Z</time><extensions><mytracks:speed>4.917843161547691</mytracks:speed><mytracks:gradient>0</mytracks:gradient><mytracks:length>0.001365881083981338</mytracks:length></extensions></trkpt><trkpt lat="-33.96178582403932" lon="150.9553994609099"><ele>8.838993634525458</ele><time>2026-08-02T03:34:55.99200Z</time><extensions><mytracks:speed>4.36378316136426</mytracks:speed><mytracks:gradient>0</mytracks:gradient><mytracks:length>0.001212052746534862</mytracks:length></extensions></trkpt><trkpt lat="-33.96179474836335" lon="150.9553928872935"><ele>8.944915387926708</ele><time>2026-08-02T03:34:56.99500Z</time><extensions><mytracks:speed>4.184142890025861</mytracks:speed><mytracks:gradient>0</mytracks:gradient><mytracks:length>0.001166584472202496</mytracks:length></extensions></trkpt><trkpt lat="-33.96180517734397" lon="150.9553880529356"><ele>8.910059777569607</ele><time>2026-08-02T03:34:57.99700Z</time><extensions><mytracks:speed>4.473449003994643</mytracks:speed><mytracks:gradient>0</mytracks:gradient><mytracks:length>0.001245064760396722</mytracks:length></extensions></trkpt><trkpt lat="-33.96181512845994" lon="150.9553827487715"><ele>8.91284383246234</ele><time>2026-08-02T03:34:58.99900Z</time><extensions><mytracks:speed>4.345005466492244</mytracks:speed><mytracks:gradient>0</mytracks:gradient><mytracks:length>0.001208329073383078</mytracks:length></extensions></trkpt><trkpt lat="-33.9618258617008" lon="150.9553781553851"><ele>8.902313210689211</ele><time>2026-08-02T03:35:00.00000Z</time><extensions><mytracks:speed>4.542141068922204</mytracks:speed><mytracks:gradient>0</mytracks:gradient><mytracks:length>0.001263031991511386</mytracks:length></extensions></trkpt><trkpt lat="-33.96183666061446" lon="150.9553741572925"><ele>8.806545160167705</ele><time>2026-08-02T03:35:00.99900Z</time><extensions><mytracks:speed>4.52609084410639</mytracks:speed><mytracks:gradient>0</mytracks:gradient><mytracks:length>0.001255875945299307</mytracks:length></extensions></trkpt><trkpt lat="-33.96184639980564" lon="150.9553694958412"><ele>8.693457601535062</ele><time>2026-08-02T03:35:01.99800Z</time><extensions><mytracks:speed>4.216240259136151</mytracks:speed><mytracks:gradient>0</mytracks:gradient><mytracks:length>0.001170440960315329</mytracks:length></extensions></trkpt><trkpt lat="-33.96185540200096" lon="150.9553653770975"><ele>8.554419300797225</ele><time>2026-08-02T03:35:02.99600Z</time><extensions><mytracks:speed>3.873156307668436</mytracks:speed><mytracks:gradient>0</mytracks:gradient><mytracks:length>0.001074070287451625</mytracks:length></extensions></trkpt><trkpt lat="-33.96186495132034" lon="150.9553618249972"><ele>8.355087344697111</ele><time>2026-08-02T03:35:03.99600Z</time><extensions><mytracks:speed>4.002244788239724</mytracks:speed><mytracks:gradient>0</mytracks:gradient><mytracks:length>0.001111189173626823</mytracks:length></extensions></trkpt><trkpt lat="-33.96187372022511" lon="150.9553579476485"><ele>8.215129326703691</ele><time>2026-08-02T03:35:04.99400Z</time><extensions><mytracks:speed>3.748663889607033</mytracks:speed><mytracks:gradient>0</mytracks:gradient><mytracks:length>0.001039964083989089</mytracks:length></extensions></trkpt><trkpt lat="-33.96188357908746" lon="150.9553542790616"><ele>8.11126804364387</ele><time>2026-08-02T03:35:05.99300Z</time><extensions><mytracks:speed>4.137740791951174</mytracks:speed><mytracks:gradient>0</mytracks:gradient><mytracks:length>0.00114710756984012</mytracks:length></extensions></trkpt><trkpt lat="-33.96189372573797" lon="150.9553510482979"><ele>8.001799633415505</ele><time>2026-08-02T03:35:06.99000Z</time><extensions><mytracks:speed>4.194986693888824</mytracks:speed><mytracks:gradient>0</mytracks:gradient><mytracks:length>0.001162715192978952</mytracks:length></extensions></trkpt><trkpt lat="-33.96190396017501" lon="150.9553457117206"><ele>7.861916742026054</ele><time>2026-08-02T03:35:07.98900Z</time><extensions><mytracks:speed>4.48713985543122</mytracks:speed><mytracks:gradient>0</mytracks:gradient><mytracks:length>0.001245064760396722</mytracks:length></extensions></trkpt><trkpt lat="-33.96191490452773" lon="150.9553396193723"><ele>7.733547493172517</ele><time>2026-08-02T03:35:08.99000Z</time><extensions><mytracks:speed>4.841305373034265</mytracks:speed><mytracks:gradient>0</mytracks:gradient><mytracks:length>0.001345940143832062</mytracks:length></extensions></trkpt><trkpt lat="-33.96192567980207" lon="150.9553339784335"><ele>7.669904565345633</ele><time>2026-08-02T03:35:09.99100Z</time><extensions><mytracks:speed>4.707253419712215</mytracks:speed><mytracks:gradient>0</mytracks:gradient><mytracks:length>0.001308592775457605</mytracks:length></extensions></trkpt><trkpt lat="-33.9619349393715" lon="150.9553288364235"><ele>7.682724648036587</ele><time>2026-08-02T03:35:10.99300Z</time><extensions><mytracks:speed>4.077349359657668</mytracks:speed><mytracks:gradient>0</mytracks:gradient><mytracks:length>0.001135261046801494</mytracks:length></extensions></trkpt><trkpt lat="-33.96194529428089" lon="150.955323598645"><ele>7.786254331302843</ele><time>2026-08-02T03:35:11.99500Z</time><extensions><mytracks:speed>4.499804663721259</mytracks:speed><mytracks:gradient>0</mytracks:gradient><mytracks:length>0.001252282587590172</mytracks:length></extensions></trkpt><trkpt lat="-33.96195643175996" lon="150.9553185007334"><ele>8.027079861486676</ele><time>2026-08-02T03:35:12.99600Z</time><extensions><mytracks:speed>4.767532582902764</mytracks:speed><mytracks:gradient>0</mytracks:gradient><mytracks:length>0.001325699289424003</mytracks:length></extensions></trkpt><trkpt lat="-33.96196638215481" lon="150.9553139578616"><ele>8.273032273942727</ele><time>2026-08-02T03:35:13.99800Z</time><extensions><mytracks:speed>4.26210291444663</mytracks:speed><mytracks:gradient>0</mytracks:gradient><mytracks:length>0.001185741491550095</mytracks:length></extensions></trkpt><trkpt lat="-33.96197574211734" lon="150.9553097193751"><ele>8.527602693420826</ele><time>2026-08-02T03:35:14.99800Z</time><extensions><mytracks:speed>3.99900151359739</mytracks:speed><mytracks:gradient>0</mytracks:gradient><mytracks:length>0.001111189173626823</mytracks:length></extensions></trkpt><trkpt lat="-33.96198376326785" lon="150.9553035917852"><ele>8.749670213462077</ele><time>2026-08-02T03:35:16.00000Z</time><extensions><mytracks:speed>3.784066207688035</mytracks:speed><mytracks:gradient>0</mytracks:gradient><mytracks:length>0.001052883387838818</mytracks:length></extensions></trkpt><trkpt lat="-33.96199004594538" lon="150.9552972612682"><ele>8.968077389030123</ele><time>2026-08-02T03:35:16.99900Z</time><extensions><mytracks:speed>3.261517193264484</mytracks:speed><mytracks:gradient>0</mytracks:gradient><mytracks:length>0.0009056250232796916</mytracks:length></extensions></trkpt><trkpt lat="-33.96199596067038" lon="150.9552932240786"><ele>9.102098733607381</ele><time>2026-08-02T03:35:17.99700Z</time><extensions><mytracks:speed>2.719815964716273</mytracks:speed><mytracks:gradient>0</mytracks:gradient><mytracks:length>0.0007535255671795838</mytracks:length></extensions></trkpt><trkpt lat="-33.9620032159232" lon="150.9552897874817"><ele>9.287510555128193</ele><time>2026-08-02T03:35:18.99500Z</time><extensions><mytracks:speed>3.118487550389348</mytracks:speed><mytracks:gradient>0</mytracks:gradient><mytracks:length>0.0008649017264355477</mytracks:length></extensions></trkpt><trkpt lat="-33.96201123247578" lon="150.9552852733342"><ele>9.38084878665061</ele><time>2026-08-02T03:35:19.99600Z</time><extensions><mytracks:speed>3.549140944385437</mytracks:speed><mytracks:gradient>0</mytracks:gradient><mytracks:length>0.0009865965570528504</mytracks:length></extensions></trkpt><trkpt lat="-33.96202014348753" lon="150.955281182642"><ele>9.400368065801391</ele><time>2026-08-02T03:35:20.99700Z</time><extensions><mytracks:speed>3.818382791868542</mytracks:speed><mytracks:gradient>0</mytracks:gradient><mytracks:length>0.001061408898580907</mytracks:length></extensions></trkpt><trkpt lat="-33.96202917025091" lon="150.9552780219377"><ele>9.341164484522203</ele><time>2026-08-02T03:35:21.99400Z</time><extensions><mytracks:speed>3.767925798154803</mytracks:speed><mytracks:gradient>0</mytracks:gradient><mytracks:length>0.001044288277626039</mytracks:length></extensions></trkpt><trkpt lat="-33.96203816219112" lon="150.9552731451421"><ele>9.293856170501734</ele><time>2026-08-02T03:35:22.99200Z</time><extensions><mytracks:speed>3.948724265917862</mytracks:speed><mytracks:gradient>0</mytracks:gradient><mytracks:length>0.001094847266236659</mytracks:length></extensions></trkpt><trkpt lat="-33.96204777675585" lon="150.9552672663933"><ele>9.190488511224988</ele><time>2026-08-02T03:35:23.99200Z</time><extensions><mytracks:speed>4.325271289976538</mytracks:speed><mytracks:gradient>0</mytracks:gradient><mytracks:length>0.001200847087677287</mytracks:length></extensions></trkpt><trkpt lat="-33.96205748457677" lon="150.9552616158332"><ele>9.150790087881068</ele><time>2026-08-02T03:35:24.99600Z</time><extensions><mytracks:speed>4.291439592745197</mytracks:speed><mytracks:gradient>0</mytracks:gradient><mytracks:length>0.001197088558621761</mytracks:length></extensions></trkpt><trkpt lat="-33.96206675847646" lon="150.9552562199119"><ele>9.213922464656211</ele><time>2026-08-02T03:35:26.00000Z</time><extensions><mytracks:speed>4.101545324854838</mytracks:speed><mytracks:gradient>0</mytracks:gradient><mytracks:length>0.00114317236932346</mytracks:length></extensions></trkpt><trkpt lat="-33.96207665561295" lon="150.9552491794468"><ele>9.240429981010148</ele><time>2026-08-02T03:35:26.99900Z</time><extensions><mytracks:speed>4.601489486871858</mytracks:speed><mytracks:gradient>0</mytracks:gradient><mytracks:length>0.001277223807631534</mytracks:length></extensions></trkpt><trkpt lat="-33.96208623285266" lon="150.9552424829803"><ele>9.199533054951862</ele><time>2026-08-02T03:35:27.99500Z</time><extensions><mytracks:speed>4.44538009525299</mytracks:speed><mytracks:gradient>0</mytracks:gradient><mytracks:length>0.001230502098487512</mytracks:length></extensions></trkpt><trkpt lat="-33.96209462000006" lon="150.9552354295389"><ele>9.190557983535047</ele><time>2026-08-02T03:35:28.99300Z</time><extensions><mytracks:speed>4.123924401039815</mytracks:speed><mytracks:gradient>0</mytracks:gradient><mytracks:length>0.00114317236932346</mytracks:length></extensions></trkpt><trkpt lat="-33.96210320091239" lon="150.955228291439"><ele>9.172751255679398</ele><time>2026-08-02T03:35:29.99400Z</time><extensions><mytracks:speed>4.184245371109652</mytracks:speed><mytracks:gradient>0</mytracks:gradient><mytracks:length>0.001162715192978952</mytracks:length></extensions></trkpt><trkpt lat="-33.96211392049329" lon="150.9552201018137"><ele>9.081289473795641</ele><time>2026-08-02T03:35:30.99500Z</time><extensions><mytracks:speed>5.074001825191277</mytracks:speed><mytracks:gradient>0</mytracks:gradient><mytracks:length>0.001411314666109776</mytracks:length></extensions></trkpt><trkpt lat="-33.9621239654939" lon="150.9552124544558"><ele>9.038492477002592</ele><time>2026-08-02T03:35:31.99600Z</time><extensions><mytracks:speed>4.756425263382759</mytracks:speed><mytracks:gradient>0</mytracks:gradient><mytracks:length>0.001322295691280666</mytracks:length></extensions></trkpt><trkpt lat="-33.96213453627613" lon="150.9552040043513"><ele>9.079983403448848</ele><time>2026-08-02T03:35:32.99700Z</time><extensions><mytracks:speed>5.063252404048424</mytracks:speed><mytracks:gradient>0</mytracks:gradient><mytracks:length>0.001408118026294904</mytracks:length></extensions></trkpt><trkpt lat="-33.96214408029186" lon="150.9551961908784"><ele>9.144504564640588</ele><time>2026-08-02T03:35:34.00100Z</time><extensions><mytracks:speed>4.603685563702529</mytracks:speed><mytracks:gradient>0</mytracks:gradient><mytracks:length>0.001284260906662108</mytracks:length></extensions></trkpt><trkpt lat="-33.96215298320735" lon="150.9551889285202"><ele>9.219174772101832</ele><time>2026-08-02T03:35:35.00600Z</time><extensions><mytracks:speed>4.287301893368006</mytracks:speed><mytracks:gradient>0</mytracks:gradient><mytracks:length>0.001197088558621761</mytracks:length></extensions></trkpt><trkpt lat="-33.96215988859919" lon="150.9551816016991"><ele>9.321746912967939</ele><time>2026-08-02T03:35:36.01000Z</time><extensions><mytracks:speed>3.650826025631099</mytracks:speed><mytracks:gradient>0</mytracks:gradient><mytracks:length>0.001018067650987789</mytracks:length></extensions></trkpt><trkpt lat="-33.96216827800169" lon="150.955172192343"><ele>9.455956374178683</ele><time>2026-08-02T03:35:37.01000Z</time><extensions><mytracks:speed>4.597748103159613</mytracks:speed><mytracks:gradient>0</mytracks:gradient><mytracks:length>0.001277223807631534</mytracks:length></extensions></trkpt><trkpt lat="-33.96217609517593" lon="150.9551638276896"><ele>9.661511593995934</ele><time>2026-08-02T03:35:38.00900Z</time><extensions><mytracks:speed>4.178770863954985</mytracks:speed><mytracks:gradient>0</mytracks:gradient><mytracks:length>0.001158832994518273</mytracks:length></extensions></trkpt><trkpt lat="-33.96218413468149" lon="150.9551557003849"><ele>9.780987108344528</ele><time>2026-08-02T03:35:39.00700Z</time><extensions><mytracks:speed>4.220714553985723</mytracks:speed><mytracks:gradient>0</mytracks:gradient><mytracks:length>0.001170440960315329</mytracks:length></extensions></trkpt><trkpt lat="-33.9621915421752" lon="150.9551458030356"><ele>9.871061014895778</ele><time>2026-08-02T03:35:40.00400Z</time><extensions><mytracks:speed>4.42919517076215</mytracks:speed><mytracks:gradient>0</mytracks:gradient><mytracks:length>0.001226834423865861</mytracks:length></extensions></trkpt><trkpt lat="-33.96219904006745" lon="150.955137845999"><ele>10.05683222832066</ele><time>2026-08-02T03:35:41.00200Z</time><extensions><mytracks:speed>3.995719029573126</mytracks:speed><mytracks:gradient>0</mytracks:gradient><mytracks:length>0.001107126311125143</mytracks:length></extensions></trkpt><trkpt lat="-33.96220586811644" lon="150.955129076752"><ele>10.24716174521785</ele><time>2026-08-02T03:35:41.99800Z</time><extensions><mytracks:speed>3.998698168736056</mytracks:speed><mytracks:gradient>0</mytracks:gradient><mytracks:length>0.001107126311125143</mytracks:length></extensions></trkpt><trkpt lat="-33.96221240492241" lon="150.9551206688965"><ele>10.29222631465859</ele><time>2026-08-02T03:35:42.99800Z</time><extensions><mytracks:speed>3.823262457828219</mytracks:speed><mytracks:gradient>0</mytracks:gradient><mytracks:length>0.001061408898580907</mytracks:length></extensions></trkpt><trkpt lat="-33.96222028481736" lon="150.9551099274959"><ele>10.33581192500221</ele><time>2026-08-02T03:35:43.99600Z</time><extensions><mytracks:speed>4.766931913305748</mytracks:speed><mytracks:gradient>0</mytracks:gradient><mytracks:length>0.001322295691280666</mytracks:length></extensions></trkpt><trkpt lat="-33.96222969376917" lon="150.9550983878675"><ele>10.5003137174547</ele><time>2026-08-02T03:35:44.99600Z</time><extensions><mytracks:speed>5.384038289696368</mytracks:speed><mytracks:gradient>0</mytracks:gradient><mytracks:length>0.00149504256741194</mytracks:length></extensions></trkpt><trkpt lat="-33.96224105800461" lon="150.9550836292403"><ele>10.64725874102773</ele><time>2026-08-02T03:35:45.99900Z</time><extensions><mytracks:speed>6.661733935449788</mytracks:speed><mytracks:gradient>0</mytracks:gradient><mytracks:length>0.001855493337514171</mytracks:length></extensions></trkpt><trkpt lat="-33.96225279891456" lon="150.9550735423225"><ele>10.96407925960987</ele><time>2026-08-02T03:35:47.00100Z</time><extensions><mytracks:speed>5.748672429107422</mytracks:speed><mytracks:gradient>0</mytracks:gradient><mytracks:length>0.001599878078845344</mytracks:length></extensions></trkpt><trkpt lat="-33.96226486765239" lon="150.9550640649105"><ele>11.41206645014863</ele><time>2026-08-02T03:35:48.00300Z</time><extensions><mytracks:speed>5.755365251650917</mytracks:speed><mytracks:gradient>0</mytracks:gradient><mytracks:length>0.001602692290481789</mytracks:length></extensions></trkpt><trkpt lat="-33.96227575210693" lon="150.9550575583949"><ele>11.7896037853599</ele><time>2026-08-02T03:35:49.00100Z</time><extensions><mytracks:speed>4.878392920494127</mytracks:speed><mytracks:gradient>0</mytracks:gradient><mytracks:length>0.001352619788550522</mytracks:length></extensions></trkpt><trkpt lat="-33.96228667836557" lon="150.955052803523"><ele>11.89307810317248</ele><time>2026-08-02T03:35:49.99800Z</time><extensions><mytracks:speed>4.663970672225014</mytracks:speed><mytracks:gradient>0</mytracks:gradient><mytracks:length>0.00129125965552261</mytracks:length></extensions></trkpt><trkpt lat="-33.96229683627873" lon="150.9550500024444"><ele>11.7994718713232</ele><time>2026-08-02T03:35:50.99600Z</time><extensions><mytracks:speed>4.178597225840814</mytracks:speed><mytracks:gradient>0</mytracks:gradient><mytracks:length>0.001158832994518273</mytracks:length></extensions></trkpt><trkpt lat="-33.96230634337314" lon="150.9550458843474"><ele>11.50153605811941</ele><time>2026-08-02T03:35:51.99500Z</time><extensions><mytracks:speed>4.047918634059051</mytracks:speed><mytracks:gradient>0</mytracks:gradient><mytracks:length>0.001123289593998423</mytracks:length></extensions></trkpt><trkpt lat="-33.96231664014201" lon="150.9550404250266"><ele>11.14607373368886</ele><time>2026-08-02T03:35:52.99500Z</time><extensions><mytracks:speed>4.521421822828169</mytracks:speed><mytracks:gradient>0</mytracks:gradient><mytracks:length>0.001255875945299307</mytracks:length></extensions></trkpt><trkpt lat="-33.96232755434126" lon="150.9550352947415"><ele>10.8596653824825</ele><time>2026-08-02T03:35:53.99600Z</time><extensions><mytracks:speed>4.695275742111681</mytracks:speed><mytracks:gradient>0</mytracks:gradient><mytracks:length>0.001305144567157196</mytracks:length></extensions></trkpt><trkpt lat="-33.96233742427026" lon="150.9550307485341"><ele>10.61600796455482</ele><time>2026-08-02T03:35:54.99700Z</time><extensions><mytracks:speed>4.249978913070261</mytracks:speed><mytracks:gradient>0</mytracks:gradient><mytracks:length>0.001181934927981888</mytracks:length></extensions></trkpt><trkpt lat="-33.96234743762962" lon="150.9550266783018"><ele>10.5163906390964</ele><time>2026-08-02T03:35:55.99800Z</time><extensions><mytracks:speed>4.23840708741501</mytracks:speed><mytracks:gradient>0</mytracks:gradient><mytracks:length>0.001178116065243004</mytracks:length></extensions></trkpt><trkpt lat="-33.96235704996857" lon="150.9550216678421"><ele>10.47157306512215</ele><time>2026-08-02T03:35:56.99600Z</time><extensions><mytracks:speed>4.194171429317615</mytracks:speed><mytracks:gradient>0</mytracks:gradient><mytracks:length>0.001162715192978952</mytracks:length></extensions></trkpt><trkpt lat="-33.96236606060778" lon="150.9550169591154"><ele>10.36449865412661</ele><time>2026-08-02T03:35:57.99700Z</time><extensions><mytracks:speed>3.93632504804334</mytracks:speed><mytracks:gradient>0</mytracks:gradient><mytracks:length>0.001094847266236659</mytracks:length></extensions></trkpt><trkpt lat="-33.96237461208307" lon="150.9550107067202"><ele>10.23661339344614</ele><time>2026-08-02T03:35:58.99900Z</time><extensions><mytracks:speed>3.992569660591693</mytracks:speed><mytracks:gradient>0</mytracks:gradient><mytracks:length>0.001111189173626823</mytracks:length></extensions></trkpt><trkpt lat="-33.96238254649471" lon="150.9550057578716"><ele>10.19148598619793</ele><time>2026-08-02T03:36:00.00200Z</time><extensions><mytracks:speed>3.575139937373061</mytracks:speed><mytracks:gradient>0</mytracks:gradient><mytracks:length>0.0009956898051041428</mytracks:length></extensions></trkpt><trkpt lat="-33.96238897541966" lon="150.955001218179"><ele>10.09454868548549</ele><time>2026-08-02T03:36:01.00300Z</time><extensions><mytracks:speed>2.973850034228158</mytracks:speed><mytracks:gradient>0</mytracks:gradient><mytracks:length>0.0008276267400174632</mytracks:length></extensions></trkpt><trkpt lat="-33.96239492513355" lon="150.9549971145311"><ele>9.821746229958134</ele><time>2026-08-02T03:36:02.00200Z</time><extensions><mytracks:speed>2.737114952240475</mytracks:speed><mytracks:gradient>0</mytracks:gradient><mytracks:length>0.0007594823837280279</mytracks:length></extensions></trkpt><trkpt lat="-33.96239930086167" lon="150.9549938700613"><ele>9.592796841002336</ele><time>2026-08-02T03:36:03.00400Z</time><extensions><mytracks:speed>2.019294066276325</mytracks:speed><mytracks:gradient>0</mytracks:gradient><mytracks:length>0.0005616447969992111</mytracks:length></extensions></trkpt><trkpt lat="-33.96240183058519" lon="150.9549926776422"><ele>9.469062406233501</ele><time>2026-08-02T03:36:04.00600Z</time><extensions><mytracks:speed>1.023316338046033</mytracks:speed><mytracks:gradient>0</mytracks:gradient><mytracks:length>0.0002848058938980103</mytracks:length></extensions></trkpt><trkpt lat="-33.96240186756005" lon="150.9549908933548"><ele>9.51306523925383</ele><time>2026-08-02T03:36:05.81200Z</time><extensions><mytracks:speed>0.2675531504415521</mytracks:speed><mytracks:gradient>0</mytracks:gradient><mytracks:length>0.0001342587859314529</mytracks:length></extensions></trkpt><trkpt lat="-33.96240205556767" lon="150.9549818207168"><ele>9.736808224581182</ele><time>2026-08-02T03:36:15.99800Z</time><extensions><mytracks:speed>0.2944373681279542</mytracks:speed><mytracks:gradient>0</mytracks:gradient><mytracks:length>0.0008330538587581403</mytracks:length></extensions></trkpt><trkpt lat="-33.96240522325436" lon="150.9549818271791"><ele>9.474067992225915</ele><time>2026-08-02T03:36:17.50000Z</time><extensions><mytracks:speed>0.880930700000179</mytracks:speed><mytracks:gradient>0</mytracks:gradient><mytracks:length>0.0003676828279895702</mytracks:length></extensions></trkpt><trkpt lat="-33.96240677781741" lon="150.9549811262281"><ele>9.296437401929301</ele><time>2026-08-02T03:36:18.50100Z</time><extensions><mytracks:speed>0.591423520145046</mytracks:speed><mytracks:gradient>0</mytracks:gradient><mytracks:length>0.0001644327595088082</mytracks:length></extensions></trkpt><trkpt lat="-33.96240911533994" lon="150.9549815274687"><ele>9.155929653442495</ele><time>2026-08-02T03:36:19.50200Z</time><extensions><mytracks:speed>0.9031430685494115</mytracks:speed><mytracks:gradient>0</mytracks:gradient><mytracks:length>0.0002511751890598611</mytracks:length></extensions></trkpt><trkpt lat="-33.96241253812578" lon="150.9549802080516"><ele>9.080781975172622</ele><time>2026-08-02T03:36:20.50100Z</time><extensions><mytracks:speed>1.410448176347587</mytracks:speed><mytracks:gradient>0</mytracks:gradient><mytracks:length>0.0003914282611133176</mytracks:length></extensions></trkpt><trkpt lat="-33.96241767010938" lon="150.9549784272453"><ele>9.125137893153436</ele><time>2026-08-02T03:36:21.50200Z</time><extensions><mytracks:speed>2.133958954111704</mytracks:speed><mytracks:gradient>0</mytracks:gradient><mytracks:length>0.0005928707457750471</mytracks:length></extensions></trkpt><trkpt lat="-33.96243436681793" lon="150.9549746075502"><ele>9.418828535005039</ele><time>2026-08-02T03:36:23.50100Z</time><extensions><mytracks:speed>3.405384060971876</mytracks:speed><mytracks:gradient>0</mytracks:gradient><mytracks:length>0.001891572411396901</mytracks:length></extensions></trkpt><trkpt lat="-33.96244284990831" lon="150.9549727896339"><ele>9.648363114547685</ele><time>2026-08-02T03:36:24.50200Z</time><extensions><mytracks:speed>3.433195319768069</mytracks:speed><mytracks:gradient>0</mytracks:gradient><mytracks:length>0.0009540879366123862</mytracks:length></extensions></trkpt><trkpt lat="-33.96245399160438" lon="150.954971888346"><ele>9.718288130589944</ele><time>2026-08-02T03:36:26.50100Z</time><extensions><mytracks:speed>2.235476277092121</mytracks:speed><mytracks:gradient>0</mytracks:gradient><mytracks:length>0.001241440110026196</mytracks:length></extensions></trkpt><trkpt lat="-33.96245591391576" lon="150.9549720667119"><ele>9.737994312334457</ele><time>2026-08-02T03:36:27.49800Z</time><extensions><mytracks:speed>0.8397160474235492</mytracks:speed><mytracks:gradient>0</mytracks:gradient><mytracks:length>0.0002325430385957901</mytracks:length></extensions></trkpt><trkpt lat="-33.96245865909643" lon="150.9549722694805"><ele>9.53838590607749</ele><time>2026-08-02T03:36:29.49800Z</time><extensions><mytracks:speed>0.5403087606082635</mytracks:speed><mytracks:gradient>0</mytracks:gradient><mytracks:length>0.0003002117719193212</mytracks:length></extensions></trkpt><trkpt lat="-33.96246274120816" lon="150.9549668739013"><ele>9.415718703569748</ele><time>2026-08-02T03:36:30.50000Z</time><extensions><mytracks:speed>2.413039999736672</mytracks:speed><mytracks:gradient>0</mytracks:gradient><mytracks:length>0.000671293929657265</mytracks:length></extensions></trkpt><trkpt lat="-33.96246616516444" lon="150.9549625723848"><ele>9.17608028272838</ele><time>2026-08-02T03:36:31.99800Z</time><extensions><mytracks:speed>1.310456357677017</mytracks:speed><mytracks:gradient>0</mytracks:gradient><mytracks:length>0.0005453617665334611</mytracks:length></extensions></trkpt><trkpt lat="-33.96246765301848" lon="150.9549603629965"><ele>9.064537125476363</ele><time>2026-08-02T03:36:32.99700Z</time><extensions><mytracks:speed>0.9675146744988251</mytracks:speed><mytracks:gradient>0</mytracks:gradient><mytracks:length>0.0002685175718629059</mytracks:length></extensions></trkpt><trkpt lat="-33.962468419988" lon="150.9549579461929"><ele>9.033057935851639</ele><time>2026-08-02T03:36:33.99400Z</time><extensions><mytracks:speed>0.8394431262728678</mytracks:speed><mytracks:gradient>0</mytracks:gradient><mytracks:length>0.0002325430385957901</mytracks:length></extensions></trkpt><trkpt lat="-33.96246737201718" lon="150.9549592606609"><ele>9.025881080401312</ele><time>2026-08-02T03:36:34.99200Z</time><extensions><mytracks:speed>0.68498698334786</mytracks:speed><mytracks:gradient>0</mytracks:gradient><mytracks:length>0.0001898705959320068</mytracks:length></extensions></trkpt><trkpt lat="-33.96246689775261" lon="150.9549590668884"><ele>9.067100182988421</ele><time>2026-08-02T03:36:35.99300Z</time><extensions><mytracks:speed>0.3414316082816771</mytracks:speed><mytracks:gradient>0</mytracks:gradient><mytracks:length>9.493529796600342e-05</mytracks:length></extensions></trkpt><trkpt lat="-33.96246926689146" lon="150.9549571350991"><ele>9.238315002930308</ele><time>2026-08-02T03:36:36.99500Z</time><extensions><mytracks:speed>1.131306664273172</mytracks:speed><mytracks:gradient>0</mytracks:gradient><mytracks:length>0.0003148647627138236</mytracks:length></extensions></trkpt><trkpt lat="-33.9624857481116" lon="150.9549255062862"><ele>9.297338602983707</ele><time>2026-08-02T03:36:41.05500Z</time><extensions><mytracks:speed>3.05628870249818</mytracks:speed><mytracks:gradient>0</mytracks:gradient><mytracks:length>0.003446556663433867</mytracks:length></extensions></trkpt><trkpt lat="-33.96256223905731" lon="150.9547628587978"><ele>9.476157365366817</ele><time>2026-08-02T03:37:01.99900Z</time><extensions><mytracks:speed>2.963924822333882</mytracks:speed><mytracks:gradient>0</mytracks:gradient><mytracks:length>0.01724376277702403</mytracks:length></extensions></trkpt><trkpt lat="-33.96256192811692" lon="150.9547556262012"><ele>9.142273033925536</ele><time>2026-08-02T03:37:03.00600Z</time><extensions><mytracks:speed>2.352124285778209</mytracks:speed><mytracks:gradient>0</mytracks:gradient><mytracks:length>0.0006577310380352331</mytracks:length></extensions></trkpt><trkpt lat="-33.96256065046338" lon="150.9547480225217"><ele>8.911308281098258</ele><time>2026-08-02T03:37:04.00400Z</time><extensions><mytracks:speed>2.562976502147287</mytracks:speed><mytracks:gradient>0</mytracks:gradient><mytracks:length>0.0007104307178001641</mytracks:length></extensions></trkpt><trkpt lat="-33.96255970965017" lon="150.9547397474533"><ele>8.75595350266879</ele><time>2026-08-02T03:37:05.00000Z</time><extensions><mytracks:speed>2.807086285385953</mytracks:speed><mytracks:gradient>0</mytracks:gradient><mytracks:length>0.0007770789043545636</mytracks:length></extensions></trkpt><trkpt lat="-33.96255930794015" lon="150.9547314063367"><ele>8.61866159032046</ele><time>2026-08-02T03:37:05.99700Z</time><extensions><mytracks:speed>2.806662260107877</mytracks:speed><mytracks:gradient>0</mytracks:gradient><mytracks:length>0.0007770789043545636</mytracks:length></extensions></trkpt><trkpt lat="-33.9625574213849" lon="150.9547222744086"><ele>8.603201276381375</ele><time>2026-08-02T03:37:06.99700Z</time><extensions><mytracks:speed>3.13077011985194</mytracks:speed><mytracks:gradient>0</mytracks:gradient><mytracks:length>0.0008700963781047964</mytracks:length></extensions></trkpt><trkpt lat="-33.96255523003656" lon="150.9547130210995"><ele>8.725247461466342</ele><time>2026-08-02T03:37:08.00000Z</time><extensions><mytracks:speed>3.199011943880162</mytracks:speed><mytracks:gradient>0</mytracks:gradient><mytracks:length>0.0008905720354865519</mytracks:length></extensions></trkpt><trkpt lat="-33.96255216028049" lon="150.9547038602683"><ele>8.861943716242633</ele><time>2026-08-02T03:37:09.00100Z</time><extensions><mytracks:speed>3.290904706753432</mytracks:speed><mytracks:gradient>0</mytracks:gradient><mytracks:length>0.0009155228584749426</mytracks:length></extensions></trkpt><trkpt lat="-33.96254892092491" lon="150.9546937126265"><ele>8.879996386002208</ele><time>2026-08-02T03:37:10.00200Z</time><extensions><mytracks:speed>3.59698587803422</mytracks:speed><mytracks:gradient>0</mytracks:gradient><mytracks:length>0.001000205428293718</mytracks:length></extensions></trkpt><trkpt lat="-33.9625456765637" lon="150.9546850486215"><ele>8.905293586853427</ele><time>2026-08-02T03:37:11.00200Z</time><extensions><mytracks:speed>3.151700167247737</mytracks:speed><mytracks:gradient>0</mytracks:gradient><mytracks:length>0.0008752602001639161</mytracks:length></extensions></trkpt><trkpt lat="-33.96254257894367" lon="150.9546772482295"><ele>8.988890116424489</ele><time>2026-08-02T03:37:12.00000Z</time><extensions><mytracks:speed>2.885406125711679</mytracks:speed><mytracks:gradient>0</mytracks:gradient><mytracks:length>0.0007999390394226703</mytracks:length></extensions></trkpt><trkpt lat="-33.96253812218372" lon="150.954668581769"><ele>8.979370638171531</ele><time>2026-08-02T03:37:12.99900Z</time><extensions><mytracks:speed>3.387775919068595</mytracks:speed><mytracks:gradient>0</mytracks:gradient><mytracks:length>0.0009398115015201715</mytracks:length></extensions></trkpt><trkpt lat="-33.96253446085479" lon="150.9546593018552"><ele>8.728111797127749</ele><time>2026-08-02T03:37:13.99800Z</time><extensions><mytracks:speed>3.419681294935542</mytracks:speed><mytracks:gradient>0</mytracks:gradient><mytracks:length>0.000949352979660035</mytracks:length></extensions></trkpt><trkpt lat="-33.96253028201149" lon="150.954650186877"><ele>8.58305149919393</ele><time>2026-08-02T03:37:14.99700Z</time><extensions><mytracks:speed>3.454140184784175</mytracks:speed><mytracks:gradient>0</mytracks:gradient><mytracks:length>0.0009587995106325278</mytracks:length></extensions></trkpt><trkpt lat="-33.96252525693272" lon="150.9546391239104"><ele>8.556507944840224</ele><time>2026-08-02T03:37:15.99700Z</time><extensions><mytracks:speed>4.186556248360413</mytracks:speed><mytracks:gradient>0</mytracks:gradient><mytracks:length>0.001162715192978952</mytracks:length></extensions></trkpt><trkpt lat="-33.96252043101556" lon="150.954626652385"><ele>8.483955956682834</ele><time>2026-08-02T03:37:16.99500Z</time><extensions><mytracks:speed>4.580329476154498</mytracks:speed><mytracks:gradient>0</mytracks:gradient><mytracks:length>0.001270147721007681</mytracks:length></extensions></trkpt><trkpt lat="-33.96251706601798" lon="150.9546137671032"><ele>8.357274838078641</ele><time>2026-08-02T03:37:17.99500Z</time><extensions><mytracks:speed>4.484397124535491</mytracks:speed><mytracks:gradient>0</mytracks:gradient><mytracks:length>0.001245064760396722</mytracks:length></extensions></trkpt><trkpt lat="-33.96251180032539" lon="150.9546024685757"><ele>8.469153979838163</ele><time>2026-08-02T03:37:18.99700Z</time><extensions><mytracks:speed>4.298990430239186</mytracks:speed><mytracks:gradient>0</mytracks:gradient><mytracks:length>0.001197088558621761</mytracks:length></extensions></trkpt><trkpt lat="-33.96250720465264" lon="150.9545914362408"><ele>8.505495203122299</ele><time>2026-08-02T03:37:19.99800Z</time><extensions><mytracks:speed>4.098075357587259</mytracks:speed><mytracks:gradient>0</mytracks:gradient><mytracks:length>0.001139223575592043</mytracks:length></extensions></trkpt><trkpt lat="-33.96250261660948" lon="150.9545791608369"><ele>8.401037650716539</ele><time>2026-08-02T03:37:20.99800Z</time><extensions><mytracks:speed>4.468672997054421</mytracks:speed><mytracks:gradient>0</mytracks:gradient><mytracks:length>0.001241440110026196</mytracks:length></extensions></trkpt><trkpt lat="-33.9624974897666" lon="150.9545654715978"><ele>8.19234850641983</ele><time>2026-08-02T03:37:21.99900Z</time><extensions><mytracks:speed>4.972308761271873</mytracks:speed><mytracks:gradient>0</mytracks:gradient><mytracks:length>0.001382278803128191</mytracks:length></extensions></trkpt><trkpt lat="-33.96249246999555" lon="150.9545507572774"><ele>8.074172064380503</ele><time>2026-08-02T03:37:22.99900Z</time><extensions><mytracks:speed>5.286634036642887</mytracks:speed><mytracks:gradient>0</mytracks:gradient><mytracks:length>0.001467664090033765</mytracks:length></extensions></trkpt><trkpt lat="-33.96248889678673" lon="150.9545356458207"><ele>7.978585388629472</ele><time>2026-08-02T03:37:24.00000Z</time><extensions><mytracks:speed>5.208656771174772</mytracks:speed><mytracks:gradient>0</mytracks:gradient><mytracks:length>0.001449124430949695</mytracks:length></extensions></trkpt><trkpt lat="-33.96248458865396" lon="150.9545197539049"><ele>7.889172008956194</ele><time>2026-08-02T03:37:25.00000Z</time><extensions><mytracks:speed>5.541257597577925</mytracks:speed><mytracks:gradient>0</mytracks:gradient><mytracks:length>0.001539591809659981</mytracks:length></extensions></trkpt><trkpt lat="-33.96247999641282" lon="150.9545046115605"><ele>7.795733611034349</ele><time>2026-08-02T03:37:26.00200Z</time><extensions><mytracks:speed>5.34112045636232</mytracks:speed><mytracks:gradient>0</mytracks:gradient><mytracks:length>0.001485972458013271</mytracks:length></extensions></trkpt><trkpt lat="-33.96247619035306" lon="150.9544921178916"><ele>7.783181226976356</ele><time>2026-08-02T03:37:27.00400Z</time><extensions><mytracks:speed>4.408300336856474</mytracks:speed><mytracks:gradient>0</mytracks:gradient><mytracks:length>0.001226834423865861</mytracks:length></extensions></trkpt><trkpt lat="-33.96247188913612" lon="150.9544814927415"><ele>7.733764720368633</ele><time>2026-08-02T03:37:28.00400Z</time><extensions><mytracks:speed>3.924394717018753</mytracks:speed><mytracks:gradient>0</mytracks:gradient><mytracks:length>0.001090723533066923</mytracks:length></extensions></trkpt><trkpt lat="-33.96246667507322" lon="150.95446946466"><ele>7.692982329129471</ele><time>2026-08-02T03:37:29.00300Z</time><extensions><mytracks:speed>4.513749863286606</mytracks:speed><mytracks:gradient>0</mytracks:gradient><mytracks:length>0.001252282587590172</mytracks:length></extensions></trkpt><trkpt lat="-33.96246250137638" lon="150.9544569291343"><ele>7.743763564496388</ele><time>2026-08-02T03:37:30.00100Z</time><extensions><mytracks:speed>4.505078947674653</mytracks:speed><mytracks:gradient>0</mytracks:gradient><mytracks:length>0.001248678889219179</mytracks:length></extensions></trkpt><trkpt lat="-33.96245963791808" lon="150.9544456171458"><ele>7.772518176794143</ele><time>2026-08-02T03:37:30.99900Z</time><extensions><mytracks:speed>3.934210401662373</mytracks:speed><mytracks:gradient>0</mytracks:gradient><mytracks:length>0.001090723533066923</mytracks:length></extensions></trkpt><trkpt lat="-33.96245555603168" lon="150.9544325976956"><ele>7.777130902009787</ele><time>2026-08-02T03:37:31.99800Z</time><extensions><mytracks:speed>4.627520169249725</mytracks:speed><mytracks:gradient>0</mytracks:gradient><mytracks:length>0.001284260906662108</mytracks:length></extensions></trkpt><trkpt lat="-33.96245074849339" lon="150.954421155199"><ele>7.881721585878693</ele><time>2026-08-02T03:37:32.99900Z</time><extensions><mytracks:speed>4.236553822139035</mytracks:speed><mytracks:gradient>0</mytracks:gradient><mytracks:length>0.001178116065243004</mytracks:length></extensions></trkpt><trkpt lat="-33.96244700871683" lon="150.9544094242332"><ele>8.010195827563766</ele><time>2026-08-02T03:37:34.00000Z</time><extensions><mytracks:speed>4.168972950259758</mytracks:speed><mytracks:gradient>0</mytracks:gradient><mytracks:length>0.001158832994518273</mytracks:length></extensions></trkpt><trkpt lat="-33.96244197399539" lon="150.9543993325719"><ele>8.005029414821283</ele><time>2026-08-02T03:37:35.00100Z</time><extensions><mytracks:speed>3.879201932314626</mytracks:speed><mytracks:gradient>0</mytracks:gradient><mytracks:length>0.001078257711860346</mytracks:length></extensions></trkpt><trkpt lat="-33.96243459176269" lon="150.9543888865335"><ele>7.98950813595599</ele><time>2026-08-02T03:37:36.00000Z</time><extensions><mytracks:speed>4.562757525339731</mytracks:speed><mytracks:gradient>0</mytracks:gradient><mytracks:length>0.001266594853290156</mytracks:length></extensions></trkpt><trkpt lat="-33.9624273168292" lon="150.9543775298632"><ele>7.961135666478279</ele><time>2026-08-02T03:37:37.00000Z</time><extensions><mytracks:speed>4.748368790735295</mytracks:speed><mytracks:gradient>0</mytracks:gradient><mytracks:length>0.001318883309614433</mytracks:length></extensions></trkpt><trkpt lat="-33.96242036766144" lon="150.9543635432792"><ele>7.900632994492124</ele><time>2026-08-02T03:37:38.00000Z</time><extensions><mytracks:speed>5.401632209309372</mytracks:speed><mytracks:gradient>0</mytracks:gradient><mytracks:length>0.001501058859596609</mytracks:length></extensions></trkpt><trkpt lat="-33.9624124115963" lon="150.9543499151286"><ele>7.809117824764689</ele><time>2026-08-02T03:37:39.00100Z</time><extensions><mytracks:speed>5.525908452366088</mytracks:speed><mytracks:gradient>0</mytracks:gradient><mytracks:length>0.001536662041430126</mytracks:length></extensions></trkpt><trkpt lat="-33.96240478153323" lon="150.9543368353328"><ele>7.910177672891047</ele><time>2026-08-02T03:37:40.00100Z</time><extensions><mytracks:speed>5.304638697415533</mytracks:speed><mytracks:gradient>0</mytracks:gradient><mytracks:length>0.001473792150465739</mytracks:length></extensions></trkpt><trkpt lat="-33.96239903183651" lon="150.9543235728029"><ele>8.083657704137758</ele><time>2026-08-02T03:37:41.00000Z</time><extensions><mytracks:speed>4.97356153800894</mytracks:speed><mytracks:gradient>0</mytracks:gradient><mytracks:length>0.001379014858069923</mytracks:length></extensions></trkpt><trkpt lat="-33.9623942638821" lon="150.954309850842"><ele>8.283900418266599</ele><time>2026-08-02T03:37:41.99800Z</time><extensions><mytracks:speed>4.939379797031888</mytracks:speed><mytracks:gradient>0</mytracks:gradient><mytracks:length>0.001369176338671513</mytracks:length></extensions></trkpt><trkpt lat="-33.96239027304038" lon="150.9542970487032"><ele>8.541035571833261</ele><time>2026-08-02T03:37:42.99700Z</time><extensions><mytracks:speed>4.522343208520938</mytracks:speed><mytracks:gradient>0</mytracks:gradient><mytracks:length>0.001255875945299307</mytracks:length></extensions></trkpt><trkpt lat="-33.96238583735878" lon="150.9542848083745"><ele>8.776920980087342</ele><time>2026-08-02T03:37:43.99800Z</time><extensions><mytracks:speed>4.412996136936244</mytracks:speed><mytracks:gradient>0</mytracks:gradient><mytracks:length>0.001226834423865861</mytracks:length></extensions></trkpt><trkpt lat="-33.96238093732553" lon="150.9542725448447"><ele>8.909244544577547</ele><time>2026-08-02T03:37:45.00000Z</time><extensions><mytracks:speed>4.498681102955087</mytracks:speed><mytracks:gradient>0</mytracks:gradient><mytracks:length>0.001252282587590172</mytracks:length></extensions></trkpt><trkpt lat="-33.96237615851735" lon="150.9542609526105"><ele>9.050940066769622</ele><time>2026-08-02T03:37:46.00200Z</time><extensions><mytracks:speed>4.302645233351537</mytracks:speed><mytracks:gradient>0</mytracks:gradient><mytracks:length>0.001197088558621761</mytracks:length></extensions></trkpt><trkpt lat="-33.96237113220227" lon="150.9542518008797"><ele>9.267060652786112</ele><time>2026-08-02T03:37:47.00100Z</time><extensions><mytracks:speed>3.636838173006506</mytracks:speed><mytracks:gradient>0</mytracks:gradient><mytracks:length>0.001009176060154029</mytracks:length></extensions></trkpt><trkpt lat="-33.96236593754023" lon="150.9542430991729"><ele>9.376277134349406</ele><time>2026-08-02T03:37:48.00100Z</time><extensions><mytracks:speed>3.567361154467048</mytracks:speed><mytracks:gradient>0</mytracks:gradient><mytracks:length>0.0009911536092798291</mytracks:length></extensions></trkpt><trkpt lat="-33.96236085399272" lon="150.9542350965175"><ele>9.421433239899311</ele><time>2026-08-02T03:37:49.00100Z</time><extensions><mytracks:speed>3.348988644814106</mytracks:speed><mytracks:gradient>0</mytracks:gradient><mytracks:length>0.0009301721543831611</mytracks:length></extensions></trkpt><trkpt lat="-33.96235512944041" lon="150.9542276961902"><ele>9.418817616374543</ele><time>2026-08-02T03:37:50.00200Z</time><extensions><mytracks:speed>3.346272986925467</mytracks:speed><mytracks:gradient>0</mytracks:gradient><mytracks:length>0.0009301721543831611</mytracks:length></extensions></trkpt><trkpt lat="-33.9623476243673" lon="150.954221965868"><ele>9.313841103674877</ele><time>2026-08-02T03:37:51.00300Z</time><extensions><mytracks:speed>3.545313842764996</mytracks:speed><mytracks:gradient>0</mytracks:gradient><mytracks:length>0.0009865965570528504</mytracks:length></extensions></trkpt><trkpt lat="-33.96233947436732" lon="150.9542164071692"><ele>9.208202233873536</ele><time>2026-08-02T03:37:52.00200Z</time><extensions><mytracks:speed>3.747357797593686</mytracks:speed><mytracks:gradient>0</mytracks:gradient><mytracks:length>0.001039964083989089</mytracks:length></extensions></trkpt><trkpt lat="-33.9623305433578" lon="150.9542109410928"><ele>8.987508256504954</ele><time>2026-08-02T03:37:53.00100Z</time><extensions><mytracks:speed>4.00685115416804</mytracks:speed><mytracks:gradient>0</mytracks:gradient><mytracks:length>0.001111189173626823</mytracks:length></extensions></trkpt><trkpt lat="-33.96232201028548" lon="150.9542060929077"><ele>8.875240148512276</ele><time>2026-08-02T03:37:54.00000Z</time><extensions><mytracks:speed>3.778845405602552</mytracks:speed><mytracks:gradient>0</mytracks:gradient><mytracks:length>0.001048594639308752</mytracks:length></extensions></trkpt><trkpt lat="-33.96231326865117" lon="150.9542028172973"><ele>8.807663377248005</ele><time>2026-08-02T03:37:54.99800Z</time><extensions><mytracks:speed>3.67150936098246</mytracks:speed><mytracks:gradient>0</mytracks:gradient><mytracks:length>0.001018067650987789</mytracks:length></extensions></trkpt><trkpt lat="-33.96230428564248" lon="150.9541973385093"><ele>8.743208630580293</ele><time>2026-08-02T03:37:55.99900Z</time><extensions><mytracks:speed>4.026539475906448</mytracks:speed><mytracks:gradient>0</mytracks:gradient><mytracks:length>0.001119270655911808</mytracks:length></extensions></trkpt><trkpt lat="-33.96229447113434" lon="150.9541916961208"><ele>8.683182485778657</ele><time>2026-08-02T03:37:56.99900Z</time><extensions><mytracks:speed>4.361188135845689</mytracks:speed><mytracks:gradient>0</mytracks:gradient><mytracks:length>0.001212052746534862</mytracks:length></extensions></trkpt><trkpt lat="-33.96228510599737" lon="150.9541874753897"><ele>8.666118985308096</ele><time>2026-08-02T03:37:57.99900Z</time><extensions><mytracks:speed>3.999903379149602</mytracks:speed><mytracks:gradient>0</mytracks:gradient><mytracks:length>0.001111189173626823</mytracks:length></extensions></trkpt><trkpt lat="-33.96227505314045" lon="150.9541835085066"><ele>8.601397147228973</ele><time>2026-08-02T03:37:59.00000Z</time><extensions><mytracks:speed>4.21067212437695</mytracks:speed><mytracks:gradient>0</mytracks:gradient><mytracks:length>0.001170440960315329</mytracks:length></extensions></trkpt><trkpt lat="-33.96226612409205" lon="150.9541786714256"><ele>8.52215207111808</ele><time>2026-08-02T03:37:59.99700Z</time><extensions><mytracks:speed>3.92250869585917</mytracks:speed><mytracks:gradient>0</mytracks:gradient><mytracks:length>0.001086584149887204</mytracks:length></extensions></trkpt><trkpt lat="-33.96225689759751" lon="150.9541753439842"><ele>8.481768639217696</ele><time>2026-08-02T03:38:00.99600Z</time><extensions><mytracks:speed>3.840086489384768</mytracks:speed><mytracks:gradient>0</mytracks:gradient><mytracks:length>0.001065646076700247</mytracks:length></extensions></trkpt><trkpt lat="-33.96224791978938" lon="150.9541725924677"><ele>8.355941619756008</ele><time>2026-08-02T03:38:01.99600Z</time><extensions><mytracks:speed>3.713891902844187</mytracks:speed><mytracks:gradient>0</mytracks:gradient><mytracks:length>0.001031261302671383</mytracks:length></extensions></trkpt><trkpt lat="-33.9622381834799" lon="150.9541700363291"><ele>8.283267364188118</ele><time>2026-08-02T03:38:02.99600Z</time><extensions><mytracks:speed>3.983847206519306</mytracks:speed><mytracks:gradient>0</mytracks:gradient><mytracks:length>0.001107126311125143</mytracks:length></extensions></trkpt><trkpt lat="-33.96222809948696" lon="150.9541678465463"><ele>8.179493098865311</ele><time>2026-08-02T03:38:03.99600Z</time><extensions><mytracks:speed>4.101097316573906</mytracks:speed><mytracks:gradient>0</mytracks:gradient><mytracks:length>0.001139223575592043</mytracks:length></extensions></trkpt><trkpt lat="-33.96221745431234" lon="150.9541641669864"><ele>7.987771403702499</ele><time>2026-08-02T03:38:04.99500Z</time><extensions><mytracks:speed>4.437912983348221</mytracks:speed><mytracks:gradient>0</mytracks:gradient><mytracks:length>0.001230502098487512</mytracks:length></extensions></trkpt><trkpt lat="-33.96220667540956" lon="150.9541602434902"><ele>7.895892808532949</ele><time>2026-08-02T03:38:05.99400Z</time><extensions><mytracks:speed>4.512651098659726</mytracks:speed><mytracks:gradient>0</mytracks:gradient><mytracks:length>0.001252282587590172</mytracks:length></extensions></trkpt><trkpt lat="-33.96219622409657" lon="150.954156826148"><ele>7.760008709477951</ele><time>2026-08-02T03:38:06.99500Z</time><extensions><mytracks:speed>4.33086306247819</mytracks:speed><mytracks:gradient>0</mytracks:gradient><mytracks:length>0.001204593889567316</mytracks:length></extensions></trkpt><trkpt lat="-33.96218522351872" lon="150.9541523754645"><ele>7.554992203392996</ele><time>2026-08-02T03:38:07.99800Z</time><extensions><mytracks:speed>4.645644702403411</mytracks:speed><mytracks:gradient>0</mytracks:gradient><mytracks:length>0.001294744843117849</mytracks:length></extensions></trkpt><trkpt lat="-33.96217487319533" lon="150.9541480535945"><ele>7.450147041100769</ele><time>2026-08-02T03:38:09.00000Z</time><extensions><mytracks:speed>4.368828963598869</mytracks:speed><mytracks:gradient>0</mytracks:gradient><mytracks:length>0.001215765014788054</mytracks:length></extensions></trkpt><trkpt lat="-33.96216370343183" lon="150.9541440633579"><ele>7.488920780613219</ele><time>2026-08-02T03:38:10.00100Z</time><extensions><mytracks:speed>4.657797115592352</mytracks:speed><mytracks:gradient>0</mytracks:gradient><mytracks:length>0.001294744843117849</mytracks:length></extensions></trkpt><trkpt lat="-33.96215330957249" lon="150.9541401854955"><ele>7.596440944824234</ele><time>2026-08-02T03:38:10.99700Z</time><extensions><mytracks:speed>4.378482238237162</mytracks:speed><mytracks:gradient>0</mytracks:gradient><mytracks:length>0.001212052746534862</mytracks:length></extensions></trkpt><trkpt lat="-33.96214186542067" lon="150.9541365781767"><ele>7.815511892901521</ele><time>2026-08-02T03:38:11.99600Z</time><extensions><mytracks:speed>4.742956626367607</mytracks:speed><mytracks:gradient>0</mytracks:gradient><mytracks:length>0.001315462076070468</mytracks:length></extensions></trkpt><trkpt lat="-33.9621301164468" lon="150.9541318268467"><ele>8.185969924059858</ele><time>2026-08-02T03:38:12.99500Z</time><extensions><mytracks:speed>4.968102304003497</mytracks:speed><mytracks:gradient>0</mytracks:gradient><mytracks:length>0.001379014858069923</mytracks:length></extensions></trkpt><trkpt lat="-33.96211737762531" lon="150.9541269422811"><ele>8.399192825674564</ele><time>2026-08-02T03:38:13.99500Z</time><extensions><mytracks:speed>5.361073650686078</mytracks:speed><mytracks:gradient>0</mytracks:gradient><mytracks:length>0.001489001966678989</mytracks:length></extensions></trkpt><trkpt lat="-33.96210525104228" lon="150.9541232716715"><ele>8.592729503030853</ele><time>2026-08-02T03:38:14.99700Z</time><extensions><mytracks:speed>4.999841092865967</mytracks:speed><mytracks:gradient>0</mytracks:gradient><mytracks:length>0.00139202472031828</mytracks:length></extensions></trkpt><trkpt lat="-33.96209287991221" lon="150.954120432407"><ele>8.637819129170683</ele><time>2026-08-02T03:38:15.99900Z</time><extensions><mytracks:speed>5.039609016973613</mytracks:speed><mytracks:gradient>0</mytracks:gradient><mytracks:length>0.001401702876638579</mytracks:length></extensions></trkpt><trkpt lat="-33.9620813822486" lon="150.9541165313428"><ele>8.674456569798121</ele><time>2026-08-02T03:38:17.00000Z</time><extensions><mytracks:speed>4.789363973220579</mytracks:speed><mytracks:gradient>0</mytracks:gradient><mytracks:length>0.001332480404200788</mytracks:length></extensions></trkpt><trkpt lat="-33.96206892876171" lon="150.9541145157442"><ele>8.620812462002004</ele><time>2026-08-02T03:38:18.00100Z</time><extensions><mytracks:speed>5.016634775493936</mytracks:speed><mytracks:gradient>0</mytracks:gradient><mytracks:length>0.001395258231574743</mytracks:length></extensions></trkpt><trkpt lat="-33.96205682138472" lon="150.9541119151383"><ele>8.608715285767504</ele><time>2026-08-02T03:38:19.00100Z</time><extensions><mytracks:speed>4.916871214193273</mytracks:speed><mytracks:gradient>0</mytracks:gradient><mytracks:length>0.001365881083981338</mytracks:length></extensions></trkpt><trkpt lat="-33.96204444751896" lon="150.9541090409909"><ele>8.576094198786514</ele><time>2026-08-02T03:38:19.99900Z</time><extensions><mytracks:speed>5.058675419962132</mytracks:speed><mytracks:gradient>0</mytracks:gradient><mytracks:length>0.001401702876638579</mytracks:length></extensions></trkpt><trkpt lat="-33.96203337714971" lon="150.9541050925911"><ele>8.568012611232477</ele><time>2026-08-02T03:38:20.99900Z</time><extensions><mytracks:speed>4.624048145113167</mytracks:speed><mytracks:gradient>0</mytracks:gradient><mytracks:length>0.001284260906662108</mytracks:length></extensions></trkpt><trkpt lat="-33.9620217062302" lon="150.9541012587151"><ele>8.450748225462315</ele><time>2026-08-02T03:38:21.99800Z</time><extensions><mytracks:speed>4.835457736485787</mytracks:speed><mytracks:gradient>0</mytracks:gradient><mytracks:length>0.001342587859314532</mytracks:length></extensions></trkpt><trkpt lat="-33.96200570805767" lon="150.9540951823112"><ele>8.454234309816711</ele><time>2026-08-02T03:38:23.50100Z</time><extensions><mytracks:speed>4.467938491323908</mytracks:speed><mytracks:gradient>0</mytracks:gradient><mytracks:length>0.001865182663644248</mytracks:length></extensions></trkpt><trkpt lat="-33.96199517590158" lon="150.954092678634"><ele>8.448165413485796</ele><time>2026-08-02T03:38:24.50200Z</time><extensions><mytracks:speed>4.292176548272812</mytracks:speed><mytracks:gradient>0</mytracks:gradient><mytracks:length>0.001193318191591511</mytracks:length></extensions></trkpt><trkpt lat="-33.96198288102069" lon="150.9540921233958"><ele>8.556589729800125</ele><time>2026-08-02T03:38:25.50200Z</time><extensions><mytracks:speed>4.927889878677425</mytracks:speed><mytracks:gradient>0</mytracks:gradient><mytracks:length>0.001369176338671513</mytracks:length></extensions></trkpt><trkpt lat="-33.96197156039445" lon="150.954092890283"><ele>8.703072781646082</ele><time>2026-08-02T03:38:26.50100Z</time><extensions><mytracks:speed>4.563428724830622</mytracks:speed><mytracks:gradient>0</mytracks:gradient><mytracks:length>0.001266594853290156</mytracks:length></extensions></trkpt><trkpt lat="-33.96196176425729" lon="150.9540933419486"><ele>8.639451524177925</ele><time>2026-08-02T03:38:27.50000Z</time><extensions><mytracks:speed>3.931684886392122</mytracks:speed><mytracks:gradient>0</mytracks:gradient><mytracks:length>0.001090723533066923</mytracks:length></extensions></trkpt><trkpt lat="-33.96194000749654" lon="150.9540889705587"><ele>8.47658048288161</ele><time>2026-08-02T03:38:29.50000Z</time><extensions><mytracks:speed>4.412978312332534</mytracks:speed><mytracks:gradient>0</mytracks:gradient><mytracks:length>0.002451831581395687</mytracks:length></extensions></trkpt><trkpt lat="-33.96192998677872" lon="150.9540832831372"><ele>8.473261266204664</ele><time>2026-08-02T03:38:30.50000Z</time><extensions><mytracks:speed>4.418483804998352</mytracks:speed><mytracks:gradient>0</mytracks:gradient><mytracks:length>0.001226834423865861</mytracks:length></extensions></trkpt><trkpt lat="-33.96191142127767" lon="150.9540685405875"><ele>8.583339659191118</ele><time>2026-08-02T03:38:32.49600Z</time><extensions><mytracks:speed>4.455544240288499</mytracks:speed><mytracks:gradient>0</mytracks:gradient><mytracks:length>0.002470142751244999</mytracks:length></extensions></trkpt><trkpt lat="-33.96190202305284" lon="150.9540592970771"><ele>8.683746068916864</ele><time>2026-08-02T03:38:33.49300Z</time><extensions><mytracks:speed>4.871735493505074</mytracks:speed><mytracks:gradient>0</mytracks:gradient><mytracks:length>0.0013492840996538</mytracks:length></extensions></trkpt><trkpt lat="-33.9618817354375" lon="150.9540418527131"><ele>9.022107675539509</ele><time>2026-08-02T03:38:35.49700Z</time><extensions><mytracks:speed>4.974498099546969</mytracks:speed><mytracks:gradient>0</mytracks:gradient><mytracks:length>0.002769443426161616</mytracks:length></extensions></trkpt><trkpt lat="-33.96187300037607" lon="150.954033883257"><ele>9.366696818984884</ele><time>2026-08-02T03:38:36.50000Z</time><extensions><mytracks:speed>4.375011751287532</mytracks:speed><mytracks:gradient>0</mytracks:gradient><mytracks:length>0.00121946598229819</mytracks:length></extensions></trkpt><trkpt lat="-33.96186134140676" lon="150.9540249571506"><ele>9.636770503287591</ele><time>2026-08-02T03:38:38.00200Z</time><extensions><mytracks:speed>3.690923134656637</mytracks:speed><mytracks:gradient>0</mytracks:gradient><mytracks:length>0.001539591809659981</mytracks:length></extensions></trkpt><trkpt lat="-33.9618535523817" lon="150.9540197302957"><ele>9.761481433307939</ele><time>2026-08-02T03:38:39.00100Z</time><extensions><mytracks:speed>3.589980431945626</mytracks:speed><mytracks:gradient>0</mytracks:gradient><mytracks:length>0.0009956898051041428</mytracks:length></extensions></trkpt><trkpt lat="-33.9618460449541" lon="150.9540153494171"><ele>9.887945079054635</ele><time>2026-08-02T03:38:39.99900Z</time><extensions><mytracks:speed>3.354539761414162</mytracks:speed><mytracks:gradient>0</mytracks:gradient><mytracks:length>0.0009301721543831611</mytracks:length></extensions></trkpt><trkpt lat="-33.96183808902835" lon="150.9540126756604"><ele>9.905953768177453</ele><time>2026-08-02T03:38:40.99900Z</time><extensions><mytracks:speed>3.296677318506732</mytracks:speed><mytracks:gradient>0</mytracks:gradient><mytracks:length>0.0009155228584749426</mytracks:length></extensions></trkpt><trkpt lat="-33.96182951559666" lon="150.9540104732856"><ele>9.929975530866441</ele><time>2026-08-02T03:38:42.00100Z</time><extensions><mytracks:speed>3.478009111592512</mytracks:speed><mytracks:gradient>0</mytracks:gradient><mytracks:length>0.0009681538737147947</mytracks:length></extensions></trkpt><trkpt lat="-33.96182170305431" lon="150.9540096198595"><ele>10.06145192121031</ele><time>2026-08-02T03:38:43.00300Z</time><extensions><mytracks:speed>3.144762366492716</mytracks:speed><mytracks:gradient>0</mytracks:gradient><mytracks:length>0.0008752602001639161</mytracks:length></extensions></trkpt><trkpt lat="-33.96181452020561" lon="150.9540106811351"><ele>10.24084674295277</ele><time>2026-08-02T03:38:44.00200Z</time><extensions><mytracks:speed>2.921346635359411</mytracks:speed><mytracks:gradient>0</mytracks:gradient><mytracks:length>0.0008111275413843697</mytracks:length></extensions></trkpt><trkpt lat="-33.96180608955466" lon="150.9540129555418"><ele>10.31871457343943</ele><time>2026-08-02T03:38:45.00100Z</time><extensions><mytracks:speed>3.474570747043788</mytracks:speed><mytracks:gradient>0</mytracks:gradient><mytracks:length>0.0009634880447566896</mytracks:length></extensions></trkpt><trkpt lat="-33.96179733035271" lon="150.9540160536571"><ele>10.57291960688787</ele><time>2026-08-02T03:38:45.99800Z</time><extensions><mytracks:speed>3.675576540742572</mytracks:speed><mytracks:gradient>0</mytracks:gradient><mytracks:length>0.001018067650987789</mytracks:length></extensions></trkpt><trkpt lat="-33.9617884437809" lon="150.9540202381609"><ele>10.77857276596104</ele><time>2026-08-02T03:38:46.99600Z</time><extensions><mytracks:speed>3.812460645980754</mytracks:speed><mytracks:gradient>0</mytracks:gradient><mytracks:length>0.001057154737579528</mytracks:length></extensions></trkpt><trkpt lat="-33.961779135714" lon="150.9540275719318"><ele>10.88298315217786</ele><time>2026-08-02T03:38:47.99600Z</time><extensions><mytracks:speed>4.441021594577507</mytracks:speed><mytracks:gradient>0</mytracks:gradient><mytracks:length>0.001234158873558046</mytracks:length></extensions></trkpt><trkpt lat="-33.96176920680254" lon="150.954034038493"><ele>10.91370063238692</ele><time>2026-08-02T03:38:48.99900Z</time><extensions><mytracks:speed>4.522754065589812</mytracks:speed><mytracks:gradient>0</mytracks:gradient><mytracks:length>0.001259459050855296</mytracks:length></extensions></trkpt><trkpt lat="-33.96175975852729" lon="150.95403983867"><ele>10.97756728373537</ele><time>2026-08-02T03:38:50.00100Z</time><extensions><mytracks:speed>4.232441251730881</mytracks:speed><mytracks:gradient>0</mytracks:gradient><mytracks:length>0.001178116065243004</mytracks:length></extensions></trkpt><trkpt lat="-33.96175084113433" lon="150.9540440295941"><ele>10.90331638753031</ele><time>2026-08-02T03:38:51.00000Z</time><extensions><mytracks:speed>3.82624402301814</mytracks:speed><mytracks:gradient>0</mytracks:gradient><mytracks:length>0.001061408898580907</mytracks:length></extensions></trkpt><trkpt lat="-33.96174091117435" lon="150.9540486259465"><ele>10.81796533749315</ele><time>2026-08-02T03:38:51.99900Z</time><extensions><mytracks:speed>4.256712855674736</mytracks:speed><mytracks:gradient>0</mytracks:gradient><mytracks:length>0.001181934927981888</mytracks:length></extensions></trkpt><trkpt lat="-33.96173153208829" lon="150.9540517668482"><ele>10.8003255542858</ele><time>2026-08-02T03:38:52.99900Z</time><extensions><mytracks:speed>3.898741274015215</mytracks:speed><mytracks:gradient>0</mytracks:gradient><mytracks:length>0.001082428937153014</mytracks:length></extensions></trkpt><trkpt lat="-33.96172213723732" lon="150.9540553057684"><ele>10.77041987396972</ele><time>2026-08-02T03:38:54.00000Z</time><extensions><mytracks:speed>3.937470259721195</mytracks:speed><mytracks:gradient>0</mytracks:gradient><mytracks:length>0.001094847266236659</mytracks:length></extensions></trkpt><trkpt lat="-33.96171265487276" lon="150.9540604303461"><ele>10.65400198918439</ele><time>2026-08-02T03:38:55.00100Z</time><extensions><mytracks:speed>4.152671560765976</mytracks:speed><mytracks:gradient>0</mytracks:gradient><mytracks:length>0.001154937746540606</mytracks:length></extensions></trkpt><trkpt lat="-33.96170238759605" lon="150.9540662324215"><ele>10.53929724339246</ele><time>2026-08-02T03:38:55.99900Z</time><extensions><mytracks:speed>4.567323725085568</mytracks:speed><mytracks:gradient>0</mytracks:gradient><mytracks:length>0.001266594853290156</mytracks:length></extensions></trkpt><trkpt lat="-33.96169106079763" lon="150.9540726674283"><ele>10.47101347619497</ele><time>2026-08-02T03:38:57.00000Z</time><extensions><mytracks:speed>5.008893401371071</mytracks:speed><mytracks:gradient>0</mytracks:gradient><mytracks:length>0.00139202472031828</mytracks:length></extensions></trkpt><trkpt lat="-33.96168074387304" lon="150.9540779759696"><ele>10.48835540493089</ele><time>2026-08-02T03:38:58.00000Z</time><extensions><mytracks:speed>4.469115137289049</mytracks:speed><mytracks:gradient>0</mytracks:gradient><mytracks:length>0.001241440110026196</mytracks:length></extensions></trkpt><trkpt lat="-33.9616709968432" lon="150.9540822289138"><ele>10.58311798544779</ele><time>2026-08-02T03:38:59.00000Z</time><extensions><mytracks:speed>4.130262284706752</mytracks:speed><mytracks:gradient>0</mytracks:gradient><mytracks:length>0.00114710756984012</mytracks:length></extensions></trkpt><trkpt lat="-33.96166108022926" lon="150.9540861316608"><ele>10.84611843787218</ele><time>2026-08-02T03:39:00.00100Z</time><extensions><mytracks:speed>4.167240880423772</mytracks:speed><mytracks:gradient>0</mytracks:gradient><mytracks:length>0.001158832994518273</mytracks:length></extensions></trkpt><trkpt lat="-33.96165112224127" lon="150.9540904135122"><ele>11.03478612910446</ele><time>2026-08-02T03:39:01.00000Z</time><extensions><mytracks:speed>4.243497259381332</mytracks:speed><mytracks:gradient>0</mytracks:gradient><mytracks:length>0.001178116065243004</mytracks:length></extensions></trkpt><trkpt lat="-33.96164259375863" lon="150.9540952450732"><ele>11.14023253361233</ele><time>2026-08-02T03:39:02.00100Z</time><extensions><mytracks:speed>3.771433001511962</mytracks:speed><mytracks:gradient>0</mytracks:gradient><mytracks:length>0.001048594639308752</mytracks:length></extensions></trkpt><trkpt lat="-33.96163284246787" lon="150.9541009129358"><ele>11.11780153105302</ele><time>2026-08-02T03:39:03.00100Z</time><extensions><mytracks:speed>4.324896795332035</mytracks:speed><mytracks:gradient>0</mytracks:gradient><mytracks:length>0.001200847087677287</mytracks:length></extensions></trkpt><trkpt lat="-33.96162130729567" lon="150.9541069804472"><ele>11.06879853782978</ele><time>2026-08-02T03:39:03.99900Z</time><extensions><mytracks:speed>5.044809656845855</mytracks:speed><mytracks:gradient>0</mytracks:gradient><mytracks:length>0.001398484266474591</mytracks:length></extensions></trkpt><trkpt lat="-33.96161031799448" lon="150.954112411884"><ele>10.91715006950593</ele><time>2026-08-02T03:39:04.99800Z</time><extensions><mytracks:speed>4.749475766483335</mytracks:speed><mytracks:gradient>0</mytracks:gradient><mytracks:length>0.001318883309614433</mytracks:length></extensions></trkpt><trkpt lat="-33.96160103631095" lon="150.9541186650862"><ele>10.84592547209935</ele><time>2026-08-02T03:39:05.99800Z</time><extensions><mytracks:speed>4.240686018190671</mytracks:speed><mytracks:gradient>0</mytracks:gradient><mytracks:length>0.001178116065243004</mytracks:length></extensions></trkpt><trkpt lat="-33.96159272688731" lon="150.9541232968856"><ele>10.78828674949747</ele><time>2026-08-02T03:39:06.99800Z</time><extensions><mytracks:speed>3.667662487998685</mytracks:speed><mytracks:gradient>0</mytracks:gradient><mytracks:length>0.001018067650987789</mytracks:length></extensions></trkpt><trkpt lat="-33.96158422676991" lon="150.9541282715667"><ele>10.70428191999104</ele><time>2026-08-02T03:39:07.99600Z</time><extensions><mytracks:speed>3.795886729080283</mytracks:speed><mytracks:gradient>0</mytracks:gradient><mytracks:length>0.001052883387838818</mytracks:length></extensions></trkpt><trkpt lat="-33.9615759044643" lon="150.9541339654334"><ele>10.65158379873621</ele><time>2026-08-02T03:39:08.99500Z</time><extensions><mytracks:speed>3.841757437974102</mytracks:speed><mytracks:gradient>0</mytracks:gradient><mytracks:length>0.001065646076700247</mytracks:length></extensions></trkpt><trkpt lat="-33.96156625180993" lon="150.954139339578"><ele>10.60824421858867</ele><time>2026-08-02T03:39:09.99600Z</time><extensions><mytracks:speed>4.24989086337988</mytracks:speed><mytracks:gradient>0</mytracks:gradient><mytracks:length>0.001181934927981888</mytracks:length></extensions></trkpt><trkpt lat="-33.96155550892412" lon="150.9541421618296"><ele>10.56352046432355</ele><time>2026-08-02T03:39:10.99800Z</time><extensions><mytracks:speed>4.395045932012037</mytracks:speed><mytracks:gradient>0</mytracks:gradient><mytracks:length>0.001223155751645057</mytracks:length></extensions></trkpt><trkpt lat="-33.9615462486978" lon="150.954143669262"><ele>10.5703412546812</ele><time>2026-08-02T03:39:11.99800Z</time><extensions><mytracks:speed>3.743854189179392</mytracks:speed><mytracks:gradient>0</mytracks:gradient><mytracks:length>0.001039964083989089</mytracks:length></extensions></trkpt><trkpt lat="-33.96153695533731" lon="150.9541449122506"><ele>10.61548738340285</ele><time>2026-08-02T03:39:12.99800Z</time><extensions><mytracks:speed>3.758606198656002</mytracks:speed><mytracks:gradient>0</mytracks:gradient><mytracks:length>0.001044288277626039</mytracks:length></extensions></trkpt><trkpt lat="-33.96152733491729" lon="150.9541450545848"><ele>10.58896028182796</ele><time>2026-08-02T03:39:13.99700Z</time><extensions><mytracks:speed>3.854328975558432</mytracks:speed><mytracks:gradient>0</mytracks:gradient><mytracks:length>0.001069866473718343</mytracks:length></extensions></trkpt><trkpt lat="-33.96151855746441" lon="150.9541458930012"><ele>10.56733164102273</ele><time>2026-08-02T03:39:14.99600Z</time><extensions><mytracks:speed>3.524031688012669</mytracks:speed><mytracks:gradient>0</mytracks:gradient><mytracks:length>0.0009774187151823676</mytracks:length></extensions></trkpt><trkpt lat="-33.96150981472709" lon="150.9541475666881"><ele>10.54346302709092</ele><time>2026-08-02T03:39:15.99300Z</time><extensions><mytracks:speed>3.546356315853249</mytracks:speed><mytracks:gradient>0</mytracks:gradient><mytracks:length>0.0009820183580710924</mytracks:length></extensions></trkpt><trkpt lat="-33.9614984028558" lon="150.9541492171153"><ele>10.51908944436175</ele><time>2026-08-02T03:39:16.98900Z</time><extensions><mytracks:speed>4.614751950009857</mytracks:speed><mytracks:gradient>0</mytracks:gradient><mytracks:length>0.001277223807631534</mytracks:length></extensions></trkpt><trkpt lat="-33.96148768476355" lon="150.9541511009895"><ele>10.42534502139462</ele><time>2026-08-02T03:39:17.99000Z</time><extensions><mytracks:speed>4.346968745673911</mytracks:speed><mytracks:gradient>0</mytracks:gradient><mytracks:length>0.001208329073383078</mytracks:length></extensions></trkpt><trkpt lat="-33.96147747908923" lon="150.9541537204694"><ele>10.37496370151237</ele><time>2026-08-02T03:39:18.99200Z</time><extensions><mytracks:speed>4.188594742521135</mytracks:speed><mytracks:gradient>0</mytracks:gradient><mytracks:length>0.001166584472202496</mytracks:length></extensions></trkpt><trkpt lat="-33.96146720475949" lon="150.9541547088716"><ele>10.39277159266857</ele><time>2026-08-02T03:39:19.99600Z</time><extensions><mytracks:speed>4.114558038846101</mytracks:speed><mytracks:gradient>0</mytracks:gradient><mytracks:length>0.00114710756984012</mytracks:length></extensions></trkpt><trkpt lat="-33.96145457332718" lon="150.9541565966431"><ele>10.25160056574122</ele><time>2026-08-02T03:39:20.99700Z</time><extensions><mytracks:speed>5.086616668739567</mytracks:speed><mytracks:gradient>0</mytracks:gradient><mytracks:length>0.001414504081852167</mytracks:length></extensions></trkpt><trkpt lat="-33.96144236742703" lon="150.9541582422766"><ele>10.12108043616427</ele><time>2026-08-02T03:39:21.99800Z</time><extensions><mytracks:speed>4.913790840691544</mytracks:speed><mytracks:gradient>0</mytracks:gradient><mytracks:length>0.001365881083981338</mytracks:length></extensions></trkpt><trkpt lat="-33.96142891029473" lon="150.9541584088903"><ele>10.08934809090644</ele><time>2026-08-02T03:39:22.99800Z</time><extensions><mytracks:speed>5.394318130299236</mytracks:speed><mytracks:gradient>0</mytracks:gradient><mytracks:length>0.001498053733740409</mytracks:length></extensions></trkpt><trkpt lat="-33.96141483952658" lon="150.9541565502376"><ele>10.06908657144806</ele><time>2026-08-02T03:39:23.99600Z</time><extensions><mytracks:speed>5.687864938603668</mytracks:speed><mytracks:gradient>0</mytracks:gradient><mytracks:length>0.001577183623035288</mytracks:length></extensions></trkpt><trkpt lat="-33.96140104940431" lon="150.9541552050257"><ele>9.945876231507709</ele><time>2026-08-02T03:39:24.99800Z</time><extensions><mytracks:speed>5.539686231794462</mytracks:speed><mytracks:gradient>0</mytracks:gradient><mytracks:length>0.001542516013262744</mytracks:length></extensions></trkpt><trkpt lat="-33.96139079276185" lon="150.9541526665439"><ele>10.02335378284259</ele><time>2026-08-02T03:39:26.00100Z</time><extensions><mytracks:speed>4.189864027392081</mytracks:speed><mytracks:gradient>0</mytracks:gradient><mytracks:length>0.001166584472202496</mytracks:length></extensions></trkpt><trkpt lat="-33.96138005516727" lon="150.9541504867066"><ele>10.05196896279117</ele><time>2026-08-02T03:39:27.00200Z</time><extensions><mytracks:speed>4.358854679343013</mytracks:speed><mytracks:gradient>0</mytracks:gradient><mytracks:length>0.001212052746534862</mytracks:length></extensions></trkpt><trkpt lat="-33.96136990931552" lon="150.9541483431286"><ele>9.964338399193574</ele><time>2026-08-02T03:39:28.00100Z</time><extensions><mytracks:speed>4.118586328305427</mytracks:speed><mytracks:gradient>0</mytracks:gradient><mytracks:length>0.00114317236932346</mytracks:length></extensions></trkpt><trkpt lat="-33.96136182024886" lon="150.9541474263248"><ele>9.899076258137397</ele><time>2026-08-02T03:39:29.00000Z</time><extensions><mytracks:speed>3.24521218094341</mytracks:speed><mytracks:gradient>0</mytracks:gradient><mytracks:length>0.0009006353157579643</mytracks:length></extensions></trkpt><trkpt lat="-33.96135209601247" lon="150.9541458705251"><ele>9.923999768495475</ele><time>2026-08-02T03:39:30.00200Z</time><extensions><mytracks:speed>3.919250349906274</mytracks:speed><mytracks:gradient>0</mytracks:gradient><mytracks:length>0.001090723533066923</mytracks:length></extensions></trkpt><trkpt lat="-33.96134128547745" lon="150.9541438038504"><ele>9.934445271678698</ele><time>2026-08-02T03:39:31.00400Z</time><extensions><mytracks:speed>4.365459739243444</mytracks:speed><mytracks:gradient>0</mytracks:gradient><mytracks:length>0.001215765014788054</mytracks:length></extensions></trkpt><trkpt lat="-33.96133097024109" lon="150.9541415459113"><ele>10.06422781283687</ele><time>2026-08-02T03:39:32.00400Z</time><extensions><mytracks:speed>4.214302349551591</mytracks:speed><mytracks:gradient>0</mytracks:gradient><mytracks:length>0.001170440960315329</mytracks:length></extensions></trkpt><trkpt lat="-33.96131957678862" lon="150.9541396038035"><ele>10.27075141568351</ele><time>2026-08-02T03:39:33.00200Z</time><extensions><mytracks:speed>4.636097002000934</mytracks:speed><mytracks:gradient>0</mytracks:gradient><mytracks:length>0.001284260906662108</mytracks:length></extensions></trkpt><trkpt lat="-33.96130758301092" lon="150.9541353578978"><ele>10.42924406457322</ele><time>2026-08-02T03:39:34.00000Z</time><extensions><mytracks:speed>5.020971079635508</mytracks:speed><mytracks:gradient>0</mytracks:gradient><mytracks:length>0.00139202472031828</mytracks:length></extensions></trkpt><trkpt lat="-33.96129718688427" lon="150.9541314175554"><ele>10.49991447107153</ele><time>2026-08-02T03:39:34.99900Z</time><extensions><mytracks:speed>4.36587713294433</mytracks:speed><mytracks:gradient>0</mytracks:gradient><mytracks:length>0.001212052746534862</mytracks:length></extensions></trkpt><trkpt lat="-33.9612857692975" lon="150.9541271901878"><ele>10.57714162042051</ele><time>2026-08-02T03:39:36.00000Z</time><extensions><mytracks:speed>4.769390954092369</mytracks:speed><mytracks:gradient>0</mytracks:gradient><mytracks:length>0.001325699289424003</mytracks:length></extensions></trkpt><trkpt lat="-33.9612737495239" lon="150.9541230418004"><ele>10.56685972897566</ele><time>2026-08-02T03:39:37.00200Z</time><extensions><mytracks:speed>5.001560863395657</mytracks:speed><mytracks:gradient>0</mytracks:gradient><mytracks:length>0.00139202472031828</mytracks:length></extensions></trkpt><trkpt lat="-33.96126187902527" lon="150.9541190039829"><ele>10.48774309505459</ele><time>2026-08-02T03:39:38.00300Z</time><extensions><mytracks:speed>4.924833045799402</mytracks:speed><mytracks:gradient>0</mytracks:gradient><mytracks:length>0.001369176338671513</mytracks:length></extensions></trkpt><trkpt lat="-33.96124930916048" lon="150.9541164877268"><ele>10.4553356144869</ele><time>2026-08-02T03:39:39.00300Z</time><extensions><mytracks:speed>5.099991347881882</mytracks:speed><mytracks:gradient>0</mytracks:gradient><mytracks:length>0.001417686322278782</mytracks:length></extensions></trkpt><trkpt lat="-33.96123659030032" lon="150.9541135516766"><ele>10.43304952194308</ele><time>2026-08-02T03:39:40.00200Z</time><extensions><mytracks:speed>5.18736856286564</mytracks:speed><mytracks:gradient>0</mytracks:gradient><mytracks:length>0.001439765079440252</mytracks:length></extensions></trkpt><trkpt lat="-33.9612252937829" lon="150.9541111032583"><ele>10.54888402949132</ele><time>2026-08-02T03:39:41.00100Z</time><extensions><mytracks:speed>4.619451227896691</mytracks:speed><mytracks:gradient>0</mytracks:gradient><mytracks:length>0.001280747190346591</mytracks:length></extensions></trkpt><trkpt lat="-33.9612140651322" lon="150.9541093496853"><ele>10.62931268379794</ele><time>2026-08-02T03:39:41.99900Z</time><extensions><mytracks:speed>4.542723096649429</mytracks:speed><mytracks:gradient>0</mytracks:gradient><mytracks:length>0.001259459050855296</mytracks:length></extensions></trkpt><trkpt lat="-33.96120322952982" lon="150.9541069781559"><ele>10.70950536816752</ele><time>2026-08-02T03:39:42.99500Z</time><extensions><mytracks:speed>4.431028021330601</mytracks:speed><mytracks:gradient>0</mytracks:gradient><mytracks:length>0.001226834423865861</mytracks:length></extensions></trkpt><trkpt lat="-33.96119173053075" lon="150.9541059697241"><ele>10.78800507106545</ele><time>2026-08-02T03:39:43.99500Z</time><extensions><mytracks:speed>4.626683272987721</mytracks:speed><mytracks:gradient>0</mytracks:gradient><mytracks:length>0.001284260906662108</mytracks:length></extensions></trkpt><trkpt lat="-33.96118064522991" lon="150.954105008051"><ele>10.88543139457493</ele><time>2026-08-02T03:39:44.99500Z</time><extensions><mytracks:speed>4.441972732240477</mytracks:speed><mytracks:gradient>0</mytracks:gradient><mytracks:length>0.001234158873558046</mytracks:length></extensions></trkpt><trkpt lat="-33.96116903013583" lon="150.9541038929415"><ele>10.83521628320274</ele><time>2026-08-02T03:39:45.99500Z</time><extensions><mytracks:speed>4.661425960095992</mytracks:speed><mytracks:gradient>0</mytracks:gradient><mytracks:length>0.001294744843117849</mytracks:length></extensions></trkpt><trkpt lat="-33.96115676750791" lon="150.9541023711668"><ele>10.92709106635173</ele><time>2026-08-02T03:39:46.99400Z</time><extensions><mytracks:speed>4.931522741437886</mytracks:speed><mytracks:gradient>0</mytracks:gradient><mytracks:length>0.001369176338671513</mytracks:length></extensions></trkpt><trkpt lat="-33.96114639502628" lon="150.9541004256724"><ele>11.09272511233014</ele><time>2026-08-02T03:39:47.99200Z</time><extensions><mytracks:speed>4.208169995204946</mytracks:speed><mytracks:gradient>0</mytracks:gradient><mytracks:length>0.001166584472202496</mytracks:length></extensions></trkpt><trkpt lat="-33.96113757335983" lon="150.9540968349124"><ele>11.23110986090156</ele><time>2026-08-02T03:39:48.99400Z</time><extensions><mytracks:speed>3.722831394594092</mytracks:speed><mytracks:gradient>0</mytracks:gradient><mytracks:length>0.001035621835028294</mytracks:length></extensions></trkpt><trkpt lat="-33.96112752408959" lon="150.9540939762526"><ele>11.30184008083007</ele><time>2026-08-02T03:39:49.99800Z</time><extensions><mytracks:speed>4.113505630118521</mytracks:speed><mytracks:gradient>0</mytracks:gradient><mytracks:length>0.00114710756984012</mytracks:length></extensions></trkpt><trkpt lat="-33.96111778794909" lon="150.9540919498477"><ele>11.36793684782999</ele><time>2026-08-02T03:39:51.00200Z</time><extensions><mytracks:speed>3.925113548797222</mytracks:speed><mytracks:gradient>0</mytracks:gradient><mytracks:length>0.001094847266236659</mytracks:length></extensions></trkpt><trkpt lat="-33.96110910821808" lon="150.9540908713823"><ele>11.41531721662496</ele><time>2026-08-02T03:39:52.00400Z</time><extensions><mytracks:speed>3.494112548616717</mytracks:speed><mytracks:gradient>0</mytracks:gradient><mytracks:length>0.0009727973242093424</mytracks:length></extensions></trkpt><trkpt lat="-33.96109839263044" lon="150.9540914009751"><ele>11.42280324152068</ele><time>2026-08-02T03:39:53.00400Z</time><extensions><mytracks:speed>4.309308703800066</mytracks:speed><mytracks:gradient>0</mytracks:gradient><mytracks:length>0.001197088558621761</mytracks:length></extensions></trkpt><trkpt lat="-33.96108624420253" lon="150.9540916032525"><ele>11.43951482801643</ele><time>2026-08-02T03:39:54.00400Z</time><extensions><mytracks:speed>4.869198476851746</mytracks:speed><mytracks:gradient>0</mytracks:gradient><mytracks:length>0.001352619788550522</mytracks:length></extensions></trkpt><trkpt lat="-33.96107427990643" lon="150.9540920203794"><ele>11.55514168610872</ele><time>2026-08-02T03:39:55.00500Z</time><extensions><mytracks:speed>4.794494659355904</mytracks:speed><mytracks:gradient>0</mytracks:gradient><mytracks:length>0.001332480404200788</mytracks:length></extensions></trkpt><trkpt lat="-33.96106204002999" lon="150.9540920489527"><ele>11.67268150332756</ele><time>2026-08-02T03:39:56.00500Z</time><extensions><mytracks:speed>4.901913250864706</mytracks:speed><mytracks:gradient>0</mytracks:gradient><mytracks:length>0.001362577860079247</mytracks:length></extensions></trkpt><trkpt lat="-33.96104907909688" lon="150.9540905380998"><ele>11.80699067838847</ele><time>2026-08-02T03:39:57.00500Z</time><extensions><mytracks:speed>5.207420096124249</mytracks:speed><mytracks:gradient>0</mytracks:gradient><mytracks:length>0.001446011378093334</mytracks:length></extensions></trkpt><trkpt lat="-33.96103592475782" lon="150.9540871809921"><ele>11.83554652761894</ele><time>2026-08-02T03:39:58.00500Z</time><extensions><mytracks:speed>5.37377927406689</mytracks:speed><mytracks:gradient>0</mytracks:gradient><mytracks:length>0.001492025324039036</mytracks:length></extensions></trkpt><trkpt lat="-33.96102261372695" lon="150.9540856581833"><ele>11.82872876004433</ele><time>2026-08-02T03:39:59.00400Z</time><extensions><mytracks:speed>5.362759670079072</mytracks:speed><mytracks:gradient>0</mytracks:gradient><mytracks:length>0.001489001966678989</mytracks:length></extensions></trkpt><trkpt lat="-33.96100881527166" lon="150.954084073308"><ele>11.70740835315216</ele><time>2026-08-02T03:40:00.00200Z</time><extensions><mytracks:speed>5.564453735771513</mytracks:speed><mytracks:gradient>0</mytracks:gradient><mytracks:length>0.001542516013262744</mytracks:length></extensions></trkpt><trkpt lat="-33.96099463043133" lon="150.9540814101825"><ele>11.64118128731841</ele><time>2026-08-02T03:40:01.00000Z</time><extensions><mytracks:speed>5.748941117457202</mytracks:speed><mytracks:gradient>0</mytracks:gradient><mytracks:length>0.00159423475234047</mytracks:length></extensions></trkpt><trkpt lat="-33.96098100368568" lon="150.9540788044391"><ele>11.40818034587284</ele><time>2026-08-02T03:40:01.99900Z</time><extensions><mytracks:speed>5.517894378230586</mytracks:speed><mytracks:gradient>0</mytracks:gradient><mytracks:length>0.001530785683226889</mytracks:length></extensions></trkpt><trkpt lat="-33.96096725125454" lon="150.9540763246602"><ele>11.14065434428491</ele><time>2026-08-02T03:40:02.99700Z</time><extensions><mytracks:speed>5.573708834739701</mytracks:speed><mytracks:gradient>0</mytracks:gradient><mytracks:length>0.001545434683825843</mytracks:length></extensions></trkpt><trkpt lat="-33.96095459235852" lon="150.9540726975106"><ele>10.8726612772535</ele><time>2026-08-02T03:40:03.99600Z</time><extensions><mytracks:speed>5.211579046755079</mytracks:speed><mytracks:gradient>0</mytracks:gradient><mytracks:length>0.001446011378093334</mytracks:length></extensions></trkpt><trkpt lat="-33.96094243984876" lon="150.9540697844621"><ele>10.76696734021599</ele><time>2026-08-02T03:40:04.99600Z</time><extensions><mytracks:speed>4.967151828380719</mytracks:speed><mytracks:gradient>0</mytracks:gradient><mytracks:length>0.001379014858069923</mytracks:length></extensions></trkpt><trkpt lat="-33.96092985524422" lon="150.9540680632802"><ele>10.66324525622628</ele><time>2026-08-02T03:40:05.99500Z</time><extensions><mytracks:speed>5.070808047227096</mytracks:speed><mytracks:gradient>0</mytracks:gradient><mytracks:length>0.001408118026294904</mytracks:length></extensions></trkpt><trkpt lat="-33.96091740328184" lon="150.9540670027091"><ele>10.63381328256611</ele><time>2026-08-02T03:40:06.99600Z</time><extensions><mytracks:speed>4.984750061852023</mytracks:speed><mytracks:gradient>0</mytracks:gradient><mytracks:length>0.00138553505923791</mytracks:length></extensions></trkpt><trkpt lat="-33.96090493433829" lon="150.9540677753005"><ele>10.66573014414643</ele><time>2026-08-02T03:40:07.99800Z</time><extensions><mytracks:speed>4.990978106688034</mytracks:speed><mytracks:gradient>0</mytracks:gradient><mytracks:length>0.001388783680483499</mytracks:length></extensions></trkpt><trkpt lat="-33.96089177046577" lon="150.9540699253851"><ele>10.61915607703184</ele><time>2026-08-02T03:40:08.99900Z</time><extensions><mytracks:speed>5.306950218582207</mytracks:speed><mytracks:gradient>0</mytracks:gradient><mytracks:length>0.001476846645245986</mytracks:length></extensions></trkpt><trkpt lat="-33.96087824123487" lon="150.9540711560646"><ele>10.48328178091237</ele><time>2026-08-02T03:40:10.00200Z</time><extensions><mytracks:speed>5.422752837893391</mytracks:speed><mytracks:gradient>0</mytracks:gradient><mytracks:length>0.001510038354603338</mytracks:length></extensions></trkpt><trkpt lat="-33.96086532164403" lon="150.9540723850531"><ele>10.26136677256522</ele><time>2026-08-02T03:40:11.00200Z</time><extensions><mytracks:speed>5.183292694832197</mytracks:speed><mytracks:gradient>0</mytracks:gradient><mytracks:length>0.001439765079440252</mytracks:length></extensions></trkpt><trkpt lat="-33.96085380880716" lon="150.954074292064"><ele>10.05123383673016</ele><time>2026-08-02T03:40:12.00000Z</time><extensions><mytracks:speed>4.670310587260566</mytracks:speed><mytracks:gradient>0</mytracks:gradient><mytracks:length>0.001294744843117849</mytracks:length></extensions></trkpt><trkpt lat="-33.96084337037895" lon="150.9540751740849"><ele>9.947757069313651</ele><time>2026-08-02T03:40:12.99800Z</time><extensions><mytracks:speed>4.206506834269856</mytracks:speed><mytracks:gradient>0</mytracks:gradient><mytracks:length>0.001166584472202496</mytracks:length></extensions></trkpt><trkpt lat="-33.9608316630511" lon="150.954073627996"><ele>10.03807476501518</ele><time>2026-08-02T03:40:13.99700Z</time><extensions><mytracks:speed>4.717849403150829</mytracks:speed><mytracks:gradient>0</mytracks:gradient><mytracks:length>0.001308592775457605</mytracks:length></extensions></trkpt><trkpt lat="-33.96082043181438" lon="150.9540716468327"><ele>10.15233228639382</ele><time>2026-08-02T03:40:14.99700Z</time><extensions><mytracks:speed>4.531792793462593</mytracks:speed><mytracks:gradient>0</mytracks:gradient><mytracks:length>0.001259459050855296</mytracks:length></extensions></trkpt><trkpt lat="-33.96080914168101" lon="150.9540703310402"><ele>10.26053492294058</ele><time>2026-08-02T03:40:15.99900Z</time><extensions><mytracks:speed>4.541511011454784</mytracks:speed><mytracks:gradient>0</mytracks:gradient><mytracks:length>0.001263031991511386</mytracks:length></extensions></trkpt><trkpt lat="-33.96079721817745" lon="150.9540693632132"><ele>10.34623009977953</ele><time>2026-08-02T03:40:17.00100Z</time><extensions><mytracks:speed>4.786737547319698</mytracks:speed><mytracks:gradient>0</mytracks:gradient><mytracks:length>0.001332480404200788</mytracks:length></extensions></trkpt><trkpt lat="-33.96078491290569" lon="150.9540659899743"><ele>10.47638951269459</ele><time>2026-08-02T03:40:18.00200Z</time><extensions><mytracks:speed>5.049019377729635</mytracks:speed><mytracks:gradient>0</mytracks:gradient><mytracks:length>0.001404914113096157</mytracks:length></extensions></trkpt><trkpt lat="-33.96077411861149" lon="150.9540630262942"><ele>10.62674268146709</ele><time>2026-08-02T03:40:19.00200Z</time><extensions><mytracks:speed>4.446260815663487</mytracks:speed><mytracks:gradient>0</mytracks:gradient><mytracks:length>0.001234158873558046</mytracks:length></extensions></trkpt><trkpt lat="-33.96076325270076" lon="150.954062430107"><ele>10.65347562859018</ele><time>2026-08-02T03:40:20.00000Z</time><extensions><mytracks:speed>4.356366579855657</mytracks:speed><mytracks:gradient>0</mytracks:gradient><mytracks:length>0.001208329073383078</mytracks:length></extensions></trkpt><trkpt lat="-33.96075329128079" lon="150.9540626536895"><ele>10.72803840373862</ele><time>2026-08-02T03:40:20.99900Z</time><extensions><mytracks:speed>3.990837961368873</mytracks:speed><mytracks:gradient>0</mytracks:gradient><mytracks:length>0.001107126311125143</mytracks:length></extensions></trkpt><trkpt lat="-33.96074287261167" lon="150.9540631128382"><ele>10.86446380166311</ele><time>2026-08-02T03:40:21.99800Z</time><extensions><mytracks:speed>4.161173337538935</mytracks:speed><mytracks:gradient>0</mytracks:gradient><mytracks:length>0.001154937746540606</mytracks:length></extensions></trkpt><trkpt lat="-33.96073218497347" lon="150.9540663219935"><ele>10.90804868823415</ele><time>2026-08-02T03:40:22.99800Z</time><extensions><mytracks:speed>4.417887379804154</mytracks:speed><mytracks:gradient>0</mytracks:gradient><mytracks:length>0.001226834423865861</mytracks:length></extensions></trkpt><trkpt lat="-33.96072140960833" lon="150.9540706023381"><ele>10.7154901988805</ele><time>2026-08-02T03:40:23.99800Z</time><extensions><mytracks:speed>4.558074971760353</mytracks:speed><mytracks:gradient>0</mytracks:gradient><mytracks:length>0.001266594853290156</mytracks:length></extensions></trkpt><trkpt lat="-33.96071032284933" lon="150.9540737829521"><ele>10.69873146053449</ele><time>2026-08-02T03:40:24.99800Z</time><extensions><mytracks:speed>4.562389075597175</mytracks:speed><mytracks:gradient>0</mytracks:gradient><mytracks:length>0.001266594853290156</mytracks:length></extensions></trkpt><trkpt lat="-33.96069891933306" lon="150.9540753596433"><ele>10.71814545396982</ele><time>2026-08-02T03:40:25.99800Z</time><extensions><mytracks:speed>4.5823704999482</mytracks:speed><mytracks:gradient>0</mytracks:gradient><mytracks:length>0.001273690678297089</mytracks:length></extensions></trkpt><trkpt lat="-33.96068721432975" lon="150.9540762994654"><ele>10.74034806185981</ele><time>2026-08-02T03:40:26.99700Z</time><extensions><mytracks:speed>4.691955866949136</mytracks:speed><mytracks:gradient>0</mytracks:gradient><mytracks:length>0.001301687224482153</mytracks:length></extensions></trkpt><trkpt lat="-33.9606750768171" lon="150.9540771681026"><ele>10.75552741270106</ele><time>2026-08-02T03:40:27.99500Z</time><extensions><mytracks:speed>4.86880511648686</mytracks:speed><mytracks:gradient>0</mytracks:gradient><mytracks:length>0.0013492840996538</mytracks:length></extensions></trkpt><trkpt lat="-33.96065683562627" lon="150.954080287176"><ele>10.77968654645739</ele><time>2026-08-02T03:40:29.49500Z</time><extensions><mytracks:speed>4.918567250321987</mytracks:speed><mytracks:gradient>0</mytracks:gradient><mytracks:length>0.002049371423815256</mytracks:length></extensions></trkpt><trkpt lat="-33.96064324320031" lon="150.9540815278769"><ele>10.58578896244045</ele><time>2026-08-02T03:40:30.49700Z</time><extensions><mytracks:speed>5.45615121243643</mytracks:speed><mytracks:gradient>0</mytracks:gradient><mytracks:length>0.001518964767456058</mytracks:length></extensions></trkpt><trkpt lat="-33.96062977819576" lon="150.9540827164365"><ele>10.26495500395062</ele><time>2026-08-02T03:40:31.49900Z</time><extensions><mytracks:speed>5.402644943708547</mytracks:speed><mytracks:gradient>0</mytracks:gradient><mytracks:length>0.00150405798118735</mytracks:length></extensions></trkpt><trkpt lat="-33.96061757727883" lon="150.9540851459688"><ele>9.928906583015543</ele><time>2026-08-02T03:40:32.50000Z</time><extensions><mytracks:speed>4.934685460807763</mytracks:speed><mytracks:gradient>0</mytracks:gradient><mytracks:length>0.001372463681551473</mytracks:length></extensions></trkpt><trkpt lat="-33.96060569034449" lon="150.9540872433578"><ele>9.803169854491975</ele><time>2026-08-02T03:40:33.50100Z</time><extensions><mytracks:speed>4.805866979597111</mytracks:speed><mytracks:gradient>0</mytracks:gradient><mytracks:length>0.001335858053229829</mytracks:length></extensions></trkpt><trkpt lat="-33.96058299859546" lon="150.95409107002"><ele>9.791005729585162</ele><time>2026-08-02T03:40:35.50100Z</time><extensions><mytracks:speed>4.584864225500129</mytracks:speed><mytracks:gradient>0</mytracks:gradient><mytracks:length>0.002547381356594191</mytracks:length></extensions></trkpt><trkpt lat="-33.9605718816688" lon="150.9540947266939"><ele>9.898173021706423</ele><time>2026-08-02T03:40:36.49900Z</time><extensions><mytracks:speed>4.605610893231759</mytracks:speed><mytracks:gradient>0</mytracks:gradient><mytracks:length>0.001277223807631534</mytracks:length></extensions></trkpt><trkpt lat="-33.96055335476438" lon="150.9541067170801"><ele>10.03572846442636</ele><time>2026-08-02T03:40:38.49700Z</time><extensions><mytracks:speed>4.216054521249615</mytracks:speed><mytracks:gradient>0</mytracks:gradient><mytracks:length>0.0023389560610528</mytracks:length></extensions></trkpt><trkpt lat="-33.9605433889079" lon="150.9541158315763"><ele>10.12777019268944</ele><time>2026-08-02T03:40:39.49600Z</time><extensions><mytracks:speed>5.013646216260411</mytracks:speed><mytracks:gradient>0</mytracks:gradient><mytracks:length>0.00139202472031828</mytracks:length></extensions></trkpt><trkpt lat="-33.96051805276932" lon="150.9541294204525"><ele>10.30090698762494</ele><time>2026-08-02T03:40:41.50000Z</time><extensions><mytracks:speed>5.540416345764731</mytracks:speed><mytracks:gradient>0</mytracks:gradient><mytracks:length>0.003083570964626597</mytracks:length></extensions></trkpt><trkpt lat="-33.96050412752299" lon="150.9541333980014"><ele>10.27180098170543</ele><time>2026-08-02T03:40:42.50100Z</time><extensions><mytracks:speed>5.70939643990074</mytracks:speed><mytracks:gradient>0</mytracks:gradient><mytracks:length>0.00158857137830514</mytracks:length></extensions></trkpt><trkpt lat="-33.96048528270005" lon="150.9541388858316"><ele>10.11502782641319</ele><time>2026-08-02T03:40:44.00200Z</time><extensions><mytracks:speed>5.169110960203794</mytracks:speed><mytracks:gradient>0</mytracks:gradient><mytracks:length>0.002154424763584326</mytracks:length></extensions></trkpt><trkpt lat="-33.96047341373482" lon="150.9541434172627"><ele>10.02470322244344</ele><time>2026-08-02T03:40:45.00000Z</time><extensions><mytracks:speed>4.999175927629332</mytracks:speed><mytracks:gradient>0</mytracks:gradient><mytracks:length>0.00138553505923791</mytracks:length></extensions></trkpt><trkpt lat="-33.96046265356179" lon="150.9541478498543"><ele>9.934515161753982</ele><time>2026-08-02T03:40:45.99800Z</time><extensions><mytracks:speed>4.568552234972052</mytracks:speed><mytracks:gradient>0</mytracks:gradient><mytracks:length>0.001266594853290156</mytracks:length></extensions></trkpt><trkpt lat="-33.9604508879891" lon="150.9541543576059"><ele>9.922998459979171</ele><time>2026-08-02T03:40:46.99800Z</time><extensions><mytracks:speed>5.182894789318533</mytracks:speed><mytracks:gradient>0</mytracks:gradient><mytracks:length>0.001439765079440252</mytracks:length></extensions></trkpt><trkpt lat="-33.96043961978368" lon="150.9541608380671"><ele>9.865454198160126</ele><time>2026-08-02T03:40:48.00000Z</time><extensions><mytracks:speed>4.976000811531299</mytracks:speed><mytracks:gradient>0</mytracks:gradient><mytracks:length>0.00138553505923791</mytracks:length></extensions></trkpt><trkpt lat="-33.96042884498136" lon="150.9541695622209"><ele>9.791381305961258</ele><time>2026-08-02T03:40:49.00200Z</time><extensions><mytracks:speed>5.174923004031715</mytracks:speed><mytracks:gradient>0</mytracks:gradient><mytracks:length>0.001439765079440252</mytracks:length></extensions></trkpt><trkpt lat="-33.96041886991804" lon="150.9541792296721"><ele>9.62704084779612</ele><time>2026-08-02T03:40:50.00200Z</time><extensions><mytracks:speed>5.123307003726311</mytracks:speed><mytracks:gradient>0</mytracks:gradient><mytracks:length>0.001424029469490054</mytracks:length></extensions></trkpt><trkpt lat="-33.96041019905545" lon="150.9541877767183"><ele>9.547201659339599</ele><time>2026-08-02T03:40:51.00200Z</time><extensions><mytracks:speed>4.484001377946562</mytracks:speed><mytracks:gradient>0</mytracks:gradient><mytracks:length>0.001245064760396722</mytracks:length></extensions></trkpt><trkpt lat="-33.96040297743531" lon="150.9541965089369"><ele>9.531605807002109</ele><time>2026-08-02T03:40:52.00100Z</time><extensions><mytracks:speed>4.118543581174429</mytracks:speed><mytracks:gradient>0</mytracks:gradient><mytracks:length>0.00114317236932346</mytracks:length></extensions></trkpt><trkpt lat="-33.96039575008013" lon="150.9542050444777"><ele>9.588172855305094</ele><time>2026-08-02T03:40:53.00100Z</time><extensions><mytracks:speed>4.057316462594009</mytracks:speed><mytracks:gradient>0</mytracks:gradient><mytracks:length>0.001127294204183201</mytracks:length></extensions></trkpt><trkpt lat="-33.96038836468352" lon="150.9542143808892"><ele>9.56000930896719</ele><time>2026-08-02T03:40:54.00100Z</time><extensions><mytracks:speed>4.298164612489339</mytracks:speed><mytracks:gradient>0</mytracks:gradient><mytracks:length>0.001193318191591511</mytracks:length></extensions></trkpt><trkpt lat="-33.96037956749333" lon="150.9542224362766"><ele>9.566546137962373</ele><time>2026-08-02T03:40:55.00000Z</time><extensions><mytracks:speed>4.418652961945718</mytracks:speed><mytracks:gradient>0</mytracks:gradient><mytracks:length>0.001226834423865861</mytracks:length></extensions></trkpt><trkpt lat="-33.96036880351809" lon="150.9542338911131"><ele>9.5922808811899</ele><time>2026-08-02T03:40:56.00000Z</time><extensions><mytracks:speed>5.749815103290472</mytracks:speed><mytracks:gradient>0</mytracks:gradient><mytracks:length>0.001597058908234124</mytracks:length></extensions></trkpt><trkpt lat="-33.96035738486121" lon="150.9542458708014"><ele>9.57830415931708</ele><time>2026-08-02T03:40:56.99900Z</time><extensions><mytracks:speed>6.062542743997522</mytracks:speed><mytracks:gradient>0</mytracks:gradient><mytracks:length>0.001682257765970092</mytracks:length></extensions></trkpt><trkpt lat="-33.96034532310522" lon="150.9542573668168"><ele>9.589708337590388</ele><time>2026-08-02T03:40:58.00000Z</time><extensions><mytracks:speed>6.135509451266493</mytracks:speed><mytracks:gradient>0</mytracks:gradient><mytracks:length>0.001706196233838808</mytracks:length></extensions></trkpt><trkpt lat="-33.96033414880162" lon="150.9542682631747"><ele>9.664728737304429</ele><time>2026-08-02T03:40:59.00200Z</time><extensions><mytracks:speed>5.752847857087018</mytracks:speed><mytracks:gradient>0</mytracks:gradient><mytracks:length>0.001599878078845344</mytracks:length></extensions></trkpt><trkpt lat="-33.96032386275805" lon="150.9542784725019"><ele>9.918069898025507</ele><time>2026-08-02T03:41:00.00200Z</time><extensions><mytracks:speed>5.32339561860706</mytracks:speed><mytracks:gradient>0</mytracks:gradient><mytracks:length>0.001479894835579277</mytracks:length></extensions></trkpt><trkpt lat="-33.96031667198327" lon="150.9542872937228"><ele>10.06673710392199</ele><time>2026-08-02T03:41:01.00100Z</time><extensions><mytracks:speed>4.106616322616368</mytracks:speed><mytracks:gradient>0</mytracks:gradient><mytracks:length>0.001139223575592043</mytracks:length></extensions></trkpt><trkpt lat="-33.9603108524898" lon="150.9542955589465"><ele>10.18542366726645</ele><time>2026-08-02T03:41:01.99800Z</time><extensions><mytracks:speed>3.597237385144611</mytracks:speed><mytracks:gradient>0</mytracks:gradient><mytracks:length>0.0009956898051041428</mytracks:length></extensions></trkpt><trkpt lat="-33.96030637659447" lon="150.954305789211"><ele>10.28014522031296</ele><time>2026-08-02T03:41:02.99600Z</time><extensions><mytracks:speed>3.811805153683022</mytracks:speed><mytracks:gradient>0</mytracks:gradient><mytracks:length>0.001057154737579528</mytracks:length></extensions></trkpt><trkpt lat="-33.96030196211043" lon="150.9543157253991"><ele>10.31420358116153</ele><time>2026-08-02T03:41:03.99400Z</time><extensions><mytracks:speed>3.734053389606873</mytracks:speed><mytracks:gradient>0</mytracks:gradient><mytracks:length>0.001035621835028294</mytracks:length></extensions></trkpt><trkpt lat="-33.96029889503801" lon="150.9543281796334"><ele>10.22174581174095</ele><time>2026-08-02T03:41:04.99400Z</time><extensions><mytracks:speed>4.311648265503728</mytracks:speed><mytracks:gradient>0</mytracks:gradient><mytracks:length>0.001197088558621761</mytracks:length></extensions></trkpt><trkpt lat="-33.96029410997145" lon="150.9543392651515"><ele>10.10354998823109</ele><time>2026-08-02T03:41:05.99500Z</time><extensions><mytracks:speed>4.155044693474435</mytracks:speed><mytracks:gradient>0</mytracks:gradient><mytracks:length>0.001154937746540606</mytracks:length></extensions></trkpt><trkpt lat="-33.96028922203904" lon="150.9543515463226"><ele>9.970146750220993</ele><time>2026-08-02T03:41:06.99600Z</time><extensions><mytracks:speed>4.516067542577799</mytracks:speed><mytracks:gradient>0</mytracks:gradient><mytracks:length>0.001255875945299307</mytracks:length></extensions></trkpt><trkpt lat="-33.96028485207436" lon="150.9543639930222"><ele>9.783601800291775</ele><time>2026-08-02T03:41:07.99800Z</time><extensions><mytracks:speed>4.471991164712768</mytracks:speed><mytracks:gradient>0</mytracks:gradient><mytracks:length>0.001245064760396722</mytracks:length></extensions></trkpt><trkpt lat="-33.96027978293003" lon="150.9543760794112"><ele>9.691570789585429</ele><time>2026-08-02T03:41:08.99800Z</time><extensions><mytracks:speed>4.50641713538765</mytracks:speed><mytracks:gradient>0</mytracks:gradient><mytracks:length>0.001252282587590172</mytracks:length></extensions></trkpt><trkpt lat="-33.9602739895891" lon="150.9543888890973"><ele>9.566448051239041</ele><time>2026-08-02T03:41:09.99700Z</time><extensions><mytracks:speed>4.854001076111699</mytracks:speed><mytracks:gradient>0</mytracks:gradient><mytracks:length>0.001345940143832062</mytracks:length></extensions></trkpt><trkpt lat="-33.96026856608913" lon="150.9544031051507"><ele>9.496344019060201</ele><time>2026-08-02T03:41:10.99600Z</time><extensions><mytracks:speed>5.195888295106879</mytracks:speed><mytracks:gradient>0</mytracks:gradient><mytracks:length>0.001442891608810409</mytracks:length></extensions></trkpt><trkpt lat="-33.96026331053949" lon="150.954417720503"><ele>9.382899421086174</ele><time>2026-08-02T03:41:11.99600Z</time><extensions><mytracks:speed>5.287781939412</mytracks:speed><mytracks:gradient>0</mytracks:gradient><mytracks:length>0.001467664090033765</mytracks:length></extensions></trkpt><trkpt lat="-33.96025730978005" lon="150.9544323843647"><ele>9.26863223227633</ele><time>2026-08-02T03:41:12.99500Z</time><extensions><mytracks:speed>5.438278092649036</mytracks:speed><mytracks:gradient>0</mytracks:gradient><mytracks:length>0.001510038354603338</mytracks:length></extensions></trkpt><trkpt lat="-33.96025257523029" lon="150.9544471921674"><ele>9.154106758123305</ele><time>2026-08-02T03:41:13.99300Z</time><extensions><mytracks:speed>5.282068273705194</mytracks:speed><mytracks:gradient>0</mytracks:gradient><mytracks:length>0.001464590444586727</mytracks:length></extensions></trkpt><trkpt lat="-33.96024777110208" lon="150.9544599627562"><ele>9.137800366474069</ele><time>2026-08-02T03:41:14.99200Z</time><extensions><mytracks:speed>4.667291242328798</mytracks:speed><mytracks:gradient>0</mytracks:gradient><mytracks:length>0.001294744843117849</mytracks:length></extensions></trkpt><trkpt lat="-33.96024357231379" lon="150.9544727980172"><ele>9.046368005537092</ele><time>2026-08-02T03:41:15.99300Z</time><extensions><mytracks:speed>4.579337773899557</mytracks:speed><mytracks:gradient>0</mytracks:gradient><mytracks:length>0.001273690678297089</mytracks:length></extensions></trkpt><trkpt lat="-33.96023904585945" lon="150.9544842877848"><ele>9.118736482541633</ele><time>2026-08-02T03:41:16.99400Z</time><extensions><mytracks:speed>4.222831688039344</mytracks:speed><mytracks:gradient>0</mytracks:gradient><mytracks:length>0.001174284783339954</mytracks:length></extensions></trkpt><trkpt lat="-33.96023409329685" lon="150.9544947935103"><ele>9.264595084632075</ele><time>2026-08-02T03:41:17.99700Z</time><extensions><mytracks:speed>4.004621709362617</mytracks:speed><mytracks:gradient>0</mytracks:gradient><mytracks:length>0.001115237235024618</mytracks:length></extensions></trkpt><trkpt lat="-33.96022746582165" lon="150.9545052171965"><ele>9.38483096588061</ele><time>2026-08-02T03:41:18.99800Z</time><extensions><mytracks:speed>4.356759658314882</mytracks:speed><mytracks:gradient>0</mytracks:gradient><mytracks:length>0.001212052746534862</mytracks:length></extensions></trkpt><trkpt lat="-33.96022075098352" lon="150.9545164088458"><ele>9.380776409984115</ele><time>2026-08-02T03:41:20.00100Z</time><extensions><mytracks:speed>4.575595370008856</mytracks:speed><mytracks:gradient>0</mytracks:gradient><mytracks:length>0.001273690678297089</mytracks:length></extensions></trkpt><trkpt lat="-33.96021335448178" lon="150.9545264045024"><ele>9.378187150642837</ele><time>2026-08-02T03:41:21.00100Z</time><extensions><mytracks:speed>4.441487320608267</mytracks:speed><mytracks:gradient>0</mytracks:gradient><mytracks:length>0.001234158873558046</mytracks:length></extensions></trkpt><trkpt lat="-33.96020608529924" lon="150.9545365988459"><ele>9.312301339804007</ele><time>2026-08-02T03:41:22.00100Z</time><extensions><mytracks:speed>4.455014043157516</mytracks:speed><mytracks:gradient>0</mytracks:gradient><mytracks:length>0.001237804845677201</mytracks:length></extensions></trkpt><trkpt lat="-33.96019895216346" lon="150.9545474904255"><ele>9.215101098318014</ele><time>2026-08-02T03:41:23.00100Z</time><extensions><mytracks:speed>4.600138902913376</mytracks:speed><mytracks:gradient>0</mytracks:gradient><mytracks:length>0.001277223807631534</mytracks:length></extensions></trkpt><trkpt lat="-33.96019300784118" lon="150.9545587951085"><ele>8.952214256362721</ele><time>2026-08-02T03:41:24.00100Z</time><extensions><mytracks:speed>4.443469865521628</mytracks:speed><mytracks:gradient>0</mytracks:gradient><mytracks:length>0.001234158873558046</mytracks:length></extensions></trkpt><trkpt lat="-33.96018749330081" lon="150.9545696839815"><ele>8.759759736271398</ele><time>2026-08-02T03:41:25.00000Z</time><extensions><mytracks:speed>4.228506969934843</mytracks:speed><mytracks:gradient>0</mytracks:gradient><mytracks:length>0.001174284783339954</mytracks:length></extensions></trkpt><trkpt lat="-33.96018084223128" lon="150.9545801903759"><ele>8.673834859585957</ele><time>2026-08-02T03:41:25.99800Z</time><extensions><mytracks:speed>4.399492123665329</mytracks:speed><mytracks:gradient>0</mytracks:gradient><mytracks:length>0.00121946598229819</mytracks:length></extensions></trkpt><trkpt lat="-33.96017332183924" lon="150.9545909515458"><ele>8.526071684029038</ele><time>2026-08-02T03:41:26.99600Z</time><extensions><mytracks:speed>4.669968094452072</mytracks:speed><mytracks:gradient>0</mytracks:gradient><mytracks:length>0.001294744843117849</mytracks:length></extensions></trkpt><trkpt lat="-33.96016594284963" lon="150.9545995958377"><ele>8.407117886747484</ele><time>2026-08-02T03:41:27.99200Z</time><extensions><mytracks:speed>4.159815971924433</mytracks:speed><mytracks:gradient>0</mytracks:gradient><mytracks:length>0.001151029316561659</mytracks:length></extensions></trkpt><trkpt lat="-33.96015826552184" lon="150.9546074583481"><ele>8.445140576722833</ele><time>2026-08-02T03:41:28.99000Z</time><extensions><mytracks:speed>4.038984309420713</mytracks:speed><mytracks:gradient>0</mytracks:gradient><mytracks:length>0.001119270655911808</mytracks:length></extensions></trkpt><trkpt lat="-33.96014899309278" lon="150.9546148771027"><ele>8.415715981272015</ele><time>2026-08-02T03:41:29.98900Z</time><extensions><mytracks:speed>4.471977313482427</mytracks:speed><mytracks:gradient>0</mytracks:gradient><mytracks:length>0.001241440110026196</mytracks:length></extensions></trkpt><trkpt lat="-33.96014018207328" lon="150.9546232946767"><ele>8.369301497661921</ele><time>2026-08-02T03:41:30.99200Z</time><extensions><mytracks:speed>4.497909013781626</mytracks:speed><mytracks:gradient>0</mytracks:gradient><mytracks:length>0.001252282587590172</mytracks:length></extensions></trkpt><trkpt lat="-33.96013071838652" lon="150.954631276384"><ele>8.351827625929735</ele><time>2026-08-02T03:41:31.99600Z</time><extensions><mytracks:speed>4.602455244082938</mytracks:speed><mytracks:gradient>0</mytracks:gradient><mytracks:length>0.001284260906662108</mytracks:length></extensions></trkpt><trkpt lat="-33.96012087933725" lon="150.9546408329713"><ele>8.279759699538355</ele><time>2026-08-02T03:41:33.00000Z</time><extensions><mytracks:speed>5.027594691694521</mytracks:speed><mytracks:gradient>0</mytracks:gradient><mytracks:length>0.001401702876638579</mytracks:length></extensions></trkpt><trkpt lat="-33.96011068075882" lon="150.9546518721119"><ele>8.190040562386715</ele><time>2026-08-02T03:41:34.00300Z</time><extensions><mytracks:speed>5.464632901507564</mytracks:speed><mytracks:gradient>0</mytracks:gradient><mytracks:length>0.001521928603966931</mytracks:length></extensions></trkpt><trkpt lat="-33.96010111020256" lon="150.9546638533201"><ele>8.183756140269917</ele><time>2026-08-02T03:41:35.00500Z</time><extensions><mytracks:speed>5.509188074907803</mytracks:speed><mytracks:gradient>0</mytracks:gradient><mytracks:length>0.001533726676684052</mytracks:length></extensions></trkpt><trkpt lat="-33.96009225506661" lon="150.9546760128407"><ele>8.12947442477221</ele><time>2026-08-02T03:41:36.00600Z</time><extensions><mytracks:speed>5.362692174617107</mytracks:speed><mytracks:gradient>0</mytracks:gradient><mytracks:length>0.001492025324039036</mytracks:length></extensions></trkpt><trkpt lat="-33.96008589872251" lon="150.9546884306579"><ele>8.116887465356127</ele><time>2026-08-02T03:41:37.00500Z</time><extensions><mytracks:speed>4.85120577411378</mytracks:speed><mytracks:gradient>0</mytracks:gradient><mytracks:length>0.001345940143832062</mytracks:length></extensions></trkpt><trkpt lat="-33.9600799427037" lon="150.9547011734116"><ele>8.100347363323323</ele><time>2026-08-02T03:41:38.00300Z</time><extensions><mytracks:speed>4.857005050231573</mytracks:speed><mytracks:gradient>0</mytracks:gradient><mytracks:length>0.001345940143832062</mytracks:length></extensions></trkpt><trkpt lat="-33.96007480368749" lon="150.9547138513557"><ele>8.07968700795365</ele><time>2026-08-02T03:41:39.00100Z</time><extensions><mytracks:speed>4.69512439665001</mytracks:speed><mytracks:gradient>0</mytracks:gradient><mytracks:length>0.001301687224482153</mytracks:length></extensions></trkpt><trkpt lat="-33.96007030344535" lon="150.9547265464032"><ele>8.079030362913832</ele><time>2026-08-02T03:41:39.99900Z</time><extensions><mytracks:speed>4.591953268935748</mytracks:speed><mytracks:gradient>0</mytracks:gradient><mytracks:length>0.001273690678297089</mytracks:length></extensions></trkpt><trkpt lat="-33.96006586821519" lon="150.954738330469"><ele>8.222118668423848</ele><time>2026-08-02T03:41:40.99800Z</time><extensions><mytracks:speed>4.289036799733593</mytracks:speed><mytracks:gradient>0</mytracks:gradient><mytracks:length>0.001189535874021183</mytracks:length></extensions></trkpt><trkpt lat="-33.96005963734405" lon="150.9547502827828"><ele>8.395927381041306</ele><time>2026-08-02T03:41:41.99600Z</time><extensions><mytracks:speed>4.693372041959159</mytracks:speed><mytracks:gradient>0</mytracks:gradient><mytracks:length>0.001301687224482153</mytracks:length></extensions></trkpt><trkpt lat="-33.96005393864301" lon="150.9547636101131"><ele>8.603261358386892</ele><time>2026-08-02T03:41:42.99500Z</time><extensions><mytracks:speed>4.983962495371425</mytracks:speed><mytracks:gradient>0</mytracks:gradient><mytracks:length>0.001382278803128191</mytracks:length></extensions></trkpt><trkpt lat="-33.96004781858624" lon="150.9547759478097"><ele>8.85185440450992</ele><time>2026-08-02T03:41:43.99600Z</time><extensions><mytracks:speed>4.777283168882496</mytracks:speed><mytracks:gradient>0</mytracks:gradient><mytracks:length>0.00132909417152405</mytracks:length></extensions></trkpt><trkpt lat="-33.96004072125243" lon="150.9547889865623"><ele>9.075654868479409</ele><time>2026-08-02T03:41:44.99700Z</time><extensions><mytracks:speed>5.189581257386876</mytracks:speed><mytracks:gradient>0</mytracks:gradient><mytracks:length>0.001442891608810409</mytracks:length></extensions></trkpt><trkpt lat="-33.96003502965581" lon="150.9548035977915"><ele>9.169901157624656</ele><time>2026-08-02T03:41:45.99600Z</time><extensions><mytracks:speed>5.378415704402752</mytracks:speed><mytracks:gradient>0</mytracks:gradient><mytracks:length>0.001492025324039036</mytracks:length></extensions></trkpt><trkpt lat="-33.96002999668693" lon="150.9548179372859"><ele>9.216596629129061</ele><time>2026-08-02T03:41:46.99600Z</time><extensions><mytracks:speed>5.183486726821221</mytracks:speed><mytracks:gradient>0</mytracks:gradient><mytracks:length>0.001439765079440252</mytracks:length></extensions></trkpt><trkpt lat="-33.96002441540636" lon="150.9548317226073"><ele>9.206541240422256</ele><time>2026-08-02T03:41:47.99400Z</time><extensions><mytracks:speed>5.099603964280332</mytracks:speed><mytracks:gradient>0</mytracks:gradient><mytracks:length>0.001414504081852167</mytracks:length></extensions></trkpt><trkpt lat="-33.96001855264551" lon="150.9548454582942"><ele>9.174239693105482</ele><time>2026-08-02T03:41:48.99700Z</time><extensions><mytracks:speed>5.115392443266101</mytracks:speed><mytracks:gradient>0</mytracks:gradient><mytracks:length>0.001424029469490054</mytracks:length></extensions></trkpt><trkpt lat="-33.96001359829614" lon="150.9548590981133"><ele>9.200720149670948</ele><time>2026-08-02T03:41:49.99800Z</time><extensions><mytracks:speed>4.919754938408802</mytracks:speed><mytracks:gradient>0</mytracks:gradient><mytracks:length>0.001369176338671513</mytracks:length></extensions></trkpt><trkpt lat="-33.9600075882317" lon="150.9548720974807"><ele>9.225302594859013</ele><time>2026-08-02T03:41:50.99900Z</time><extensions><mytracks:speed>4.937214872888794</mytracks:speed><mytracks:gradient>0</mytracks:gradient><mytracks:length>0.001372463681551473</mytracks:length></extensions></trkpt><trkpt lat="-33.96000121024981" lon="150.9548854335381"><ele>9.280542579789705</ele><time>2026-08-02T03:41:52.00000Z</time><extensions><mytracks:speed>5.088954554037391</mytracks:speed><mytracks:gradient>0</mytracks:gradient><mytracks:length>0.001414504081852167</mytracks:length></extensions></trkpt><trkpt lat="-33.95999679772248" lon="150.954897297817"><ele>9.502953905331026</ele><time>2026-08-02T03:41:53.00000Z</time><extensions><mytracks:speed>4.307671186148996</mytracks:speed><mytracks:gradient>0</mytracks:gradient><mytracks:length>0.001197088558621761</mytracks:length></extensions></trkpt><trkpt lat="-33.9599926455088" lon="150.954909742573"><ele>9.761317497846211</ele><time>2026-08-02T03:41:54.00100Z</time><extensions><mytracks:speed>4.440117941386712</mytracks:speed><mytracks:gradient>0</mytracks:gradient><mytracks:length>0.001234158873558046</mytracks:length></extensions></trkpt><trkpt lat="-33.95998855349325" lon="150.9549216148387"><ele>9.898234647821997</ele><time>2026-08-02T03:41:55.00100Z</time><extensions><mytracks:speed>4.268595585424512</mytracks:speed><mytracks:gradient>0</mytracks:gradient><mytracks:length>0.001185741491550095</mytracks:length></extensions></trkpt><trkpt lat="-33.95998437725093" lon="150.9549335618488"><ele>9.999335074321978</ele><time>2026-08-02T03:41:56.00000Z</time><extensions><mytracks:speed>4.300475323518144</mytracks:speed><mytracks:gradient>0</mytracks:gradient><mytracks:length>0.001193318191591511</mytracks:length></extensions></trkpt><trkpt lat="-33.95998005331155" lon="150.9549460773003"><ele>10.07619014078473</ele><time>2026-08-02T03:41:56.99800Z</time><extensions><mytracks:speed>4.490749847151474</mytracks:speed><mytracks:gradient>0</mytracks:gradient><mytracks:length>0.001245064760396722</mytracks:length></extensions></trkpt><trkpt lat="-33.95997323799158" lon="150.9549595124037"><ele>10.0408347909263</ele><time>2026-08-02T03:41:57.99800Z</time><extensions><mytracks:speed>5.214544841220318</mytracks:speed><mytracks:gradient>0</mytracks:gradient><mytracks:length>0.001449124430949695</mytracks:length></extensions></trkpt><trkpt lat="-33.95996573806468" lon="150.9549719911624"><ele>9.951642260372674</ele><time>2026-08-02T03:41:59.00000Z</time><extensions><mytracks:speed>5.107500749610533</mytracks:speed><mytracks:gradient>0</mytracks:gradient><mytracks:length>0.00142086143560033</mytracks:length></extensions></trkpt><trkpt lat="-33.95995779966085" lon="150.9549821971321"><ele>9.934902600329794</ele><time>2026-08-02T03:42:00.00200Z</time><extensions><mytracks:speed>4.640385355706082</mytracks:speed><mytracks:gradient>0</mytracks:gradient><mytracks:length>0.00129125965552261</mytracks:length></extensions></trkpt><trkpt lat="-33.95994892216275" lon="150.9549922730362"><ele>10.04154943854845</ele><time>2026-08-02T03:42:01.00200Z</time><extensions><mytracks:speed>4.86918512709161</mytracks:speed><mytracks:gradient>0</mytracks:gradient><mytracks:length>0.001352619788550522</mytracks:length></extensions></trkpt><trkpt lat="-33.95993960114156" lon="150.9550005769697"><ele>10.0747754243883</ele><time>2026-08-02T03:42:02.00100Z</time><extensions><mytracks:speed>4.666294200316051</mytracks:speed><mytracks:gradient>0</mytracks:gradient><mytracks:length>0.001294744843117849</mytracks:length></extensions></trkpt><trkpt lat="-33.95993064428626" lon="150.9550091532468"><ele>10.08470321267697</ele><time>2026-08-02T03:42:03.00100Z</time><extensions><mytracks:speed>4.584664485499109</mytracks:speed><mytracks:gradient>0</mytracks:gradient><mytracks:length>0.001273690678297089</mytracks:length></extensions></trkpt><trkpt lat="-33.95992268341354" lon="150.9550182191955"><ele>10.13186105544283</ele><time>2026-08-02T03:42:04.00200Z</time><extensions><mytracks:speed>4.383996932160659</mytracks:speed><mytracks:gradient>0</mytracks:gradient><mytracks:length>0.00121946598229819</mytracks:length></extensions></trkpt><trkpt lat="-33.95991520205624" lon="150.9550296908188"><ele>10.1055228922724</ele><time>2026-08-02T03:42:05.00400Z</time><extensions><mytracks:speed>4.835277169214802</mytracks:speed><mytracks:gradient>0</mytracks:gradient><mytracks:length>0.001345940143832062</mytracks:length></extensions></trkpt><trkpt lat="-33.95990778453832" lon="150.9550411712844"><ele>10.00207142804669</ele><time>2026-08-02T03:42:06.00500Z</time><extensions><mytracks:speed>4.829304254663558</mytracks:speed><mytracks:gradient>0</mytracks:gradient><mytracks:length>0.001342587859314532</mytracks:length></extensions></trkpt><trkpt lat="-33.95990079792971" lon="150.9550533942668"><ele>9.939848399047024</ele><time>2026-08-02T03:42:07.00300Z</time><extensions><mytracks:speed>4.938086143649909</mytracks:speed><mytracks:gradient>0</mytracks:gradient><mytracks:length>0.001369176338671513</mytracks:length></extensions></trkpt><trkpt lat="-33.95989496357808" lon="150.9550643543902"><ele>9.889961426400738</ele><time>2026-08-02T03:42:08.00200Z</time><extensions><mytracks:speed>4.341515788847081</mytracks:speed><mytracks:gradient>0</mytracks:gradient><mytracks:length>0.001204593889567316</mytracks:length></extensions></trkpt><trkpt lat="-33.95988957491833" lon="150.9550754443411"><ele>9.860364097826665</ele><time>2026-08-02T03:42:09.00100Z</time><extensions><mytracks:speed>4.287091725415355</mytracks:speed><mytracks:gradient>0</mytracks:gradient><mytracks:length>0.001189535874021183</mytracks:length></extensions></trkpt><trkpt lat="-33.95988342437695" lon="150.9550860026633"><ele>9.859622134833744</ele><time>2026-08-02T03:42:10.00000Z</time><extensions><mytracks:speed>4.298676293930844</mytracks:speed><mytracks:gradient>0</mytracks:gradient><mytracks:length>0.001193318191591511</mytracks:length></extensions></trkpt><trkpt lat="-33.95987602712547" lon="150.9550960468294"><ele>9.971984728310517</ele><time>2026-08-02T03:42:11.00100Z</time><extensions><mytracks:speed>4.465440575478616</mytracks:speed><mytracks:gradient>0</mytracks:gradient><mytracks:length>0.001241440110026196</mytracks:length></extensions></trkpt><trkpt lat="-33.95986768218165" lon="150.9551040511019"><ele>10.12962338730636</ele><time>2026-08-02T03:42:12.00100Z</time><extensions><mytracks:speed>4.255826686661377</mytracks:speed><mytracks:gradient>0</mytracks:gradient><mytracks:length>0.001181934927981888</mytracks:length></extensions></trkpt><trkpt lat="-33.95985679343336" lon="150.9551101841315"><ele>10.36107739036557</ele><time>2026-08-02T03:42:13.00200Z</time><extensions><mytracks:speed>4.803718699683164</mytracks:speed><mytracks:gradient>0</mytracks:gradient><mytracks:length>0.001335858053229829</mytracks:length></extensions></trkpt><trkpt lat="-33.95984373326176" lon="150.9551133046186"><ele>10.48070175248569</ele><time>2026-08-02T03:42:14.00300Z</time><extensions><mytracks:speed>5.322725464719612</mytracks:speed><mytracks:gradient>0</mytracks:gradient><mytracks:length>0.001479894835579277</mytracks:length></extensions></trkpt><trkpt lat="-33.95983004288774" lon="150.955112897431"><ele>10.53969466341498</ele><time>2026-08-02T03:42:15.00300Z</time><extensions><mytracks:speed>5.479082096825076</mytracks:speed><mytracks:gradient>0</mytracks:gradient><mytracks:length>0.001521928603966931</mytracks:length></extensions></trkpt><trkpt lat="-33.95981689797186" lon="150.9551092804744"><ele>10.48413128736702</ele><time>2026-08-02T03:42:16.00200Z</time><extensions><mytracks:speed>5.408070731681855</mytracks:speed><mytracks:gradient>0</mytracks:gradient><mytracks:length>0.001501058859596609</mytracks:length></extensions></trkpt><trkpt lat="-33.95980382424206" lon="150.9551055333713"><ele>10.4558362000522</ele><time>2026-08-02T03:42:17.00200Z</time><extensions><mytracks:speed>5.385506421188628</mytracks:speed><mytracks:gradient>0</mytracks:gradient><mytracks:length>0.00149504256741194</mytracks:length></extensions></trkpt><trkpt lat="-33.95979172521417" lon="150.9551009982509"><ele>10.34931770420929</ele><time>2026-08-02T03:42:18.00100Z</time><extensions><mytracks:speed>5.09582002368551</mytracks:speed><mytracks:gradient>0</mytracks:gradient><mytracks:length>0.001414504081852167</mytracks:length></extensions></trkpt><trkpt lat="-33.95978057848993" lon="150.9550949405415"><ele>10.21149026429147</ele><time>2026-08-02T03:42:18.99900Z</time><extensions><mytracks:speed>4.913197186234892</mytracks:speed><mytracks:gradient>0</mytracks:gradient><mytracks:length>0.001362577860079247</mytracks:length></extensions></trkpt><trkpt lat="-33.9597694827316" lon="150.9550887951734"><ele>10.09601473027528</ele><time>2026-08-02T03:42:19.99700Z</time><extensions><mytracks:speed>4.902486124119099</mytracks:speed><mytracks:gradient>0</mytracks:gradient><mytracks:length>0.001359266608866063</mytracks:length></extensions></trkpt><trkpt lat="-33.95975871407222" lon="150.9550827832853"><ele>9.917199648158119</ele><time>2026-08-02T03:42:20.99600Z</time><extensions><mytracks:speed>4.753175277671117</mytracks:speed><mytracks:gradient>0</mytracks:gradient><mytracks:length>0.001318883309614433</mytracks:length></extensions></trkpt><trkpt lat="-33.95974862062885" lon="150.9550755851298"><ele>9.604099150546201</ele><time>2026-08-02T03:42:21.99700Z</time><extensions><mytracks:speed>4.694888155678588</mytracks:speed><mytracks:gradient>0</mytracks:gradient><mytracks:length>0.001305144567157196</mytracks:length></extensions></trkpt><trkpt lat="-33.95973847738485" lon="150.9550678816548"><ele>9.331154565726168</ele><time>2026-08-02T03:42:22.99800Z</time><extensions><mytracks:speed>4.805893888194912</mytracks:speed><mytracks:gradient>0</mytracks:gradient><mytracks:length>0.001335858053229829</mytracks:length></extensions></trkpt><trkpt lat="-33.95972728017278" lon="150.9550619177306"><ele>9.147845112752346</ele><time>2026-08-02T03:42:23.99800Z</time><extensions><mytracks:speed>4.880774815121152</mytracks:speed><mytracks:gradient>0</mytracks:gradient><mytracks:length>0.001355947271533209</mytracks:length></extensions></trkpt><trkpt lat="-33.95971713934663" lon="150.9550544851933"><ele>9.081023514950203</ele><time>2026-08-02T03:42:24.99700Z</time><extensions><mytracks:speed>4.737680852184392</mytracks:speed><mytracks:gradient>0</mytracks:gradient><mytracks:length>0.001315462076070468</mytracks:length></extensions></trkpt><trkpt lat="-33.95970721813237" lon="150.9550468525026"><ele>9.155446679647923</ele><time>2026-08-02T03:42:25.99700Z</time><extensions><mytracks:speed>4.711425993320379</mytracks:speed><mytracks:gradient>0</mytracks:gradient><mytracks:length>0.001308592775457605</mytracks:length></extensions></trkpt><trkpt lat="-33.95969718600844" lon="150.9550385599963"><ele>9.291210112698524</ele><time>2026-08-02T03:42:26.99800Z</time><extensions><mytracks:speed>4.853101104285022</mytracks:speed><mytracks:gradient>0</mytracks:gradient><mytracks:length>0.0013492840996538</mytracks:length></extensions></trkpt><trkpt lat="-33.95968733301581" lon="150.9550295377371"><ele>9.434289451707183</ele><time>2026-08-02T03:42:27.99600Z</time><extensions><mytracks:speed>4.963638053501261</mytracks:speed><mytracks:gradient>0</mytracks:gradient><mytracks:length>0.00137574316933711</mytracks:length></extensions></trkpt><trkpt lat="-33.95967946355737" lon="150.9550184595348"><ele>9.611948202556592</ele><time>2026-08-02T03:42:28.99400Z</time><extensions><mytracks:speed>4.855888058886925</mytracks:speed><mytracks:gradient>0</mytracks:gradient><mytracks:length>0.001345940143832062</mytracks:length></extensions></trkpt><trkpt lat="-33.95967021435969" lon="150.9550094889579"><ele>9.617518876620501</ele><time>2026-08-02T03:42:29.99200Z</time><extensions><mytracks:speed>4.754856044558253</mytracks:speed><mytracks:gradient>0</mytracks:gradient><mytracks:length>0.001318883309614433</mytracks:length></extensions></trkpt><trkpt lat="-33.95966016064506" lon="150.9550012702633"><ele>9.55564914667721</ele><time>2026-08-02T03:42:30.99200Z</time><extensions><mytracks:speed>4.869409180587139</mytracks:speed><mytracks:gradient>0</mytracks:gradient><mytracks:length>0.001352619788550522</mytracks:length></extensions></trkpt><trkpt lat="-33.95965030545105" lon="150.9549929709505"><ele>9.495325958995053</ele><time>2026-08-02T03:42:31.99500Z</time><extensions><mytracks:speed>4.807190455072393</mytracks:speed><mytracks:gradient>0</mytracks:gradient><mytracks:length>0.001339227183557324</mytracks:length></extensions></trkpt><trkpt lat="-33.95964008959144" lon="150.9549853893177"><ele>9.358772713987969</ele><time>2026-08-02T03:42:32.99600Z</time><extensions><mytracks:speed>4.805719273937716</mytracks:speed><mytracks:gradient>0</mytracks:gradient><mytracks:length>0.001335858053229829</mytracks:length></extensions></trkpt><trkpt lat="-33.95962355077575" lon="150.9549744156638"><ele>9.164504057708461</ele><time>2026-08-02T03:42:34.49700Z</time><extensions><mytracks:speed>5.029606848872055</mytracks:speed><mytracks:gradient>0</mytracks:gradient><mytracks:length>0.002097189278617512</mytracks:length></extensions></trkpt><trkpt lat="-33.95961502159539" lon="150.9549646199311"><ele>9.169823345359388</ele><time>2026-08-02T03:42:35.49700Z</time><extensions><mytracks:speed>4.711590016716082</mytracks:speed><mytracks:gradient>0</mytracks:gradient><mytracks:length>0.001308592775457605</mytracks:length></extensions></trkpt><trkpt lat="-33.95960507903633" lon="150.9549565784277"><ele>9.291360684774041</ele><time>2026-08-02T03:42:36.49700Z</time><extensions><mytracks:speed>4.795939806803881</mytracks:speed><mytracks:gradient>0</mytracks:gradient><mytracks:length>0.001332480404200788</mytracks:length></extensions></trkpt><trkpt lat="-33.95959569026216" lon="150.9549481942447"><ele>9.47698299968302</ele><time>2026-08-02T03:42:37.49700Z</time><extensions><mytracks:speed>4.700162690020258</mytracks:speed><mytracks:gradient>0</mytracks:gradient><mytracks:length>0.001305144567157196</mytracks:length></extensions></trkpt><trkpt lat="-33.95958683013283" lon="150.9549401757383"><ele>9.733180314732317</ele><time>2026-08-02T03:42:38.49600Z</time><extensions><mytracks:speed>4.431887558927582</mytracks:speed><mytracks:gradient>0</mytracks:gradient><mytracks:length>0.001230502098487512</mytracks:length></extensions></trkpt><trkpt lat="-33.95956900814249" lon="150.954923304052"><ele>10.1134305675858</ele><time>2026-08-02T03:42:40.49900Z</time><extensions><mytracks:speed>4.531954497062596</mytracks:speed><mytracks:gradient>0</mytracks:gradient><mytracks:length>0.002520706471195179</mytracks:length></extensions></trkpt><trkpt lat="-33.95956241641498" lon="150.9549129987643"><ele>10.41349996519861</ele><time>2026-08-02T03:42:41.49900Z</time><extensions><mytracks:speed>4.322109210725953</mytracks:speed><mytracks:gradient>0</mytracks:gradient><mytracks:length>0.001200847087677287</mytracks:length></extensions></trkpt><trkpt lat="-33.9595470778833" lon="150.9548936149444"><ele>10.80610285365421</ele><time>2026-08-02T03:42:43.50000Z</time><extensions><mytracks:speed>4.440564695840585</mytracks:speed><mytracks:gradient>0</mytracks:gradient><mytracks:length>0.002468317747116104</mytracks:length></extensions></trkpt><trkpt lat="-33.95953793534768" lon="150.95488484767"><ele>10.79594043521625</ele><time>2026-08-02T03:42:44.49900Z</time><extensions><mytracks:speed>4.676840883759867</mytracks:speed><mytracks:gradient>0</mytracks:gradient><mytracks:length>0.001298220674454138</mytracks:length></extensions></trkpt><trkpt lat="-33.95951871844984" lon="150.9548683037397"><ele>10.50981218388619</ele><time>2026-08-02T03:42:46.50000Z</time><extensions><mytracks:speed>4.727154614580479</mytracks:speed><mytracks:gradient>0</mytracks:gradient><mytracks:length>0.002627496236480424</mytracks:length></extensions></trkpt><trkpt lat="-33.95950946003443" lon="150.9548605765124"><ele>10.56613113533284</ele><time>2026-08-02T03:42:47.50100Z</time><extensions><mytracks:speed>4.503494035785648</mytracks:speed><mytracks:gradient>0</mytracks:gradient><mytracks:length>0.001252282587590172</mytracks:length></extensions></trkpt><trkpt lat="-33.95949778138844" lon="150.954846699049"><ele>10.66199767163973</ele><time>2026-08-02T03:42:49.00400Z</time><extensions><mytracks:speed>4.369969665218549</mytracks:speed><mytracks:gradient>0</mytracks:gradient><mytracks:length>0.001823647522182084</mytracks:length></extensions></trkpt><trkpt lat="-33.95949003427044" lon="150.9548381563166"><ele>10.75314873891265</ele><time>2026-08-02T03:42:50.00100Z</time><extensions><mytracks:speed>4.209423510345096</mytracks:speed><mytracks:gradient>0</mytracks:gradient><mytracks:length>0.001166584472202496</mytracks:length></extensions></trkpt><trkpt lat="-33.95948251660992" lon="150.9548294170912"><ele>10.98746678154729</ele><time>2026-08-02T03:42:51.00100Z</time><extensions><mytracks:speed>4.173279819077155</mytracks:speed><mytracks:gradient>0</mytracks:gradient><mytracks:length>0.001158832994518273</mytracks:length></extensions></trkpt><trkpt lat="-33.95947595294071" lon="150.9548190417293"><ele>11.43746156986095</ele><time>2026-08-02T03:42:51.99900Z</time><extensions><mytracks:speed>4.332469422946467</mytracks:speed><mytracks:gradient>0</mytracks:gradient><mytracks:length>0.001200847087677287</mytracks:length></extensions></trkpt><trkpt lat="-33.95947034710844" lon="150.9548064516827"><ele>11.94797238546767</ele><time>2026-08-02T03:42:52.99700Z</time><extensions><mytracks:speed>4.743219392635894</mytracks:speed><mytracks:gradient>0</mytracks:gradient><mytracks:length>0.001315462076070468</mytracks:length></extensions></trkpt><trkpt lat="-33.95946488846499" lon="150.9547937227154"><ele>12.5297103438693</ele><time>2026-08-02T03:42:53.99900Z</time><extensions><mytracks:speed>4.74067501191487</mytracks:speed><mytracks:gradient>0</mytracks:gradient><mytracks:length>0.001318883309614433</mytracks:length></extensions></trkpt><trkpt lat="-33.95945824979663" lon="150.9547809379552"><ele>13.0312831671215</ele><time>2026-08-02T03:42:54.99800Z</time><extensions><mytracks:speed>5.001079494117088</mytracks:speed><mytracks:gradient>0</mytracks:gradient><mytracks:length>0.001388783680483499</mytracks:length></extensions></trkpt><trkpt lat="-33.95945062057336" lon="150.9547683211512"><ele>13.12381621741209</ele><time>2026-08-02T03:42:56.00000Z</time><extensions><mytracks:speed>5.175962884572456</mytracks:speed><mytracks:gradient>0</mytracks:gradient><mytracks:length>0.001439765079440252</mytracks:length></extensions></trkpt><trkpt lat="-33.95944170517511" lon="150.9547570653761"><ele>12.89038533666678</ele><time>2026-08-02T03:42:57.00100Z</time><extensions><mytracks:speed>5.177104277064706</mytracks:speed><mytracks:gradient>0</mytracks:gradient><mytracks:length>0.001439765079440252</mytracks:length></extensions></trkpt><trkpt lat="-33.95943109409337" lon="150.9547484934419"><ele>12.61171761925706</ele><time>2026-08-02T03:42:58.00100Z</time><extensions><mytracks:speed>5.129324323631251</mytracks:speed><mytracks:gradient>0</mytracks:gradient><mytracks:length>0.001424029469490054</mytracks:length></extensions></trkpt><trkpt lat="-33.95941990896893" lon="150.9547423905103"><ele>12.27076205578835</ele><time>2026-08-02T03:42:58.99900Z</time><extensions><mytracks:speed>4.911708734734035</mytracks:speed><mytracks:gradient>0</mytracks:gradient><mytracks:length>0.001362577860079247</mytracks:length></extensions></trkpt><trkpt lat="-33.95941039775777" lon="150.9547370972548"><ele>12.01577785480108</ele><time>2026-08-02T03:42:59.99700Z</time><extensions><mytracks:speed>4.19288228469486</mytracks:speed><mytracks:gradient>0</mytracks:gradient><mytracks:length>0.001162715192978952</mytracks:length></extensions></trkpt><trkpt lat="-33.95940157826902" lon="150.954731954868"><ele>12.01962732035302</ele><time>2026-08-02T03:43:00.99600Z</time><extensions><mytracks:speed>3.916219243724941</mytracks:speed><mytracks:gradient>0</mytracks:gradient><mytracks:length>0.001086584149887204</mytracks:length></extensions></trkpt><trkpt lat="-33.95939359475294" lon="150.9547264354872"><ele>12.08992683817294</ele><time>2026-08-02T03:43:01.99700Z</time><extensions><mytracks:speed>3.678970470489427</mytracks:speed><mytracks:gradient>0</mytracks:gradient><mytracks:length>0.0010224844511227</mytracks:length></extensions></trkpt><trkpt lat="-33.95938616630949" lon="150.9547214290488"><ele>12.04033600679103</ele><time>2026-08-02T03:43:02.99800Z</time><extensions><mytracks:speed>3.395966064869575</mytracks:speed><mytracks:gradient>0</mytracks:gradient><mytracks:length>0.0009445942881414714</mytracks:length></extensions></trkpt><trkpt lat="-33.95937886260787" lon="150.9547139548545"><ele>11.99388522176346</ele><time>2026-08-02T03:43:03.99700Z</time><extensions><mytracks:speed>3.823914235320374</mytracks:speed><mytracks:gradient>0</mytracks:gradient><mytracks:length>0.001061408898580907</mytracks:length></extensions></trkpt><trkpt lat="-33.9593712440908" lon="150.954705679736"><ele>11.89934861966031</ele><time>2026-08-02T03:43:04.99700Z</time><extensions><mytracks:speed>4.088287323938046</mytracks:speed><mytracks:gradient>0</mytracks:gradient><mytracks:length>0.001135261046801494</mytracks:length></extensions></trkpt><trkpt lat="-33.9593634991253" lon="150.9546974796935"><ele>11.79275343709791</ele><time>2026-08-02T03:43:05.99800Z</time><extensions><mytracks:speed>4.127537901239197</mytracks:speed><mytracks:gradient>0</mytracks:gradient><mytracks:length>0.00114710756984012</mytracks:length></extensions></trkpt><trkpt lat="-33.95935557792191" lon="150.9546887520472"><ele>11.65341919923575</ele><time>2026-08-02T03:43:06.99900Z</time><extensions><mytracks:speed>4.291111433465723</mytracks:speed><mytracks:gradient>0</mytracks:gradient><mytracks:length>0.001193318191591511</mytracks:length></extensions></trkpt><trkpt lat="-33.95934704048909" lon="150.9546790653328"><ele>11.63818478460681</ele><time>2026-08-02T03:43:08.00000Z</time><extensions><mytracks:speed>4.691838915143097</mytracks:speed><mytracks:gradient>0</mytracks:gradient><mytracks:length>0.001305144567157196</mytracks:length></extensions></trkpt><trkpt lat="-33.95933794975251" lon="150.9546705018309"><ele>11.66237816914343</ele><time>2026-08-02T03:43:09.00200Z</time><extensions><mytracks:speed>4.616490974769214</mytracks:speed><mytracks:gradient>0</mytracks:gradient><mytracks:length>0.001284260906662108</mytracks:length></extensions></trkpt><trkpt lat="-33.95932927691849" lon="150.9546613884397"><ele>11.74118570559798</ele><time>2026-08-02T03:43:10.00300Z</time><extensions><mytracks:speed>4.605308082315592</mytracks:speed><mytracks:gradient>0</mytracks:gradient><mytracks:length>0.001280747190346591</mytracks:length></extensions></trkpt><trkpt lat="-33.95932110036039" lon="150.9546511674627"><ele>11.87348263268307</ele><time>2026-08-02T03:43:11.00200Z</time><extensions><mytracks:speed>4.700872388765412</mytracks:speed><mytracks:gradient>0</mytracks:gradient><mytracks:length>0.001305144567157196</mytracks:length></extensions></trkpt><trkpt lat="-33.95931299036295" lon="150.9546402135742"><ele>11.98702188127004</ele><time>2026-08-02T03:43:12.00200Z</time><extensions><mytracks:speed>4.869665764577922</mytracks:speed><mytracks:gradient>0</mytracks:gradient><mytracks:length>0.001352619788550522</mytracks:length></extensions></trkpt><trkpt lat="-33.95930552959151" lon="150.954630624366"><ele>12.06971552335433</ele><time>2026-08-02T03:43:13.00200Z</time><extensions><mytracks:speed>4.37862010382264</mytracks:speed><mytracks:gradient>0</mytracks:gradient><mytracks:length>0.001215765014788054</mytracks:length></extensions></trkpt><trkpt lat="-33.95929759747732" lon="150.9546198554618"><ele>12.20167028508633</ele><time>2026-08-02T03:43:14.00200Z</time><extensions><mytracks:speed>4.784911280060608</mytracks:speed><mytracks:gradient>0</mytracks:gradient><mytracks:length>0.00132909417152405</mytracks:length></extensions></trkpt><trkpt lat="-33.95928997214727" lon="150.9546101173641"><ele>12.41362621889663</ele><time>2026-08-02T03:43:15.00100Z</time><extensions><mytracks:speed>4.444579994712353</mytracks:speed><mytracks:gradient>0</mytracks:gradient><mytracks:length>0.001234158873558046</mytracks:length></extensions></trkpt><trkpt lat="-33.95928189717787" lon="150.9546016074606"><ele>12.35788595929147</ele><time>2026-08-02T03:43:16.00000Z</time><extensions><mytracks:speed>4.287038004987461</mytracks:speed><mytracks:gradient>0</mytracks:gradient><mytracks:length>0.001189535874021183</mytracks:length></extensions></trkpt><trkpt lat="-33.95927484060645" lon="150.9545933824364"><ele>12.35372157673239</ele><time>2026-08-02T03:43:17.00100Z</time><extensions><mytracks:speed>3.91051607117462</mytracks:speed><mytracks:gradient>0</mytracks:gradient><mytracks:length>0.001086584149887204</mytracks:length></extensions></trkpt><trkpt lat="-33.95926837841252" lon="150.954583944438"><ele>12.51577864073761</ele><time>2026-08-02T03:43:18.00200Z</time><extensions><mytracks:speed>4.053818042114539</mytracks:speed><mytracks:gradient>0</mytracks:gradient><mytracks:length>0.001127294204183201</mytracks:length></extensions></trkpt><trkpt lat="-33.95926241067307" lon="150.9545745999992"><ele>12.63747870740281</ele><time>2026-08-02T03:43:19.00300Z</time><extensions><mytracks:speed>3.905801360661365</mytracks:speed><mytracks:gradient>0</mytracks:gradient><mytracks:length>0.001086584149887204</mytracks:length></extensions></trkpt><trkpt lat="-33.95925601864016" lon="150.9545649473786"><ele>12.73573182754965</ele><time>2026-08-02T03:43:20.00200Z</time><extensions><mytracks:speed>4.094009084585287</mytracks:speed><mytracks:gradient>0</mytracks:gradient><mytracks:length>0.001135261046801494</mytracks:length></extensions></trkpt><trkpt lat="-33.95924872268625" lon="150.9545554728032"><ele>13.01267823151798</ele><time>2026-08-02T03:43:20.99800Z</time><extensions><mytracks:speed>4.324598647291498</mytracks:speed><mytracks:gradient>0</mytracks:gradient><mytracks:length>0.001197088558621761</mytracks:length></extensions></trkpt><trkpt lat="-33.95924012096952" lon="150.9545472423946"><ele>13.25574808027675</ele><time>2026-08-02T03:43:21.99500Z</time><extensions><mytracks:speed>4.404206938568928</mytracks:speed><mytracks:gradient>0</mytracks:gradient><mytracks:length>0.00121946598229819</mytracks:length></extensions></trkpt><trkpt lat="-33.95923046740031" lon="150.9545396363363"><ele>13.40570303183407</ele><time>2026-08-02T03:43:22.99500Z</time><extensions><mytracks:speed>4.608079488656291</mytracks:speed><mytracks:gradient>0</mytracks:gradient><mytracks:length>0.001280747190346591</mytracks:length></extensions></trkpt><trkpt lat="-33.95922201492141" lon="150.9545321874087"><ele>13.51667213445283</ele><time>2026-08-02T03:43:23.99900Z</time><extensions><mytracks:speed>4.156962552151551</mytracks:speed><mytracks:gradient>0</mytracks:gradient><mytracks:length>0.001158832994518273</mytracks:length></extensions></trkpt><trkpt lat="-33.95921332287195" lon="150.9545245488803"><ele>13.49675380747166</ele><time>2026-08-02T03:43:25.00100Z</time><extensions><mytracks:speed>4.275454155880837</mytracks:speed><mytracks:gradient>0</mytracks:gradient><mytracks:length>0.001189535874021183</mytracks:length></extensions></trkpt><trkpt lat="-33.95920584801203" lon="150.954516880845"><ele>13.40506084544896</ele><time>2026-08-02T03:43:25.99900Z</time><extensions><mytracks:speed>3.946182599991249</mytracks:speed><mytracks:gradient>0</mytracks:gradient><mytracks:length>0.001094847266236659</mytracks:length></extensions></trkpt><trkpt lat="-33.95919864555627" lon="150.9545089556202"><ele>13.24162460663416</ele><time>2026-08-02T03:43:26.99700Z</time><extensions><mytracks:speed>3.905066277948697</mytracks:speed><mytracks:gradient>0</mytracks:gradient><mytracks:length>0.001082428937153014</mytracks:length></extensions></trkpt><trkpt lat="-33.95919111267245" lon="150.9545008311831"><ele>12.97535209299121</ele><time>2026-08-02T03:43:27.99800Z</time><extensions><mytracks:speed>4.028415833001931</mytracks:speed><mytracks:gradient>0</mytracks:gradient><mytracks:length>0.001119270655911808</mytracks:length></extensions></trkpt><trkpt lat="-33.95918288487219" lon="150.954493253562"><ele>12.63507612036335</ele><time>2026-08-02T03:43:29.00000Z</time><extensions><mytracks:speed>4.133836891856299</mytracks:speed><mytracks:gradient>0</mytracks:gradient><mytracks:length>0.001151029316561659</mytracks:length></extensions></trkpt><trkpt lat="-33.95917480201101" lon="150.9544850495436"><ele>12.43003504888021</ele><time>2026-08-02T03:43:30.00200Z</time><extensions><mytracks:speed>4.219784080970735</mytracks:speed><mytracks:gradient>0</mytracks:gradient><mytracks:length>0.001174284783339954</mytracks:length></extensions></trkpt><trkpt lat="-33.95916726459654" lon="150.954476020094"><ele>12.24016009073761</ele><time>2026-08-02T03:43:31.00200Z</time><extensions><mytracks:speed>4.255829223846535</mytracks:speed><mytracks:gradient>0</mytracks:gradient><mytracks:length>0.001181934927981888</mytracks:length></extensions></trkpt><trkpt lat="-33.95916038345135" lon="150.9544663917208"><ele>12.13894317014315</ele><time>2026-08-02T03:43:32.00000Z</time><extensions><mytracks:speed>4.235498743653861</mytracks:speed><mytracks:gradient>0</mytracks:gradient><mytracks:length>0.001174284783339954</mytracks:length></extensions></trkpt><trkpt lat="-33.95915436314885" lon="150.9544564061066"><ele>12.18116904467978</ele><time>2026-08-02T03:43:32.99800Z</time><extensions><mytracks:speed>4.105891455493736</mytracks:speed><mytracks:gradient>0</mytracks:gradient><mytracks:length>0.001139223575592043</mytracks:length></extensions></trkpt><trkpt lat="-33.95914840362217" lon="150.9544453621853"><ele>12.35156251054591</ele><time>2026-08-02T03:43:33.99700Z</time><extensions><mytracks:speed>4.381786369669635</mytracks:speed><mytracks:gradient>0</mytracks:gradient><mytracks:length>0.001215765014788054</mytracks:length></extensions></trkpt><trkpt lat="-33.95914211518349" lon="150.9544344847927"><ele>12.42106831700954</ele><time>2026-08-02T03:43:34.99600Z</time><extensions><mytracks:speed>4.42403638011032</mytracks:speed><mytracks:gradient>0</mytracks:gradient><mytracks:length>0.001226834423865861</mytracks:length></extensions></trkpt><trkpt lat="-33.95913473379346" lon="150.9544247137044"><ele>12.45109823386118</ele><time>2026-08-02T03:43:35.99400Z</time><extensions><mytracks:speed>4.409433487614043</mytracks:speed><mytracks:gradient>0</mytracks:gradient><mytracks:length>0.001223155751645057</mytracks:length></extensions></trkpt><trkpt lat="-33.95912606547598" lon="150.9544155212502"><ele>12.40749725240569</ele><time>2026-08-02T03:43:36.99300Z</time><extensions><mytracks:speed>4.6270199824464</mytracks:speed><mytracks:gradient>0</mytracks:gradient><mytracks:length>0.001284260906662108</mytracks:length></extensions></trkpt><trkpt lat="-33.95911685135986" lon="150.9544066401536"><ele>12.30801009081259</ele><time>2026-08-02T03:43:37.99400Z</time><extensions><mytracks:speed>4.719248601292765</mytracks:speed><mytracks:gradient>0</mytracks:gradient><mytracks:length>0.001312031921402727</mytracks:length></extensions></trkpt><trkpt lat="-33.9591076326222" lon="150.9543966768872"><ele>12.2385165635641</ele><time>2026-08-02T03:43:38.99400Z</time><extensions><mytracks:speed>4.952317650078767</mytracks:speed><mytracks:gradient>0</mytracks:gradient><mytracks:length>0.00137574316933711</mytracks:length></extensions></trkpt><trkpt lat="-33.95909770121683" lon="150.9543874051809"><ele>12.22261574626077</ele><time>2026-08-02T03:43:39.99400Z</time><extensions><mytracks:speed>5.036573333106233</mytracks:speed><mytracks:gradient>0</mytracks:gradient><mytracks:length>0.001398484266474591</mytracks:length></extensions></trkpt><trkpt lat="-33.95908860285741" lon="150.9543779010502"><ele>12.41506307992229</ele><time>2026-08-02T03:43:40.99400Z</time><extensions><mytracks:speed>4.809918109114551</mytracks:speed><mytracks:gradient>0</mytracks:gradient><mytracks:length>0.001335858053229829</mytracks:length></extensions></trkpt><trkpt lat="-33.95907997491446" lon="150.9543682280578"><ele>12.66173132325493</ele><time>2026-08-02T03:43:41.99300Z</time><extensions><mytracks:speed>4.725052042029031</mytracks:speed><mytracks:gradient>0</mytracks:gradient><mytracks:length>0.001312031921402727</mytracks:length></extensions></trkpt><trkpt lat="-33.9590712193277" lon="150.9543587726142"><ele>12.92005694561486</ele><time>2026-08-02T03:43:42.99500Z</time><extensions><mytracks:speed>4.689935708422444</mytracks:speed><mytracks:gradient>0</mytracks:gradient><mytracks:length>0.001305144567157196</mytracks:length></extensions></trkpt><trkpt lat="-33.95906190639867" lon="150.954351552847"><ele>13.1006628677801</ele><time>2026-08-02T03:43:43.99800Z</time><extensions><mytracks:speed>4.419977137701843</mytracks:speed><mytracks:gradient>0</mytracks:gradient><mytracks:length>0.001230502098487512</mytracks:length></extensions></trkpt><trkpt lat="-33.95905310692637" lon="150.9543434175074"><ele>13.23842903631639</ele><time>2026-08-02T03:43:44.99900Z</time><extensions><mytracks:speed>4.451117096677079</mytracks:speed><mytracks:gradient>0</mytracks:gradient><mytracks:length>0.001237804845677201</mytracks:length></extensions></trkpt><trkpt lat="-33.95904342865192" lon="150.9543351773561"><ele>13.18689924979368</ele><time>2026-08-02T03:43:46.00100Z</time><extensions><mytracks:speed>4.751255994401233</mytracks:speed><mytracks:gradient>0</mytracks:gradient><mytracks:length>0.001322295691280666</mytracks:length></extensions></trkpt><trkpt lat="-33.95903414138287" lon="150.9543271462925"><ele>13.15864914318055</ele><time>2026-08-02T03:43:47.00100Z</time><extensions><mytracks:speed>4.57196442915031</mytracks:speed><mytracks:gradient>0</mytracks:gradient><mytracks:length>0.001270147721007681</mytracks:length></extensions></trkpt><trkpt lat="-33.95902437627638" lon="150.9543186943831"><ele>13.10477652443742</ele><time>2026-08-02T03:43:47.99900Z</time><extensions><mytracks:speed>4.805202190006632</mytracks:speed><mytracks:gradient>0</mytracks:gradient><mytracks:length>0.001332480404200788</mytracks:length></extensions></trkpt><trkpt lat="-33.95901508583041" lon="150.9543106860736"><ele>13.10855270269263</ele><time>2026-08-02T03:43:48.99800Z</time><extensions><mytracks:speed>4.562032655742849</mytracks:speed><mytracks:gradient>0</mytracks:gradient><mytracks:length>0.001266594853290156</mytracks:length></extensions></trkpt><trkpt lat="-33.95900598761607" lon="150.9543029604394"><ele>13.08430754437928</ele><time>2026-08-02T03:43:49.99800Z</time><extensions><mytracks:speed>4.443428544450447</mytracks:speed><mytracks:gradient>0</mytracks:gradient><mytracks:length>0.001234158873558046</mytracks:length></extensions></trkpt><trkpt lat="-33.95899782719985" lon="150.9542948146658"><ele>13.2572637999966</ele><time>2026-08-02T03:43:50.99800Z</time><extensions><mytracks:speed>4.241642069467286</mytracks:speed><mytracks:gradient>0</mytracks:gradient><mytracks:length>0.001178116065243004</mytracks:length></extensions></trkpt><trkpt lat="-33.95898946828755" lon="150.9542865931535"><ele>13.51403887090799</ele><time>2026-08-02T03:43:52.00000Z</time><extensions><mytracks:speed>4.303980172689264</mytracks:speed><mytracks:gradient>0</mytracks:gradient><mytracks:length>0.001197088558621761</mytracks:length></extensions></trkpt><trkpt lat="-33.95898204981692" lon="150.9542781238102"><ele>13.76041162407287</ele><time>2026-08-02T03:43:53.00100Z</time><extensions><mytracks:speed>4.082001138672615</mytracks:speed><mytracks:gradient>0</mytracks:gradient><mytracks:length>0.001135261046801494</mytracks:length></extensions></trkpt><trkpt lat="-33.95897378597521" lon="150.9542679556601"><ele>14.00767067625727</ele><time>2026-08-02T03:43:54.00200Z</time><extensions><mytracks:speed>4.73154933229054</mytracks:speed><mytracks:gradient>0</mytracks:gradient><mytracks:length>0.001315462076070468</mytracks:length></extensions></trkpt><trkpt lat="-33.95896430723154" lon="150.9542585792717"><ele>14.33354292657259</ele><time>2026-08-02T03:43:55.00300Z</time><extensions><mytracks:speed>4.908920153879455</mytracks:speed><mytracks:gradient>0</mytracks:gradient><mytracks:length>0.001365881083981338</mytracks:length></extensions></trkpt><trkpt lat="-33.95895448511708" lon="150.9542500963734"><ele>14.48257981193105</ele><time>2026-08-02T03:43:56.00400Z</time><extensions><mytracks:speed>4.816558402236584</mytracks:speed><mytracks:gradient>0</mytracks:gradient><mytracks:length>0.001339227183557324</mytracks:length></extensions></trkpt><trkpt lat="-33.95894492906667" lon="150.9542413438629"><ele>14.4472538337834</ele><time>2026-08-02T03:43:57.00400Z</time><extensions><mytracks:speed>4.811463576207508</mytracks:speed><mytracks:gradient>0</mytracks:gradient><mytracks:length>0.001335858053229829</mytracks:length></extensions></trkpt><trkpt lat="-33.95893504828203" lon="150.9542329297946"><ele>14.35369729318393</ele><time>2026-08-02T03:43:58.00300Z</time><extensions><mytracks:speed>4.858709748569072</mytracks:speed><mytracks:gradient>0</mytracks:gradient><mytracks:length>0.0013492840996538</mytracks:length></extensions></trkpt><trkpt lat="-33.95892585755792" lon="150.9542247833131"><ele>14.18926681212929</ele><time>2026-08-02T03:43:59.00200Z</time><extensions><mytracks:speed>4.579821416928207</mytracks:speed><mytracks:gradient>0</mytracks:gradient><mytracks:length>0.001270147721007681</mytracks:length></extensions></trkpt><trkpt lat="-33.95891738015979" lon="150.95421803633"><ele>14.04962047601019</ele><time>2026-08-02T03:43:59.99900Z</time><extensions><mytracks:speed>4.083258997286462</mytracks:speed><mytracks:gradient>0</mytracks:gradient><mytracks:length>0.001131284638623247</mytracks:length></extensions></trkpt><trkpt lat="-33.95890953070957" lon="150.9542099242435"><ele>14.03672498479389</ele><time>2026-08-02T03:44:00.99600Z</time><extensions><mytracks:speed>4.144169838343289</mytracks:speed><mytracks:gradient>0</mytracks:gradient><mytracks:length>0.00114710756984012</mytracks:length></extensions></trkpt><trkpt lat="-33.95890186266369" lon="150.9542020282016"><ele>14.09221392229513</ele><time>2026-08-02T03:44:01.99300Z</time><extensions><mytracks:speed>4.071245116234838</mytracks:speed><mytracks:gradient>0</mytracks:gradient><mytracks:length>0.001127294204183201</mytracks:length></extensions></trkpt><trkpt lat="-33.95889366515011" lon="150.9541947618194"><ele>14.23793198215422</ele><time>2026-08-02T03:44:02.99200Z</time><extensions><mytracks:speed>4.091278023177476</mytracks:speed><mytracks:gradient>0</mytracks:gradient><mytracks:length>0.001135261046801494</mytracks:length></extensions></trkpt><trkpt lat="-33.95888525185354" lon="150.9541875831163"><ele>14.3991627186122</ele><time>2026-08-02T03:44:03.99200Z</time><extensions><mytracks:speed>4.128452353819501</mytracks:speed><mytracks:gradient>0</mytracks:gradient><mytracks:length>0.00114710756984012</mytracks:length></extensions></trkpt><trkpt lat="-33.95887750247336" lon="150.9541783779171"><ele>14.60006230277276</ele><time>2026-08-02T03:44:04.99400Z</time><extensions><mytracks:speed>4.338376159968769</mytracks:speed><mytracks:gradient>0</mytracks:gradient><mytracks:length>0.001208329073383078</mytracks:length></extensions></trkpt><trkpt lat="-33.95886953908013" lon="150.9541688817785"><ele>14.73712942596792</ele><time>2026-08-02T03:44:05.99600Z</time><extensions><mytracks:speed>4.47661536033119</mytracks:speed><mytracks:gradient>0</mytracks:gradient><mytracks:length>0.001245064760396722</mytracks:length></extensions></trkpt><trkpt lat="-33.95886158094716" lon="150.9541590180698"><ele>14.93978693349598</ele><time>2026-08-02T03:44:06.99700Z</time><extensions><mytracks:speed>4.554836201477398</mytracks:speed><mytracks:gradient>0</mytracks:gradient><mytracks:length>0.001266594853290156</mytracks:length></extensions></trkpt><trkpt lat="-33.95885352738172" lon="150.9541498450799"><ele>15.00487089459861</ele><time>2026-08-02T03:44:07.99800Z</time><extensions><mytracks:speed>4.424411935389263</mytracks:speed><mytracks:gradient>0</mytracks:gradient><mytracks:length>0.001230502098487512</mytracks:length></extensions></trkpt><trkpt lat="-33.95884508907927" lon="150.9541416930775"><ele>15.18446430950962</ele><time>2026-08-02T03:44:08.99900Z</time><extensions><mytracks:speed>4.330670235359277</mytracks:speed><mytracks:gradient>0</mytracks:gradient><mytracks:length>0.001204593889567316</mytracks:length></extensions></trkpt><trkpt lat="-33.95883661472832" lon="150.9541334352182"><ele>15.38342897520686</ele><time>2026-08-02T03:44:10.00200Z</time><extensions><mytracks:speed>4.354032096023123</mytracks:speed><mytracks:gradient>0</mytracks:gradient><mytracks:length>0.001212052746534862</mytracks:length></extensions></trkpt><trkpt lat="-33.95882809246859" lon="150.9541252951502"><ele>15.6187827817402</ele><time>2026-08-02T03:44:11.00100Z</time><extensions><mytracks:speed>4.354266984036953</mytracks:speed><mytracks:gradient>0</mytracks:gradient><mytracks:length>0.001208329073383078</mytracks:length></extensions></trkpt><trkpt lat="-33.95881906847372" lon="150.9541175377022"><ele>15.80071769686582</ele><time>2026-08-02T03:44:12.00100Z</time><extensions><mytracks:speed>4.429970735497255</mytracks:speed><mytracks:gradient>0</mytracks:gradient><mytracks:length>0.001230502098487512</mytracks:length></extensions></trkpt><trkpt lat="-33.95881073895742" lon="150.9541088350437"><ele>16.0937637409562</ele><time>2026-08-02T03:44:13.00100Z</time><extensions><mytracks:speed>4.40222192084985</mytracks:speed><mytracks:gradient>0</mytracks:gradient><mytracks:length>0.001223155751645057</mytracks:length></extensions></trkpt><trkpt lat="-33.95880319122079" lon="150.9540999051824"><ele>16.32318722961548</ele><time>2026-08-02T03:44:14.00300Z</time><extensions><mytracks:speed>4.2197865916133</mytracks:speed><mytracks:gradient>0</mytracks:gradient><mytracks:length>0.001174284783339954</mytracks:length></extensions></trkpt><trkpt lat="-33.95879460456784" lon="150.9540902028308"><ele>16.39368247270955</ele><time>2026-08-02T03:44:15.00500Z</time><extensions><mytracks:speed>4.687062889855103</mytracks:speed><mytracks:gradient>0</mytracks:gradient><mytracks:length>0.001305144567157196</mytracks:length></extensions></trkpt><trkpt lat="-33.9587864989814" lon="150.9540807183228"><ele>16.32638708612765</ele><time>2026-08-02T03:44:16.00500Z</time><extensions><mytracks:speed>4.522701836342474</mytracks:speed><mytracks:gradient>0</mytracks:gradient><mytracks:length>0.001255875945299307</mytracks:length></extensions></trkpt><trkpt lat="-33.95877875651348" lon="150.9540704041684"><ele>16.28754374393749</ele><time>2026-08-02T03:44:17.00300Z</time><extensions><mytracks:speed>4.630301876597196</mytracks:speed><mytracks:gradient>0</mytracks:gradient><mytracks:length>0.001284260906662108</mytracks:length></extensions></trkpt><trkpt lat="-33.95877110596413" lon="150.9540594027995"><ele>16.24422657560656</ele><time>2026-08-02T03:44:18.00200Z</time><extensions><mytracks:speed>4.767339963175608</mytracks:speed><mytracks:gradient>0</mytracks:gradient><mytracks:length>0.001322295691280666</mytracks:length></extensions></trkpt><trkpt lat="-33.95876350738776" lon="150.9540477902205"><ele>16.18111178364831</ele><time>2026-08-02T03:44:19.00100Z</time><extensions><mytracks:speed>4.910476665141299</mytracks:speed><mytracks:gradient>0</mytracks:gradient><mytracks:length>0.001362577860079247</mytracks:length></extensions></trkpt><trkpt lat="-33.95875652321157" lon="150.9540379482518"><ele>16.22393013729891</ele><time>2026-08-02T03:44:20.00000Z</time><extensions><mytracks:speed>4.297249222037598</mytracks:speed><mytracks:gradient>0</mytracks:gradient><mytracks:length>0.001193318191591511</mytracks:length></extensions></trkpt><trkpt lat="-33.95874877050141" lon="150.9540284591151"><ele>16.45777400613548</ele><time>2026-08-02T03:44:21.00000Z</time><extensions><mytracks:speed>4.417123642780185</mytracks:speed><mytracks:gradient>0</mytracks:gradient><mytracks:length>0.001226834423865861</mytracks:length></extensions></trkpt><trkpt lat="-33.9587413827456" lon="150.9540190781683"><ele>16.5689085110902</ele><time>2026-08-02T03:44:22.00000Z</time><extensions><mytracks:speed>4.297124193367626</mytracks:speed><mytracks:gradient>0</mytracks:gradient><mytracks:length>0.001193318191591511</mytracks:length></extensions></trkpt><trkpt lat="-33.95873477423907" lon="150.9540080240201"><ele>16.67236608058573</ele><time>2026-08-02T03:44:22.99900Z</time><extensions><mytracks:speed>4.550153962970606</mytracks:speed><mytracks:gradient>0</mytracks:gradient><mytracks:length>0.001263031991511386</mytracks:length></extensions></trkpt><trkpt lat="-33.95872826466986" lon="150.9539974098564"><ele>16.66428276795838</ele><time>2026-08-02T03:44:23.99800Z</time><extensions><mytracks:speed>4.408548836552991</mytracks:speed><mytracks:gradient>0</mytracks:gradient><mytracks:length>0.001223155751645057</mytracks:length></extensions></trkpt><trkpt lat="-33.95872155360055" lon="150.953987007704"><ele>16.61832350967469</ele><time>2026-08-02T03:44:24.99700Z</time><extensions><mytracks:speed>4.39246839906146</mytracks:speed><mytracks:gradient>0</mytracks:gradient><mytracks:length>0.00121946598229819</mytracks:length></extensions></trkpt><trkpt lat="-33.95871551917427" lon="150.9539768591083"><ele>16.5968060927106</ele><time>2026-08-02T03:44:25.99700Z</time><extensions><mytracks:speed>4.161151990046652</mytracks:speed><mytracks:gradient>0</mytracks:gradient><mytracks:length>0.001154937746540606</mytracks:length></extensions></trkpt><trkpt lat="-33.95870914414814" lon="150.9539671094841"><ele>16.7854145337382</ele><time>2026-08-02T03:44:26.99700Z</time><extensions><mytracks:speed>4.128032216095225</mytracks:speed><mytracks:gradient>0</mytracks:gradient><mytracks:length>0.00114710756984012</mytracks:length></extensions></trkpt><trkpt lat="-33.95870206497379" lon="150.9539574112184"><ele>16.7230337040617</ele><time>2026-08-02T03:44:27.99800Z</time><extensions><mytracks:speed>4.293239634604469</mytracks:speed><mytracks:gradient>0</mytracks:gradient><mytracks:length>0.001193318191591511</mytracks:length></extensions></trkpt><trkpt lat="-33.95869577718342" lon="150.9539480079879"><ele>16.83397464226727</ele><time>2026-08-02T03:44:28.99800Z</time><extensions><mytracks:speed>4.014953598999976</mytracks:speed><mytracks:gradient>0</mytracks:gradient><mytracks:length>0.001115237235024618</mytracks:length></extensions></trkpt><trkpt lat="-33.95869025467745" lon="150.9539369750928"><ele>16.79958713771181</ele><time>2026-08-02T03:44:29.99800Z</time><extensions><mytracks:speed>4.266719780695108</mytracks:speed><mytracks:gradient>0</mytracks:gradient><mytracks:length>0.001185741491550095</mytracks:length></extensions></trkpt><trkpt lat="-33.95868466630868" lon="150.9539247732595"><ele>16.68083480912311</ele><time>2026-08-02T03:44:30.99800Z</time><extensions><mytracks:speed>4.62404759379922</mytracks:speed><mytracks:gradient>0</mytracks:gradient><mytracks:length>0.001284260906662108</mytracks:length></extensions></trkpt><trkpt lat="-33.95867956938233" lon="150.9539122495694"><ele>16.50806680114859</ele><time>2026-08-02T03:44:31.99800Z</time><extensions><mytracks:speed>4.623116612131066</mytracks:speed><mytracks:gradient>0</mytracks:gradient><mytracks:length>0.001284260906662108</mytracks:length></extensions></trkpt><trkpt lat="-33.95867548616337" lon="150.9539006034936"><ele>16.49390408368576</ele><time>2026-08-02T03:44:32.99800Z</time><extensions><mytracks:speed>4.198367306139754</mytracks:speed><mytracks:gradient>0</mytracks:gradient><mytracks:length>0.001166584472202496</mytracks:length></extensions></trkpt><trkpt lat="-33.95867197997503" lon="150.9538881536595"><ele>16.4477381596845</ele><time>2026-08-02T03:44:33.99800Z</time><extensions><mytracks:speed>4.364287862594888</mytracks:speed><mytracks:gradient>0</mytracks:gradient><mytracks:length>0.001212052746534862</mytracks:length></extensions></trkpt><trkpt lat="-33.95866937337474" lon="150.9538765590507"><ele>16.4724075682799</ele><time>2026-08-02T03:44:34.99700Z</time><extensions><mytracks:speed>3.977040654229996</mytracks:speed><mytracks:gradient>0</mytracks:gradient><mytracks:length>0.001103048483968712</mytracks:length></extensions></trkpt><trkpt lat="-33.95866732237342" lon="150.95386563911"><ele>16.530654216402</ele><time>2026-08-02T03:44:35.99500Z</time><extensions><mytracks:speed>3.718478387265673</mytracks:speed><mytracks:gradient>0</mytracks:gradient><mytracks:length>0.001031261302671383</mytracks:length></extensions></trkpt><trkpt lat="-33.95866564088661" lon="150.953853856444"><ele>16.57024962734011</ele><time>2026-08-02T03:44:36.99400Z</time><extensions><mytracks:speed>3.991147621768333</mytracks:speed><mytracks:gradient>0</mytracks:gradient><mytracks:length>0.001107126311125143</mytracks:length></extensions></trkpt><trkpt lat="-33.95866358463932" lon="150.9538422638181"><ele>16.80591341757854</ele><time>2026-08-02T03:44:37.99500Z</time><extensions><mytracks:speed>3.919951378257372</mytracks:speed><mytracks:gradient>0</mytracks:gradient><mytracks:length>0.001090723533066923</mytracks:length></extensions></trkpt><trkpt lat="-33.9586606193925" lon="150.953829756078"><ele>17.01406980283112</ele><time>2026-08-02T03:44:38.99700Z</time><extensions><mytracks:speed>4.300554332895483</mytracks:speed><mytracks:gradient>0</mytracks:gradient><mytracks:length>0.001197088558621761</mytracks:length></extensions></trkpt><trkpt lat="-33.95865631614242" lon="150.9538096814857"><ele>17.26697836908343</ele><time>2026-08-02T03:44:40.49900Z</time><extensions><mytracks:speed>4.580523508648098</mytracks:speed><mytracks:gradient>0</mytracks:gradient><mytracks:length>0.001910536017445638</mytracks:length></extensions></trkpt><trkpt lat="-33.95865408381808" lon="150.9537986974362"><ele>17.35787960924296</ele><time>2026-08-02T03:44:41.49900Z</time><extensions><mytracks:speed>3.760039774586833</mytracks:speed><mytracks:gradient>0</mytracks:gradient><mytracks:length>0.001044288277626039</mytracks:length></extensions></trkpt><trkpt lat="-33.95865224943451" lon="150.9537841493434"><ele>17.37306827379125</ele><time>2026-08-02T03:44:42.50000Z</time><extensions><mytracks:speed>4.874728541094829</mytracks:speed><mytracks:gradient>0</mytracks:gradient><mytracks:length>0.001355947271533209</mytracks:length></extensions></trkpt><trkpt lat="-33.95865119487652" lon="150.9537714676644"><ele>17.35386608506633</ele><time>2026-08-02T03:44:43.50000Z</time><extensions><mytracks:speed>4.241899483189211</mytracks:speed><mytracks:gradient>0</mytracks:gradient><mytracks:length>0.001178116065243004</mytracks:length></extensions></trkpt><trkpt lat="-33.95864994255439" lon="150.9537568095044"><ele>17.50902389640019</ele><time>2026-08-02T03:44:44.50000Z</time><extensions><mytracks:speed>4.907433724308055</mytracks:speed><mytracks:gradient>0</mytracks:gradient><mytracks:length>0.001362577860079247</mytracks:length></extensions></trkpt><trkpt lat="-33.95864926567587" lon="150.95372732597"><ele>17.69349606408246</ele><time>2026-08-02T03:44:46.50300Z</time><extensions><mytracks:speed>4.894242966436667</mytracks:speed><mytracks:gradient>0</mytracks:gradient><mytracks:length>0.002723501604242735</mytracks:length></extensions></trkpt><trkpt lat="-33.95864816943689" lon="150.9537140072398"><ele>17.7253245043541</ele><time>2026-08-02T03:44:47.50300Z</time><extensions><mytracks:speed>4.442506436925173</mytracks:speed><mytracks:gradient>0</mytracks:gradient><mytracks:length>0.001234158873558046</mytracks:length></extensions></trkpt><trkpt lat="-33.95864542054188" lon="150.9536950867308"><ele>17.74429456623388</ele><time>2026-08-02T03:44:49.00300Z</time><extensions><mytracks:speed>4.250480265110215</mytracks:speed><mytracks:gradient>0</mytracks:gradient><mytracks:length>0.001770995019293697</mytracks:length></extensions></trkpt><trkpt lat="-33.95864230988511" lon="150.9536818089331"><ele>17.7032687650643</ele><time>2026-08-02T03:44:50.00200Z</time><extensions><mytracks:speed>4.602345468331879</mytracks:speed><mytracks:gradient>0</mytracks:gradient><mytracks:length>0.001277223807631534</mytracks:length></extensions></trkpt><trkpt lat="-33.95863788189194" lon="150.9536700823175"><ele>17.65284281480707</ele><time>2026-08-02T03:44:51.00200Z</time><extensions><mytracks:speed>4.282673757261045</mytracks:speed><mytracks:gradient>0</mytracks:gradient><mytracks:length>0.001189535874021183</mytracks:length></extensions></trkpt><trkpt lat="-33.95863266412361" lon="150.9536585542605"><ele>17.65524229099079</ele><time>2026-08-02T03:44:52.00100Z</time><extensions><mytracks:speed>4.353237939173058</mytracks:speed><mytracks:gradient>0</mytracks:gradient><mytracks:length>0.001208329073383078</mytracks:length></extensions></trkpt><trkpt lat="-33.9586262485463" lon="150.9536489779737"><ele>17.60880474063362</ele><time>2026-08-02T03:44:53.00100Z</time><extensions><mytracks:speed>4.103677270999871</mytracks:speed><mytracks:gradient>0</mytracks:gradient><mytracks:length>0.001139223575592043</mytracks:length></extensions></trkpt><trkpt lat="-33.95861761361419" lon="150.9536395776742"><ele>17.7015113343761</ele><time>2026-08-02T03:44:54.00100Z</time><extensions><mytracks:speed>4.644950522218802</mytracks:speed><mytracks:gradient>0</mytracks:gradient><mytracks:length>0.00129125965552261</mytracks:length></extensions></trkpt><trkpt lat="-33.9586083916754" lon="150.953631838995"><ele>17.77584883173866</ele><time>2026-08-02T03:44:55.00100Z</time><extensions><mytracks:speed>4.494730691709966</mytracks:speed><mytracks:gradient>0</mytracks:gradient><mytracks:length>0.001248678889219179</mytracks:length></extensions></trkpt><trkpt lat="-33.95859853465633" lon="150.9536234539395"><ele>17.88719737724658</ele><time>2026-08-02T03:44:56.00300Z</time><extensions><mytracks:speed>4.816226297077701</mytracks:speed><mytracks:gradient>0</mytracks:gradient><mytracks:length>0.001339227183557324</mytracks:length></extensions></trkpt><trkpt lat="-33.95858848455296" lon="150.9536168653785"><ele>18.14415953272568</ele><time>2026-08-02T03:44:57.00200Z</time><extensions><mytracks:speed>4.574130007756854</mytracks:speed><mytracks:gradient>0</mytracks:gradient><mytracks:length>0.001270147721007681</mytracks:length></extensions></trkpt><trkpt lat="-33.95857871053964" lon="150.9536093033531"><ele>18.30876618009437</ele><time>2026-08-02T03:44:58.00200Z</time><extensions><mytracks:speed>4.637354963746092</mytracks:speed><mytracks:gradient>0</mytracks:gradient><mytracks:length>0.001287765035703515</mytracks:length></extensions></trkpt><trkpt lat="-33.95856907838954" lon="150.9536023290305"><ele>18.51898005909316</ele><time>2026-08-02T03:44:59.00200Z</time><extensions><mytracks:speed>4.509709690949045</mytracks:speed><mytracks:gradient>0</mytracks:gradient><mytracks:length>0.001252282587590172</mytracks:length></extensions></trkpt><trkpt lat="-33.95855973593454" lon="150.9535953514333"><ele>18.76448170730183</ele><time>2026-08-02T03:44:59.99900Z</time><extensions><mytracks:speed>4.399671355466633</mytracks:speed><mytracks:gradient>0</mytracks:gradient><mytracks:length>0.00121946598229819</mytracks:length></extensions></trkpt><trkpt lat="-33.95855116904591" lon="150.95358979074"><ele>18.91901548448302</ele><time>2026-08-02T03:45:00.99700Z</time><extensions><mytracks:speed>3.906910813573513</mytracks:speed><mytracks:gradient>0</mytracks:gradient><mytracks:length>0.001082428937153014</mytracks:length></extensions></trkpt><trkpt lat="-33.95854298982253" lon="150.9535843069608"><ele>18.9321270115336</ele><time>2026-08-02T03:45:01.99500Z</time><extensions><mytracks:speed>3.751672703636132</mytracks:speed><mytracks:gradient>0</mytracks:gradient><mytracks:length>0.001039964083989089</mytracks:length></extensions></trkpt><trkpt lat="-33.95853461702175" lon="150.9535803302722"><ele>19.09280472750556</ele><time>2026-08-02T03:45:02.99400Z</time><extensions><mytracks:speed>3.603746742479628</mytracks:speed><mytracks:gradient>0</mytracks:gradient><mytracks:length>0.001000205428293718</mytracks:length></extensions></trkpt><trkpt lat="-33.95852541405976" lon="150.953577770071"><ele>19.11044907182578</ele><time>2026-08-02T03:45:03.99500Z</time><extensions><mytracks:speed>3.769480114683082</mytracks:speed><mytracks:gradient>0</mytracks:gradient><mytracks:length>0.001048594639308752</mytracks:length></extensions></trkpt><trkpt lat="-33.95851579358114" lon="150.9535759899462"><ele>19.087953364005</ele><time>2026-08-02T03:45:04.99700Z</time><extensions><mytracks:speed>3.876651694985212</mytracks:speed><mytracks:gradient>0</mytracks:gradient><mytracks:length>0.001078257711860346</mytracks:length></extensions></trkpt><trkpt lat="-33.95850480943965" lon="150.953574687092"><ele>19.09275710284027</ele><time>2026-08-02T03:45:05.99800Z</time><extensions><mytracks:speed>4.396382452515295</mytracks:speed><mytracks:gradient>0</mytracks:gradient><mytracks:length>0.001223155751645057</mytracks:length></extensions></trkpt><trkpt lat="-33.95849341212287" lon="150.9535719842429"><ele>19.03729572041504</ele><time>2026-08-02T03:45:06.99900Z</time><extensions><mytracks:speed>4.630218659419062</mytracks:speed><mytracks:gradient>0</mytracks:gradient><mytracks:length>0.001287765035703515</mytracks:length></extensions></trkpt><trkpt lat="-33.95848170795944" lon="150.9535687618884"><ele>18.92360700932474</ele><time>2026-08-02T03:45:08.00000Z</time><extensions><mytracks:speed>4.791937358629943</mytracks:speed><mytracks:gradient>0</mytracks:gradient><mytracks:length>0.001332480404200788</mytracks:length></extensions></trkpt><trkpt lat="-33.95847105803593" lon="150.9535670053919"><ele>18.96664158475012</ele><time>2026-08-02T03:45:09.00100Z</time><extensions><mytracks:speed>4.306767464588164</mytracks:speed><mytracks:gradient>0</mytracks:gradient><mytracks:length>0.001197088558621761</mytracks:length></extensions></trkpt><trkpt lat="-33.95845950737435" lon="150.9535655191577"><ele>19.00955484328112</ele><time>2026-08-02T03:45:10.00000Z</time><extensions><mytracks:speed>4.65418562359756</mytracks:speed><mytracks:gradient>0</mytracks:gradient><mytracks:length>0.00129125965552261</mytracks:length></extensions></trkpt><trkpt lat="-33.95844868991527" lon="150.9535624782678"><ele>19.09984984959269</ele><time>2026-08-02T03:45:10.99900Z</time><extensions><mytracks:speed>4.461824846403312</mytracks:speed><mytracks:gradient>0</mytracks:gradient><mytracks:length>0.001237804845677201</mytracks:length></extensions></trkpt><trkpt lat="-33.95843792487423" lon="150.9535585649336"><ele>19.20483755591527</ele><time>2026-08-02T03:45:11.99700Z</time><extensions><mytracks:speed>4.500469489473568</mytracks:speed><mytracks:gradient>0</mytracks:gradient><mytracks:length>0.001248678889219179</mytracks:length></extensions></trkpt><trkpt lat="-33.95842733939886" lon="150.9535545417168"><ele>19.24927356177623</ele><time>2026-08-02T03:45:12.99900Z</time><extensions><mytracks:speed>4.423922076252688</mytracks:speed><mytracks:gradient>0</mytracks:gradient><mytracks:length>0.001230502098487512</mytracks:length></extensions></trkpt><trkpt lat="-33.95841617514719" lon="150.9535490281426"><ele>19.31879320231269</ele><time>2026-08-02T03:45:14.00100Z</time><extensions><mytracks:speed>4.821110939197514</mytracks:speed><mytracks:gradient>0</mytracks:gradient><mytracks:length>0.001342587859314532</mytracks:length></extensions></trkpt><trkpt lat="-33.95840518486736" lon="150.9535432324287"><ele>19.41757016396374</ele><time>2026-08-02T03:45:15.00200Z</time><extensions><mytracks:speed>4.792341982907811</mytracks:speed><mytracks:gradient>0</mytracks:gradient><mytracks:length>0.001332480404200788</mytracks:length></extensions></trkpt><trkpt lat="-33.95839472350402" lon="150.953539903431"><ele>19.68863103490925</ele><time>2026-08-02T03:45:16.00100Z</time><extensions><mytracks:speed>4.326783855723672</mytracks:speed><mytracks:gradient>0</mytracks:gradient><mytracks:length>0.001200847087677287</mytracks:length></extensions></trkpt><trkpt lat="-33.95838458935875" lon="150.9535376793089"><ele>19.84087137053527</ele><time>2026-08-02T03:45:17.00000Z</time><extensions><mytracks:speed>4.120732194768268</mytracks:speed><mytracks:gradient>0</mytracks:gradient><mytracks:length>0.00114317236932346</mytracks:length></extensions></trkpt><trkpt lat="-33.95837363114257" lon="150.9535371134905"><ele>19.86348445941176</ele><time>2026-08-02T03:45:18.00100Z</time><extensions><mytracks:speed>4.401579842877141</mytracks:speed><mytracks:gradient>0</mytracks:gradient><mytracks:length>0.001223155751645057</mytracks:length></extensions></trkpt><trkpt lat="-33.95836353668169" lon="150.9535372186777"><ele>20.019384762451</ele><time>2026-08-02T03:45:19.00300Z</time><extensions><mytracks:speed>4.050114591525668</mytracks:speed><mytracks:gradient>0</mytracks:gradient><mytracks:length>0.001127294204183201</mytracks:length></extensions></trkpt><trkpt lat="-33.95835437464564" lon="150.9535369161239"><ele>20.14294986125933</ele><time>2026-08-02T03:45:20.00300Z</time><extensions><mytracks:speed>3.662250341431866</mytracks:speed><mytracks:gradient>0</mytracks:gradient><mytracks:length>0.001018067650987789</mytracks:length></extensions></trkpt><trkpt lat="-33.95834338187625" lon="150.9535363269072"><ele>20.13419005697575</ele><time>2026-08-02T03:45:21.00300Z</time><extensions><mytracks:speed>4.403675156355299</mytracks:speed><mytracks:gradient>0</mytracks:gradient><mytracks:length>0.001223155751645057</mytracks:length></extensions></trkpt><trkpt lat="-33.95833280439308" lon="150.9535363048063"><ele>20.24724349256943</ele><time>2026-08-02T03:45:22.00200Z</time><extensions><mytracks:speed>4.245148918172109</mytracks:speed><mytracks:gradient>0</mytracks:gradient><mytracks:length>0.001178116065243004</mytracks:length></extensions></trkpt><trkpt lat="-33.95832315102213" lon="150.9535361264915"><ele>20.58700295804262</ele><time>2026-08-02T03:45:23.00200Z</time><extensions><mytracks:speed>3.867397136705284</mytracks:speed><mytracks:gradient>0</mytracks:gradient><mytracks:length>0.001074070287451625</mytracks:length></extensions></trkpt><trkpt lat="-33.95831380901201" lon="150.9535359876685"><ele>20.74568147948936</ele><time>2026-08-02T03:45:24.00200Z</time><extensions><mytracks:speed>3.727893307680467</mytracks:speed><mytracks:gradient>0</mytracks:gradient><mytracks:length>0.001035621835028294</mytracks:length></extensions></trkpt><trkpt lat="-33.95830432871442" lon="150.9535367142946"><ele>20.75298304699603</ele><time>2026-08-02T03:45:25.00200Z</time><extensions><mytracks:speed>3.792950697155457</mytracks:speed><mytracks:gradient>0</mytracks:gradient><mytracks:length>0.001052883387838818</mytracks:length></extensions></trkpt><trkpt lat="-33.95829633587651" lon="150.9535360247304"><ele>20.70669743676913</ele><time>2026-08-02T03:45:26.00100Z</time><extensions><mytracks:speed>3.224861890366771</mytracks:speed><mytracks:gradient>0</mytracks:gradient><mytracks:length>0.0008956178097774487</mytracks:length></extensions></trkpt><trkpt lat="-33.95828732712759" lon="150.9535359520435"><ele>20.70157697591813</ele><time>2026-08-02T03:45:27.00100Z</time><extensions><mytracks:speed>3.602909806966279</mytracks:speed><mytracks:gradient>0</mytracks:gradient><mytracks:length>0.001000205428293718</mytracks:length></extensions></trkpt><trkpt lat="-33.95827890153967" lon="150.9535365100663"><ele>20.52016086813443</ele><time>2026-08-02T03:45:28.00100Z</time><extensions><mytracks:speed>3.366687143938341</mytracks:speed><mytracks:gradient>0</mytracks:gradient><mytracks:length>0.0009350042500383114</mytracks:length></extensions></trkpt><trkpt lat="-33.95827065999404" lon="150.9535379331636"><ele>20.39134474996163</ele><time>2026-08-02T03:45:29.00100Z</time><extensions><mytracks:speed>3.312872277634592</mytracks:speed><mytracks:gradient>0</mytracks:gradient><mytracks:length>0.000920431863415225</mytracks:length></extensions></trkpt><trkpt lat="-33.95826176623091" lon="150.9535412392775"><ele>20.44111542716082</ele><time>2026-08-02T03:45:30.00100Z</time><extensions><mytracks:speed>3.711486346397761</mytracks:speed><mytracks:gradient>0</mytracks:gradient><mytracks:length>0.001031261302671383</mytracks:length></extensions></trkpt><trkpt lat="-33.95825329000797" lon="150.9535462088554"><ele>20.52894175996138</ele><time>2026-08-02T03:45:31.00000Z</time><extensions><mytracks:speed>3.779520582550368</mytracks:speed><mytracks:gradient>0</mytracks:gradient><mytracks:length>0.001048594639308752</mytracks:length></extensions></trkpt><trkpt lat="-33.95824533226579" lon="150.9535520406737"><ele>20.61181708254844</ele><time>2026-08-02T03:45:31.99800Z</time><extensions><mytracks:speed>3.718030459226903</mytracks:speed><mytracks:gradient>0</mytracks:gradient><mytracks:length>0.001031261302671383</mytracks:length></extensions></trkpt><trkpt lat="-33.95823637355903" lon="150.9535585918423"><ele>20.85423489974994</ele><time>2026-08-02T03:45:32.99800Z</time><extensions><mytracks:speed>4.174947681010429</mytracks:speed><mytracks:gradient>0</mytracks:gradient><mytracks:length>0.001158832994518273</mytracks:length></extensions></trkpt><trkpt lat="-33.95822703433466" lon="150.9535636912909"><ele>21.11183693720434</ele><time>2026-08-02T03:45:33.99800Z</time><extensions><mytracks:speed>4.098582126038965</mytracks:speed><mytracks:gradient>0</mytracks:gradient><mytracks:length>0.001139223575592043</mytracks:length></extensions></trkpt><trkpt lat="-33.95821865711038" lon="150.9535674563609"><ele>21.4130993673858</ele><time>2026-08-02T03:45:35.00100Z</time><extensions><mytracks:speed>3.57608726429271</mytracks:speed><mytracks:gradient>0</mytracks:gradient><mytracks:length>0.0009956898051041428</mytracks:length></extensions></trkpt><trkpt lat="-33.95820808508446" lon="150.9535698710316"><ele>21.60304743174443</ele><time>2026-08-02T03:45:36.00200Z</time><extensions><mytracks:speed>4.304686909018921</mytracks:speed><mytracks:gradient>0</mytracks:gradient><mytracks:length>0.001197088558621761</mytracks:length></extensions></trkpt><trkpt lat="-33.95819801125575" lon="150.9535690882484"><ele>21.74345773307861</ele><time>2026-08-02T03:45:37.00100Z</time><extensions><mytracks:speed>4.060747300095068</mytracks:speed><mytracks:gradient>0</mytracks:gradient><mytracks:length>0.001127294204183201</mytracks:length></extensions></trkpt><trkpt lat="-33.9581908042769" lon="150.9535660392763"><ele>21.73003805966849</ele><time>2026-08-02T03:45:38.00000Z</time><extensions><mytracks:speed>3.079292906690537</mytracks:speed><mytracks:gradient>0</mytracks:gradient><mytracks:length>0.0008544176816940314</mytracks:length></extensions></trkpt><trkpt lat="-33.95818404756228" lon="150.9535629288518"><ele>21.64616703170779</ele><time>2026-08-02T03:45:38.99800Z</time><extensions><mytracks:speed>2.884476933260256</mytracks:speed><mytracks:gradient>0</mytracks:gradient><mytracks:length>0.0007999390394226703</mytracks:length></extensions></trkpt><trkpt lat="-33.95817728390278" lon="150.9535579415034"><ele>21.56777227270197</ele><time>2026-08-02T03:45:39.99800Z</time><extensions><mytracks:speed>3.16927047961293</mytracks:speed><mytracks:gradient>0</mytracks:gradient><mytracks:length>0.0008803937350929257</mytracks:length></extensions></trkpt><trkpt lat="-33.95817360530556" lon="150.9535532490602"><ele>21.59735762466101</ele><time>2026-08-02T03:45:41.00000Z</time><extensions><mytracks:speed>2.131643134049468</mytracks:speed><mytracks:gradient>0</mytracks:gradient><mytracks:length>0.0005928707457750471</mytracks:length></extensions></trkpt></trkseg></trk></gpx>

